  0
SECTION
  2
ENTITIES
999
DXF created from EnergyPlus
999
Program Version,EnergyPlus, Version 25.2.0-cf7368216c (No OpenGL), YMD=2026.04.27 19:33
999
Polygon Action,TRIANGULATE3DFACE
999
Color Scheme,Default
999
Text - True North
  0
TEXT
  8
1
  6
Continuous
 62
  3
 10
      -20.14350
 20
        3.04880
 30
        0.10000
 40
 .25
  1
True North
 41
 0.0
  7
MONOTXT
210
0.0
220
0.0
230
1.0
999
Text - Building Title
  0
TEXT
  8
1
  6
Continuous
 62
  3
 10
      -23.14350
 20
       -0.95120
 30
        0.10000
 40
 .4
  1
Building - Ref Bldg Small Hotel New2004_v1.3_5.0
 41
 0.0
  7
MONOTXT
210
0.0
220
0.0
230
1.0
999
North Arrow Stem
  0
3DFACE
  8
1
 62
  3
 10
      -19.14350
 20
        3.04880
 30
        0.10000
 11
      -19.14350
 21
        3.04880
 31
        0.00000
 12
      -19.14350
 22
        0.04880
 32
        0.00000
 13
      -19.14350
 23
        0.04880
 33
        0.10000
999
North Arrow Head 1
  0
3DFACE
  8
1
 62
  3
 10
      -19.14350
 20
        3.04880
 30
        0.10000
 11
      -19.14350
 21
        3.04880
 31
        0.00000
 12
      -19.64350
 22
        2.18277
 32
        0.00000
 13
      -19.64350
 23
        2.18277
 33
        0.10000
999
North Arrow Head 2
  0
3DFACE
  8
1
 62
  3
 10
      -19.14350
 20
        3.04880
 30
        0.10000
 11
      -19.14350
 21
        3.04880
 31
        0.00000
 12
      -18.64350
 22
        2.18277
 32
        0.00000
 13
      -18.64350
 23
        2.18277
 33
        0.10000
999
North Arrow Side 1
  0
3DFACE
  8
1
 62
  3
 10
      -19.64350
 20
        4.54880
 30
        0.10000
 11
      -19.64350
 21
        4.54880
 31
        0.00000
 12
      -19.64350
 22
        3.54880
 32
        0.00000
 13
      -19.64350
 23
        3.54880
 33
        0.10000
999
North Arrow Side 2
  0
3DFACE
  8
1
 62
  3
 10
      -19.64350
 20
        4.54880
 30
        0.10000
 11
      -19.64350
 21
        4.54880
 31
        0.00000
 12
      -18.64350
 22
        3.54880
 32
        0.00000
 13
      -18.64350
 23
        3.54880
 33
        0.10000
999
North Arrow Side 3
  0
3DFACE
  8
1
 62
  3
 10
      -18.64350
 20
        4.54880
 30
        0.10000
 11
      -18.64350
 21
        4.54880
 31
        0.00000
 12
      -18.64350
 22
        3.54880
 32
        0.00000
 13
      -18.64350
 23
        3.54880
 33
        0.10000
999
Zone Names
999
Zone=1:CORRIDORFLR1
999
Zone=2:CORRIDORFLR2
999
Zone=3:CORRIDORFLR3
999
Zone=4:CORRIDORFLR4
999
Zone=5:ELEVATORCOREFLR1
999
Zone=6:ELEVATORCOREFLR2
999
Zone=7:ELEVATORCOREFLR3
999
Zone=8:ELEVATORCOREFLR4
999
Zone=9:EMPLOYEELOUNGEFLR1
999
Zone=10:EXERCISECENTERFLR1
999
Zone=11:FRONTLOUNGEFLR1
999
Zone=12:FRONTOFFICEFLR1
999
Zone=13:FRONTSTAIRSFLR1
999
Zone=14:FRONTSTAIRSFLR2
999
Zone=15:FRONTSTAIRSFLR3
999
Zone=16:FRONTSTAIRSFLR4
999
Zone=17:FRONTSTORAGEFLR1
999
Zone=18:FRONTSTORAGEFLR2
999
Zone=19:FRONTSTORAGEFLR3
999
Zone=20:FRONTSTORAGEFLR4
999
Zone=21:GUESTROOM101
999
Zone=22:GUESTROOM102
999
Zone=23:GUESTROOM103
999
Zone=24:GUESTROOM104
999
Zone=25:GUESTROOM105
999
Zone=26:GUESTROOM201
999
Zone=27:GUESTROOM202_205
999
Zone=28:GUESTROOM206_208
999
Zone=29:GUESTROOM209_212
999
Zone=30:GUESTROOM213
999
Zone=31:GUESTROOM214
999
Zone=32:GUESTROOM215_218
999
Zone=33:GUESTROOM219
999
Zone=34:GUESTROOM220_223
999
Zone=35:GUESTROOM224
999
Zone=36:GUESTROOM301
999
Zone=37:GUESTROOM302_305
999
Zone=38:GUESTROOM306_308
999
Zone=39:GUESTROOM309_312
999
Zone=40:GUESTROOM313
999
Zone=41:GUESTROOM314
999
Zone=42:GUESTROOM315_318
999
Zone=43:GUESTROOM319
999
Zone=44:GUESTROOM320_323
999
Zone=45:GUESTROOM324
999
Zone=46:GUESTROOM401
999
Zone=47:GUESTROOM402_405
999
Zone=48:GUESTROOM406_408
999
Zone=49:GUESTROOM409_412
999
Zone=50:GUESTROOM413
999
Zone=51:GUESTROOM414
999
Zone=52:GUESTROOM415_418
999
Zone=53:GUESTROOM419
999
Zone=54:GUESTROOM420_423
999
Zone=55:GUESTROOM424
999
Zone=56:LAUNDRYROOMFLR1
999
Zone=57:MECHANICALROOMFLR1
999
Zone=58:MEETINGROOMFLR1
999
Zone=59:REARSTAIRSFLR1
999
Zone=60:REARSTAIRSFLR2
999
Zone=61:REARSTAIRSFLR3
999
Zone=62:REARSTAIRSFLR4
999
Zone=63:REARSTORAGEFLR1
999
Zone=64:REARSTORAGEFLR2
999
Zone=65:REARSTORAGEFLR3
999
Zone=66:REARSTORAGEFLR4
999
Zone=67:RESTROOMFLR1
999
CORRIDORFLR1:P_CORRIDORFLR1_10003_0_10002
  0
3DFACE
  8
CORRIDORFLR1
 62
 43
 10
       54.91330
 20
       10.10780
 30
        3.35280
 11
       54.91330
 21
       10.10780
 31
        0.00000
 12
       52.47430
 22
       10.10780
 32
        0.00000
 13
       52.47430
 23
       10.10780
 33
        3.35280
999
CORRIDORFLR1:P_CORRIDORFLR1_11_0_0
  0
3DFACE
  8
CORRIDORFLR1
 62
 43
 10
       23.82310
 20
       18.33740
 30
        3.35280
 11
       23.82310
 21
       18.33740
 31
        0.00000
 12
       23.82310
 22
       10.10780
 32
        0.00000
 13
       23.82310
 23
       10.10780
 33
        3.35280
999
CORRIDORFLR1:P_CORRIDORFLR1_12_0_0
  0
3DFACE
  8
CORRIDORFLR1
 62
 43
 10
       23.82310
 20
       10.10780
 30
        3.35280
 11
       23.82310
 21
       10.10780
 31
        0.00000
 12
       19.86070
 22
       10.10780
 32
        0.00000
 13
       19.86070
 23
       10.10780
 33
        3.35280
999
CORRIDORFLR1:P_CORRIDORFLR1_13_0_0
  0
3DFACE
  8
CORRIDORFLR1
 62
 43
 10
       19.86070
 20
       10.10780
 30
        3.35280
 11
       19.86070
 21
       10.10780
 31
        0.00000
 12
        4.01110
 22
       10.10780
 32
        0.00000
 13
        4.01110
 23
       10.10780
 33
        3.35280
999
CORRIDORFLR1:P_CORRIDORFLR1_14_0_0
  0
3DFACE
  8
CORRIDORFLR1
 62
 43
 10
        4.01110
 20
       10.10780
 30
        3.35280
 11
        4.01110
 21
       10.10780
 31
        0.00000
 12
        2.48710
 22
       10.10780
 32
        0.00000
 13
        2.48710
 23
       10.10780
 33
        3.35280
999
CORRIDORFLR1:P_CORRIDORFLR1_15_0_0
  0
3DFACE
  8
CORRIDORFLR1
 62
 43
 10
        2.48710
 20
       10.10780
 30
        3.35280
 11
        2.48710
 21
       10.10780
 31
        0.00000
 12
        0.04870
 22
       10.10780
 32
        0.00000
 13
        0.04870
 23
       10.10780
 33
        3.35280
999
CORRIDORFLR1:P_CORRIDORFLR1_17_0_0
  0
3DFACE
  8
CORRIDORFLR1
 62
 43
 10
        0.04870
 20
        8.27900
 30
        3.35280
 11
        0.04870
 21
        8.27900
 31
        0.00000
 12
       19.86070
 22
        8.27900
 32
        0.00000
 13
       19.86070
 23
        8.27900
 33
        3.35280
999
CORRIDORFLR1:P_CORRIDORFLR1_18_0_0
  0
3DFACE
  8
CORRIDORFLR1
 62
 43
 10
       19.86070
 20
        8.27900
 30
        3.35280
 11
       19.86070
 21
        8.27900
 31
        0.00000
 12
       23.82310
 22
        8.27900
 32
        0.00000
 13
       23.82310
 23
        8.27900
 33
        3.35280
999
CORRIDORFLR1:P_CORRIDORFLR1_19_0_0
  0
3DFACE
  8
CORRIDORFLR1
 62
 43
 10
       23.82310
 20
        8.27900
 30
        3.35280
 11
       23.82310
 21
        8.27900
 31
        0.00000
 12
       23.82310
 22
        0.04880
 32
        0.00000
 13
       23.82310
 23
        0.04880
 33
        3.35280
999
CORRIDORFLR1:P_CORRIDORFLR1_21_0_0
  0
3DFACE
  8
CORRIDORFLR1
 62
 43
 10
       26.87110
 20
        0.04880
 30
        3.35280
 11
       26.87110
 21
        0.04880
 31
        0.00000
 12
       26.87110
 22
        8.27900
 32
        0.00000
 13
       26.87110
 23
        8.27900
 33
        3.35280
999
CORRIDORFLR1:P_CORRIDORFLR1_22_0_0
  0
3DFACE
  8
CORRIDORFLR1
 62
 43
 10
       26.87110
 20
        8.27900
 30
        3.35280
 11
       26.87110
 21
        8.27900
 31
        0.00000
 12
       36.62470
 22
        8.27900
 32
        0.00000
 13
       36.62470
 23
        8.27900
 33
        3.35280
999
CORRIDORFLR1:P_CORRIDORFLR1_23_0_0
  0
3DFACE
  8
CORRIDORFLR1
 62
 43
 10
       36.62470
 20
        8.27900
 30
        3.35280
 11
       36.62470
 21
        8.27900
 31
        0.00000
 12
       40.58710
 22
        8.27900
 32
        0.00000
 13
       40.58710
 23
        8.27900
 33
        3.35280
999
CORRIDORFLR1:P_CORRIDORFLR1_24_0_0
  0
3DFACE
  8
CORRIDORFLR1
 62
 43
 10
       40.58710
 20
        8.27900
 30
        3.35280
 11
       40.58710
 21
        8.27900
 31
        0.00000
 12
       44.54950
 22
        8.27900
 32
        0.00000
 13
       44.54950
 23
        8.27900
 33
        3.35280
999
CORRIDORFLR1:P_CORRIDORFLR1_25_0_0
  0
3DFACE
  8
CORRIDORFLR1
 62
 43
 10
       44.54950
 20
        8.27900
 30
        3.35280
 11
       44.54950
 21
        8.27900
 31
        0.00000
 12
       48.51190
 22
        8.27900
 32
        0.00000
 13
       48.51190
 23
        8.27900
 33
        3.35280
999
CORRIDORFLR1:P_CORRIDORFLR1_26_0_0
  0
3DFACE
  8
CORRIDORFLR1
 62
 43
 10
       48.51190
 20
        8.27900
 30
        3.35280
 11
       48.51190
 21
        8.27900
 31
        0.00000
 12
       52.47430
 22
        8.27900
 32
        0.00000
 13
       52.47430
 23
        8.27900
 33
        3.35280
999
CORRIDORFLR1:P_CORRIDORFLR1_27_0_0
  0
3DFACE
  8
CORRIDORFLR1
 62
 43
 10
       52.47430
 20
        8.27900
 30
        3.35280
 11
       52.47430
 21
        8.27900
 31
        0.00000
 12
       54.91330
 22
        8.27900
 32
        0.00000
 13
       54.91330
 23
        8.27900
 33
        3.35280
999
CORRIDORFLR1:P_CORRIDORFLR1_4_0_0
  0
3DFACE
  8
CORRIDORFLR1
 62
 43
 10
       52.47430
 20
       10.10780
 30
        3.35280
 11
       52.47430
 21
       10.10780
 31
        0.00000
 12
       48.51190
 22
       10.10780
 32
        0.00000
 13
       48.51190
 23
       10.10780
 33
        3.35280
999
CORRIDORFLR1:P_CORRIDORFLR1_5_0_0
  0
3DFACE
  8
CORRIDORFLR1
 62
 43
 10
       48.51190
 20
       10.10780
 30
        3.35280
 11
       48.51190
 21
       10.10780
 31
        0.00000
 12
       44.54950
 22
       10.10780
 32
        0.00000
 13
       44.54950
 23
       10.10780
 33
        3.35280
999
CORRIDORFLR1:P_CORRIDORFLR1_6_0_0
  0
3DFACE
  8
CORRIDORFLR1
 62
 43
 10
       44.54950
 20
       10.10780
 30
        3.35280
 11
       44.54950
 21
       10.10780
 31
        0.00000
 12
       40.58710
 22
       10.10780
 32
        0.00000
 13
       40.58710
 23
       10.10780
 33
        3.35280
999
CORRIDORFLR1:P_CORRIDORFLR1_7_0_0
  0
3DFACE
  8
CORRIDORFLR1
 62
 43
 10
       40.58710
 20
       10.10780
 30
        3.35280
 11
       40.58710
 21
       10.10780
 31
        0.00000
 12
       28.69990
 22
       10.10780
 32
        0.00000
 13
       28.69990
 23
       10.10780
 33
        3.35280
999
CORRIDORFLR1:P_CORRIDORFLR1_8_0_0
  0
3DFACE
  8
CORRIDORFLR1
 62
 43
 10
       28.69990
 20
       10.10780
 30
        3.35280
 11
       28.69990
 21
       10.10780
 31
        0.00000
 12
       26.87110
 22
       10.10780
 32
        0.00000
 13
       26.87110
 23
       10.10780
 33
        3.35280
999
CORRIDORFLR1:P_CORRIDORFLR1_9_0_0
  0
3DFACE
  8
CORRIDORFLR1
 62
 43
 10
       26.87110
 20
       10.10780
 30
        3.35280
 11
       26.87110
 21
       10.10780
 31
        0.00000
 12
       26.87110
 22
       18.33740
 32
        0.00000
 13
       26.87110
 23
       18.33740
 33
        3.35280
999
CORRIDORFLR1:W_CORRIDORFLR1_10_0_0
  0
3DFACE
  8
CORRIDORFLR1
 62
 43
 10
       26.87110
 20
       18.33740
 30
        3.35280
 11
       26.87110
 21
       18.33740
 31
        0.00000
 12
       23.82310
 22
       18.33740
 32
        0.00000
 13
       23.82310
 23
       18.33740
 33
        3.35280
999
CORRIDORFLR1:W_CORRIDORFLR1_16_0_0
  0
3DFACE
  8
CORRIDORFLR1
 62
 43
 10
        0.04870
 20
       10.10780
 30
        3.35280
 11
        0.04870
 21
       10.10780
 31
        0.00000
 12
        0.04870
 22
        8.27900
 32
        0.00000
 13
        0.04870
 23
        8.27900
 33
        3.35280
999
CORRIDORFLR1:D_CORRIDORFLR1_16_0_0_0_0
  0
3DFACE
  8
CORRIDORFLR1
 62
143
 10
        0.04900
 20
       10.10580
 30
        2.43640
 11
        0.04900
 21
       10.10580
 31
        0.00200
 12
        0.04900
 22
        8.28100
 32
        0.00200
 13
        0.04900
 23
        8.28100
 33
        2.43640
999
CORRIDORFLR1:W_CORRIDORFLR1_20_0_0
  0
3DFACE
  8
CORRIDORFLR1
 62
 43
 10
       23.82310
 20
        0.04880
 30
        3.35280
 11
       23.82310
 21
        0.04880
 31
        0.00000
 12
       26.87110
 22
        0.04880
 32
        0.00000
 13
       26.87110
 23
        0.04880
 33
        3.35280
999
CORRIDORFLR1:W_CORRIDORFLR1_20_0_0_0_0
  0
3DFACE
  8
CORRIDORFLR1
 62
143
 10
       24.77700
 20
        0.04880
 30
        2.55080
 11
       24.77700
 21
        0.04880
 31
        0.19240
 12
       25.91700
 22
        0.04880
 32
        0.19240
 13
       25.91700
 23
        0.04880
 33
        2.55080
999
CORRIDORFLR1:W_CORRIDORFLR1_2_0_0
  0
3DFACE
  8
CORRIDORFLR1
 62
 43
 10
       54.91330
 20
        8.27900
 30
        3.35280
 11
       54.91330
 21
        8.27900
 31
        0.00000
 12
       54.91330
 22
       10.10780
 32
        0.00000
 13
       54.91330
 23
       10.10780
 33
        3.35280
999
CORRIDORFLR1:W_CORRIDORFLR1_2_0_0_0_0
  0
3DFACE
  8
CORRIDORFLR1
 62
143
 10
       54.91300
 20
        8.62380
 30
        2.55080
 11
       54.91300
 21
        8.62380
 31
        0.19240
 12
       54.91300
 22
        9.76300
 32
        0.19240
 13
       54.91300
 23
        9.76300
 33
        2.55080
999
CORRIDORFLR1:S_CORRIDORFLR1_0_0_0
  0
3DFACE
  8
CORRIDORFLR1
 62
  8
 10
       26.87110
 20
        8.27900
 30
        0.00000
 11
       26.87110
 21
        0.04880
 31
        0.00000
 12
       23.82310
 22
        0.04880
 32
        0.00000
 13
       23.82310
 23
        0.04880
 33
        0.00000
  0
3DFACE
  8
CORRIDORFLR1
 62
  8
 10
       26.87110
 20
        8.27900
 30
        0.00000
 11
       23.82310
 21
        0.04880
 31
        0.00000
 12
       23.82310
 22
        8.27900
 32
        0.00000
 13
       23.82310
 23
        8.27900
 33
        0.00000
  0
3DFACE
  8
CORRIDORFLR1
 62
  8
 10
       54.91330
 20
        8.27900
 30
        0.00000
 11
       26.87110
 21
        8.27900
 31
        0.00000
 12
       23.82310
 22
        8.27900
 32
        0.00000
 13
       23.82310
 23
        8.27900
 33
        0.00000
  0
3DFACE
  8
CORRIDORFLR1
 62
  8
 10
       54.91330
 20
        8.27900
 30
        0.00000
 11
       23.82310
 21
        8.27900
 31
        0.00000
 12
        0.04870
 22
        8.27900
 32
        0.00000
 13
        0.04870
 23
        8.27900
 33
        0.00000
  0
3DFACE
  8
CORRIDORFLR1
 62
  8
 10
       54.91330
 20
        8.27900
 30
        0.00000
 11
        0.04870
 21
        8.27900
 31
        0.00000
 12
        0.04870
 22
       10.10780
 32
        0.00000
 13
        0.04870
 23
       10.10780
 33
        0.00000
  0
3DFACE
  8
CORRIDORFLR1
 62
  8
 10
       54.91330
 20
        8.27900
 30
        0.00000
 11
        0.04870
 21
       10.10780
 31
        0.00000
 12
       23.82310
 22
       10.10780
 32
        0.00000
 13
       23.82310
 23
       10.10780
 33
        0.00000
  0
3DFACE
  8
CORRIDORFLR1
 62
  8
 10
       23.82310
 20
       10.10780
 30
        0.00000
 11
       23.82310
 21
       18.33740
 31
        0.00000
 12
       26.87110
 22
       18.33740
 32
        0.00000
 13
       26.87110
 23
       18.33740
 33
        0.00000
  0
3DFACE
  8
CORRIDORFLR1
 62
  8
 10
       26.87110
 20
       10.10780
 30
        0.00000
 11
       54.91330
 21
       10.10780
 31
        0.00000
 12
       54.91330
 22
        8.27900
 32
        0.00000
 13
       54.91330
 23
        8.27900
 33
        0.00000
  0
3DFACE
  8
CORRIDORFLR1
 62
  8
 10
       26.87110
 20
       10.10780
 30
        0.00000
 11
       54.91330
 21
        8.27900
 31
        0.00000
 12
       23.82310
 22
       10.10780
 32
        0.00000
 13
       23.82310
 23
       10.10780
 33
        0.00000
  0
3DFACE
  8
CORRIDORFLR1
 62
  8
 10
       23.82310
 20
       10.10780
 30
        0.00000
 11
       26.87110
 21
       18.33740
 31
        0.00000
 12
       26.87110
 22
       10.10780
 32
        0.00000
 13
       26.87110
 23
       10.10780
 33
        0.00000
999
CORRIDORFLR1:C_CORRIDORFLR1_1_0_0
  0
3DFACE
  8
CORRIDORFLR1
 62
 15
 10
        0.04870
 20
        8.27900
 30
        3.35280
 11
       54.91330
 21
        8.27900
 31
        3.35280
 12
       54.91330
 22
       10.10780
 32
        3.35280
 13
       54.91330
 23
       10.10780
 33
        3.35280
  0
3DFACE
  8
CORRIDORFLR1
 62
 15
 10
        0.04870
 20
        8.27900
 30
        3.35280
 11
       54.91330
 21
       10.10780
 31
        3.35280
 12
       26.87110
 22
       10.10780
 32
        3.35280
 13
       26.87110
 23
       10.10780
 33
        3.35280
  0
3DFACE
  8
CORRIDORFLR1
 62
 15
 10
       26.87110
 20
       10.10780
 30
        3.35280
 11
       26.87110
 21
       18.33740
 31
        3.35280
 12
       23.82310
 22
       18.33740
 32
        3.35280
 13
       23.82310
 23
       18.33740
 33
        3.35280
  0
3DFACE
  8
CORRIDORFLR1
 62
 15
 10
       26.87110
 20
       10.10780
 30
        3.35280
 11
       23.82310
 21
       18.33740
 31
        3.35280
 12
       23.82310
 22
       10.10780
 32
        3.35280
 13
       23.82310
 23
       10.10780
 33
        3.35280
  0
3DFACE
  8
CORRIDORFLR1
 62
 15
 10
        0.04870
 20
        8.27900
 30
        3.35280
 11
       26.87110
 21
       10.10780
 31
        3.35280
 12
       23.82310
 22
       10.10780
 32
        3.35280
 13
       23.82310
 23
       10.10780
 33
        3.35280
  0
3DFACE
  8
CORRIDORFLR1
 62
 15
 10
        0.04870
 20
        8.27900
 30
        3.35280
 11
       23.82310
 21
       10.10780
 31
        3.35280
 12
        0.04870
 22
       10.10780
 32
        3.35280
 13
        0.04870
 23
       10.10780
 33
        3.35280
999
CORRIDORFLR1:C_CORRIDORFLR1_1_1_0
  0
3DFACE
  8
CORRIDORFLR1
 62
 15
 10
       23.82310
 20
        0.04880
 30
        3.35280
 11
       26.87110
 21
        0.04880
 31
        3.35280
 12
       26.87110
 22
        8.27900
 32
        3.35280
 13
       23.82310
 23
        8.27900
 33
        3.35280
999
CORRIDORFLR1:ENTRY CANOPY
  0
3DFACE
  8
CORRIDORFLR1
 62
 13
 10
        0.00000
 20
        4.57180
 30
        3.35260
 11
        0.00000
 21
       13.71530
 31
        3.35260
 12
       -9.14350
 22
       13.71530
 32
        3.35260
 13
       -9.14350
 23
        4.57180
 33
        3.35260
999
CORRIDORFLR1:Mir-ENTRY CANOPY
  0
3DFACE
  8
CORRIDORFLR1
 62
 13
 10
       -9.14350
 20
        4.57180
 30
        3.35260
 11
       -9.14350
 21
       13.71530
 31
        3.35260
 12
        0.00000
 22
       13.71530
 32
        3.35260
 13
        0.00000
 23
        4.57180
 33
        3.35260
999
CORRIDORFLR2:P_CORRIDORFLR2_10100_0_10062
  0
3DFACE
  8
CORRIDORFLR2
 62
 43
 10
       54.91330
 20
       10.10780
 30
        6.09600
 11
       54.91330
 21
       10.10780
 31
        3.35280
 12
       52.47430
 22
       10.10780
 32
        3.35280
 13
       52.47430
 23
       10.10780
 33
        6.09600
999
CORRIDORFLR2:P_CORRIDORFLR2_10_0_0
  0
3DFACE
  8
CORRIDORFLR2
 62
 43
 10
       23.82310
 20
       18.33740
 30
        6.09600
 11
       23.82310
 21
       18.33740
 31
        3.35280
 12
       23.82310
 22
       10.10780
 32
        3.35280
 13
       23.82310
 23
       10.10780
 33
        6.09600
999
CORRIDORFLR2:P_CORRIDORFLR2_11_0_0
  0
3DFACE
  8
CORRIDORFLR2
 62
 43
 10
       23.82310
 20
       10.10780
 30
        6.09600
 11
       23.82310
 21
       10.10780
 31
        3.35280
 12
        7.97350
 22
       10.10780
 32
        3.35280
 13
        7.97350
 23
       10.10780
 33
        6.09600
999
CORRIDORFLR2:P_CORRIDORFLR2_12_0_0
  0
3DFACE
  8
CORRIDORFLR2
 62
 43
 10
        7.97350
 20
       10.10780
 30
        6.09600
 11
        7.97350
 21
       10.10780
 31
        3.35280
 12
        4.01110
 22
       10.10780
 32
        3.35280
 13
        4.01110
 23
       10.10780
 33
        6.09600
999
CORRIDORFLR2:P_CORRIDORFLR2_13_0_0
  0
3DFACE
  8
CORRIDORFLR2
 62
 43
 10
        4.01110
 20
       10.10780
 30
        6.09600
 11
        4.01110
 21
       10.10780
 31
        3.35280
 12
        2.48710
 22
       10.10780
 32
        3.35280
 13
        2.48710
 23
       10.10780
 33
        6.09600
999
CORRIDORFLR2:P_CORRIDORFLR2_14_0_0
  0
3DFACE
  8
CORRIDORFLR2
 62
 43
 10
        2.48710
 20
       10.10780
 30
        6.09600
 11
        2.48710
 21
       10.10780
 31
        3.35280
 12
        0.04870
 22
       10.10780
 32
        3.35280
 13
        0.04870
 23
       10.10780
 33
        6.09600
999
CORRIDORFLR2:P_CORRIDORFLR2_16_0_0
  0
3DFACE
  8
CORRIDORFLR2
 62
 43
 10
        0.04870
 20
        8.27900
 30
        6.09600
 11
        0.04870
 21
        8.27900
 31
        3.35280
 12
        4.01110
 22
        8.27900
 32
        3.35280
 13
        4.01110
 23
        8.27900
 33
        6.09600
999
CORRIDORFLR2:P_CORRIDORFLR2_17_0_0
  0
3DFACE
  8
CORRIDORFLR2
 62
 43
 10
        4.01110
 20
        8.27900
 30
        6.09600
 11
        4.01110
 21
        8.27900
 31
        3.35280
 12
       19.86070
 22
        8.27900
 32
        3.35280
 13
       19.86070
 23
        8.27900
 33
        6.09600
999
CORRIDORFLR2:P_CORRIDORFLR2_18_0_0
  0
3DFACE
  8
CORRIDORFLR2
 62
 43
 10
       19.86070
 20
        8.27900
 30
        6.09600
 11
       19.86070
 21
        8.27900
 31
        3.35280
 12
       32.66230
 22
        8.27900
 32
        3.35280
 13
       32.66230
 23
        8.27900
 33
        6.09600
999
CORRIDORFLR2:P_CORRIDORFLR2_19_0_0
  0
3DFACE
  8
CORRIDORFLR2
 62
 43
 10
       32.66230
 20
        8.27900
 30
        6.09600
 11
       32.66230
 21
        8.27900
 31
        3.35280
 12
       48.51190
 22
        8.27900
 32
        3.35280
 13
       48.51190
 23
        8.27900
 33
        6.09600
999
CORRIDORFLR2:P_CORRIDORFLR2_20_0_0
  0
3DFACE
  8
CORRIDORFLR2
 62
 43
 10
       48.51190
 20
        8.27900
 30
        6.09600
 11
       48.51190
 21
        8.27900
 31
        3.35280
 12
       52.47430
 22
        8.27900
 32
        3.35280
 13
       52.47430
 23
        8.27900
 33
        6.09600
999
CORRIDORFLR2:P_CORRIDORFLR2_21_0_0
  0
3DFACE
  8
CORRIDORFLR2
 62
 43
 10
       52.47430
 20
        8.27900
 30
        6.09600
 11
       52.47430
 21
        8.27900
 31
        3.35280
 12
       54.91330
 22
        8.27900
 32
        3.35280
 13
       54.91330
 23
        8.27900
 33
        6.09600
999
CORRIDORFLR2:P_CORRIDORFLR2_4_0_0
  0
3DFACE
  8
CORRIDORFLR2
 62
 43
 10
       52.47430
 20
       10.10780
 30
        6.09600
 11
       52.47430
 21
       10.10780
 31
        3.35280
 12
       48.51190
 22
       10.10780
 32
        3.35280
 13
       48.51190
 23
       10.10780
 33
        6.09600
999
CORRIDORFLR2:P_CORRIDORFLR2_5_0_0
  0
3DFACE
  8
CORRIDORFLR2
 62
 43
 10
       48.51190
 20
       10.10780
 30
        6.09600
 11
       48.51190
 21
       10.10780
 31
        3.35280
 12
       32.66230
 22
       10.10780
 32
        3.35280
 13
       32.66230
 23
       10.10780
 33
        6.09600
999
CORRIDORFLR2:P_CORRIDORFLR2_6_0_0
  0
3DFACE
  8
CORRIDORFLR2
 62
 43
 10
       32.66230
 20
       10.10780
 30
        6.09600
 11
       32.66230
 21
       10.10780
 31
        3.35280
 12
       28.69990
 22
       10.10780
 32
        3.35280
 13
       28.69990
 23
       10.10780
 33
        6.09600
999
CORRIDORFLR2:P_CORRIDORFLR2_7_0_0
  0
3DFACE
  8
CORRIDORFLR2
 62
 43
 10
       28.69990
 20
       10.10780
 30
        6.09600
 11
       28.69990
 21
       10.10780
 31
        3.35280
 12
       26.87110
 22
       10.10780
 32
        3.35280
 13
       26.87110
 23
       10.10780
 33
        6.09600
999
CORRIDORFLR2:P_CORRIDORFLR2_8_0_0
  0
3DFACE
  8
CORRIDORFLR2
 62
 43
 10
       26.87110
 20
       10.10780
 30
        6.09600
 11
       26.87110
 21
       10.10780
 31
        3.35280
 12
       26.87110
 22
       18.33740
 32
        3.35280
 13
       26.87110
 23
       18.33740
 33
        6.09600
999
CORRIDORFLR2:W_CORRIDORFLR2_15_0_0
  0
3DFACE
  8
CORRIDORFLR2
 62
 43
 10
        0.04870
 20
       10.10780
 30
        6.09600
 11
        0.04870
 21
       10.10780
 31
        3.35280
 12
        0.04870
 22
        8.27900
 32
        3.35280
 13
        0.04870
 23
        8.27900
 33
        6.09600
999
CORRIDORFLR2:W_CORRIDORFLR2_15_0_0_0_0
  0
3DFACE
  8
CORRIDORFLR2
 62
143
 10
        0.04900
 20
        9.65510
 30
        5.61280
 11
        0.04900
 21
        9.65510
 31
        4.19280
 12
        0.04900
 22
        8.73170
 32
        4.19280
 13
        0.04900
 23
        8.73170
 33
        5.61280
999
CORRIDORFLR2:W_CORRIDORFLR2_2_0_0
  0
3DFACE
  8
CORRIDORFLR2
 62
 43
 10
       54.91330
 20
        8.27900
 30
        6.09600
 11
       54.91330
 21
        8.27900
 31
        3.35280
 12
       54.91330
 22
       10.10780
 32
        3.35280
 13
       54.91330
 23
       10.10780
 33
        6.09600
999
CORRIDORFLR2:W_CORRIDORFLR2_2_0_0_0_0
  0
3DFACE
  8
CORRIDORFLR2
 62
143
 10
       54.91300
 20
        8.73170
 30
        5.61280
 11
       54.91300
 21
        8.73170
 31
        4.19280
 12
       54.91300
 22
        9.65510
 32
        4.19280
 13
       54.91300
 23
        9.65510
 33
        5.61280
999
CORRIDORFLR2:W_CORRIDORFLR2_9_0_0
  0
3DFACE
  8
CORRIDORFLR2
 62
 43
 10
       26.87110
 20
       18.33740
 30
        6.09600
 11
       26.87110
 21
       18.33740
 31
        3.35280
 12
       23.82310
 22
       18.33740
 32
        3.35280
 13
       23.82310
 23
       18.33740
 33
        6.09600
999
CORRIDORFLR2:F_CORRIDORFLR2_10004_0_10003
  0
3DFACE
  8
CORRIDORFLR2
 62
  8
 10
       54.91330
 20
        8.27900
 30
        3.35280
 11
        0.04870
 21
        8.27900
 31
        3.35280
 12
        0.04870
 22
       10.10780
 32
        3.35280
 13
        0.04870
 23
       10.10780
 33
        3.35280
  0
3DFACE
  8
CORRIDORFLR2
 62
  8
 10
       54.91330
 20
        8.27900
 30
        3.35280
 11
        0.04870
 21
       10.10780
 31
        3.35280
 12
       23.82310
 22
       10.10780
 32
        3.35280
 13
       23.82310
 23
       10.10780
 33
        3.35280
  0
3DFACE
  8
CORRIDORFLR2
 62
  8
 10
       23.82310
 20
       10.10780
 30
        3.35280
 11
       23.82310
 21
       18.33740
 31
        3.35280
 12
       26.87110
 22
       18.33740
 32
        3.35280
 13
       26.87110
 23
       18.33740
 33
        3.35280
  0
3DFACE
  8
CORRIDORFLR2
 62
  8
 10
       26.87110
 20
       10.10780
 30
        3.35280
 11
       54.91330
 21
       10.10780
 31
        3.35280
 12
       54.91330
 22
        8.27900
 32
        3.35280
 13
       54.91330
 23
        8.27900
 33
        3.35280
  0
3DFACE
  8
CORRIDORFLR2
 62
  8
 10
       26.87110
 20
       10.10780
 30
        3.35280
 11
       54.91330
 21
        8.27900
 31
        3.35280
 12
       23.82310
 22
       10.10780
 32
        3.35280
 13
       23.82310
 23
       10.10780
 33
        3.35280
  0
3DFACE
  8
CORRIDORFLR2
 62
  8
 10
       23.82310
 20
       10.10780
 30
        3.35280
 11
       26.87110
 21
       18.33740
 31
        3.35280
 12
       26.87110
 22
       10.10780
 32
        3.35280
 13
       26.87110
 23
       10.10780
 33
        3.35280
999
CORRIDORFLR2:C_CORRIDORFLR2_1_0_0
  0
3DFACE
  8
CORRIDORFLR2
 62
 15
 10
        0.04870
 20
        8.27900
 30
        6.09600
 11
       54.91330
 21
        8.27900
 31
        6.09600
 12
       54.91330
 22
       10.10780
 32
        6.09600
 13
       54.91330
 23
       10.10780
 33
        6.09600
  0
3DFACE
  8
CORRIDORFLR2
 62
 15
 10
        0.04870
 20
        8.27900
 30
        6.09600
 11
       54.91330
 21
       10.10780
 31
        6.09600
 12
       26.87110
 22
       10.10780
 32
        6.09600
 13
       26.87110
 23
       10.10780
 33
        6.09600
  0
3DFACE
  8
CORRIDORFLR2
 62
 15
 10
       26.87110
 20
       10.10780
 30
        6.09600
 11
       26.87110
 21
       18.33740
 31
        6.09600
 12
       23.82310
 22
       18.33740
 32
        6.09600
 13
       23.82310
 23
       18.33740
 33
        6.09600
  0
3DFACE
  8
CORRIDORFLR2
 62
 15
 10
       26.87110
 20
       10.10780
 30
        6.09600
 11
       23.82310
 21
       18.33740
 31
        6.09600
 12
       23.82310
 22
       10.10780
 32
        6.09600
 13
       23.82310
 23
       10.10780
 33
        6.09600
  0
3DFACE
  8
CORRIDORFLR2
 62
 15
 10
        0.04870
 20
        8.27900
 30
        6.09600
 11
       26.87110
 21
       10.10780
 31
        6.09600
 12
       23.82310
 22
       10.10780
 32
        6.09600
 13
       23.82310
 23
       10.10780
 33
        6.09600
  0
3DFACE
  8
CORRIDORFLR2
 62
 15
 10
        0.04870
 20
        8.27900
 30
        6.09600
 11
       23.82310
 21
       10.10780
 31
        6.09600
 12
        0.04870
 22
       10.10780
 32
        6.09600
 13
        0.04870
 23
       10.10780
 33
        6.09600
999
CORRIDORFLR3:P_CORRIDORFLR3_10198_0_10107
  0
3DFACE
  8
CORRIDORFLR3
 62
 43
 10
       54.91330
 20
       10.10780
 30
        8.83920
 11
       54.91330
 21
       10.10780
 31
        6.09600
 12
       52.47430
 22
       10.10780
 32
        6.09600
 13
       52.47430
 23
       10.10780
 33
        8.83920
999
CORRIDORFLR3:P_CORRIDORFLR3_10_0_0
  0
3DFACE
  8
CORRIDORFLR3
 62
 43
 10
       23.82310
 20
       18.33740
 30
        8.83920
 11
       23.82310
 21
       18.33740
 31
        6.09600
 12
       23.82310
 22
       10.10780
 32
        6.09600
 13
       23.82310
 23
       10.10780
 33
        8.83920
999
CORRIDORFLR3:P_CORRIDORFLR3_11_0_0
  0
3DFACE
  8
CORRIDORFLR3
 62
 43
 10
       23.82310
 20
       10.10780
 30
        8.83920
 11
       23.82310
 21
       10.10780
 31
        6.09600
 12
        7.97350
 22
       10.10780
 32
        6.09600
 13
        7.97350
 23
       10.10780
 33
        8.83920
999
CORRIDORFLR3:P_CORRIDORFLR3_12_0_0
  0
3DFACE
  8
CORRIDORFLR3
 62
 43
 10
        7.97350
 20
       10.10780
 30
        8.83920
 11
        7.97350
 21
       10.10780
 31
        6.09600
 12
        4.01110
 22
       10.10780
 32
        6.09600
 13
        4.01110
 23
       10.10780
 33
        8.83920
999
CORRIDORFLR3:P_CORRIDORFLR3_13_0_0
  0
3DFACE
  8
CORRIDORFLR3
 62
 43
 10
        4.01110
 20
       10.10780
 30
        8.83920
 11
        4.01110
 21
       10.10780
 31
        6.09600
 12
        2.48710
 22
       10.10780
 32
        6.09600
 13
        2.48710
 23
       10.10780
 33
        8.83920
999
CORRIDORFLR3:P_CORRIDORFLR3_14_0_0
  0
3DFACE
  8
CORRIDORFLR3
 62
 43
 10
        2.48710
 20
       10.10780
 30
        8.83920
 11
        2.48710
 21
       10.10780
 31
        6.09600
 12
        0.04870
 22
       10.10780
 32
        6.09600
 13
        0.04870
 23
       10.10780
 33
        8.83920
999
CORRIDORFLR3:P_CORRIDORFLR3_16_0_0
  0
3DFACE
  8
CORRIDORFLR3
 62
 43
 10
        0.04870
 20
        8.27900
 30
        8.83920
 11
        0.04870
 21
        8.27900
 31
        6.09600
 12
        4.01110
 22
        8.27900
 32
        6.09600
 13
        4.01110
 23
        8.27900
 33
        8.83920
999
CORRIDORFLR3:P_CORRIDORFLR3_17_0_0
  0
3DFACE
  8
CORRIDORFLR3
 62
 43
 10
        4.01110
 20
        8.27900
 30
        8.83920
 11
        4.01110
 21
        8.27900
 31
        6.09600
 12
       19.86070
 22
        8.27900
 32
        6.09600
 13
       19.86070
 23
        8.27900
 33
        8.83920
999
CORRIDORFLR3:P_CORRIDORFLR3_18_0_0
  0
3DFACE
  8
CORRIDORFLR3
 62
 43
 10
       19.86070
 20
        8.27900
 30
        8.83920
 11
       19.86070
 21
        8.27900
 31
        6.09600
 12
       32.66230
 22
        8.27900
 32
        6.09600
 13
       32.66230
 23
        8.27900
 33
        8.83920
999
CORRIDORFLR3:P_CORRIDORFLR3_19_0_0
  0
3DFACE
  8
CORRIDORFLR3
 62
 43
 10
       32.66230
 20
        8.27900
 30
        8.83920
 11
       32.66230
 21
        8.27900
 31
        6.09600
 12
       48.51190
 22
        8.27900
 32
        6.09600
 13
       48.51190
 23
        8.27900
 33
        8.83920
999
CORRIDORFLR3:P_CORRIDORFLR3_20_0_0
  0
3DFACE
  8
CORRIDORFLR3
 62
 43
 10
       48.51190
 20
        8.27900
 30
        8.83920
 11
       48.51190
 21
        8.27900
 31
        6.09600
 12
       52.47430
 22
        8.27900
 32
        6.09600
 13
       52.47430
 23
        8.27900
 33
        8.83920
999
CORRIDORFLR3:P_CORRIDORFLR3_21_0_0
  0
3DFACE
  8
CORRIDORFLR3
 62
 43
 10
       52.47430
 20
        8.27900
 30
        8.83920
 11
       52.47430
 21
        8.27900
 31
        6.09600
 12
       54.91330
 22
        8.27900
 32
        6.09600
 13
       54.91330
 23
        8.27900
 33
        8.83920
999
CORRIDORFLR3:P_CORRIDORFLR3_4_0_0
  0
3DFACE
  8
CORRIDORFLR3
 62
 43
 10
       52.47430
 20
       10.10780
 30
        8.83920
 11
       52.47430
 21
       10.10780
 31
        6.09600
 12
       48.51190
 22
       10.10780
 32
        6.09600
 13
       48.51190
 23
       10.10780
 33
        8.83920
999
CORRIDORFLR3:P_CORRIDORFLR3_5_0_0
  0
3DFACE
  8
CORRIDORFLR3
 62
 43
 10
       48.51190
 20
       10.10780
 30
        8.83920
 11
       48.51190
 21
       10.10780
 31
        6.09600
 12
       32.66230
 22
       10.10780
 32
        6.09600
 13
       32.66230
 23
       10.10780
 33
        8.83920
999
CORRIDORFLR3:P_CORRIDORFLR3_6_0_0
  0
3DFACE
  8
CORRIDORFLR3
 62
 43
 10
       32.66230
 20
       10.10780
 30
        8.83920
 11
       32.66230
 21
       10.10780
 31
        6.09600
 12
       28.69990
 22
       10.10780
 32
        6.09600
 13
       28.69990
 23
       10.10780
 33
        8.83920
999
CORRIDORFLR3:P_CORRIDORFLR3_7_0_0
  0
3DFACE
  8
CORRIDORFLR3
 62
 43
 10
       28.69990
 20
       10.10780
 30
        8.83920
 11
       28.69990
 21
       10.10780
 31
        6.09600
 12
       26.87110
 22
       10.10780
 32
        6.09600
 13
       26.87110
 23
       10.10780
 33
        8.83920
999
CORRIDORFLR3:P_CORRIDORFLR3_8_0_0
  0
3DFACE
  8
CORRIDORFLR3
 62
 43
 10
       26.87110
 20
       10.10780
 30
        8.83920
 11
       26.87110
 21
       10.10780
 31
        6.09600
 12
       26.87110
 22
       18.33740
 32
        6.09600
 13
       26.87110
 23
       18.33740
 33
        8.83920
999
CORRIDORFLR3:W_CORRIDORFLR3_15_0_0
  0
3DFACE
  8
CORRIDORFLR3
 62
 43
 10
        0.04870
 20
       10.10780
 30
        8.83920
 11
        0.04870
 21
       10.10780
 31
        6.09600
 12
        0.04870
 22
        8.27900
 32
        6.09600
 13
        0.04870
 23
        8.27900
 33
        8.83920
999
CORRIDORFLR3:W_CORRIDORFLR3_15_0_0_0_0
  0
3DFACE
  8
CORRIDORFLR3
 62
143
 10
        0.04900
 20
        9.65510
 30
        8.35600
 11
        0.04900
 21
        9.65510
 31
        6.93600
 12
        0.04900
 22
        8.73170
 32
        6.93600
 13
        0.04900
 23
        8.73170
 33
        8.35600
999
CORRIDORFLR3:W_CORRIDORFLR3_2_0_0
  0
3DFACE
  8
CORRIDORFLR3
 62
 43
 10
       54.91330
 20
        8.27900
 30
        8.83920
 11
       54.91330
 21
        8.27900
 31
        6.09600
 12
       54.91330
 22
       10.10780
 32
        6.09600
 13
       54.91330
 23
       10.10780
 33
        8.83920
999
CORRIDORFLR3:W_CORRIDORFLR3_2_0_0_0_0
  0
3DFACE
  8
CORRIDORFLR3
 62
143
 10
       54.91300
 20
        8.73170
 30
        8.35600
 11
       54.91300
 21
        8.73170
 31
        6.93600
 12
       54.91300
 22
        9.65510
 32
        6.93600
 13
       54.91300
 23
        9.65510
 33
        8.35600
999
CORRIDORFLR3:W_CORRIDORFLR3_9_0_0
  0
3DFACE
  8
CORRIDORFLR3
 62
 43
 10
       26.87110
 20
       18.33740
 30
        8.83920
 11
       26.87110
 21
       18.33740
 31
        6.09600
 12
       23.82310
 22
       18.33740
 32
        6.09600
 13
       23.82310
 23
       18.33740
 33
        8.83920
999
CORRIDORFLR3:F_CORRIDORFLR3_10102_0_10063
  0
3DFACE
  8
CORRIDORFLR3
 62
  8
 10
       54.91330
 20
        8.27900
 30
        6.09600
 11
        0.04870
 21
        8.27900
 31
        6.09600
 12
        0.04870
 22
       10.10780
 32
        6.09600
 13
        0.04870
 23
       10.10780
 33
        6.09600
  0
3DFACE
  8
CORRIDORFLR3
 62
  8
 10
       54.91330
 20
        8.27900
 30
        6.09600
 11
        0.04870
 21
       10.10780
 31
        6.09600
 12
       23.82310
 22
       10.10780
 32
        6.09600
 13
       23.82310
 23
       10.10780
 33
        6.09600
  0
3DFACE
  8
CORRIDORFLR3
 62
  8
 10
       23.82310
 20
       10.10780
 30
        6.09600
 11
       23.82310
 21
       18.33740
 31
        6.09600
 12
       26.87110
 22
       18.33740
 32
        6.09600
 13
       26.87110
 23
       18.33740
 33
        6.09600
  0
3DFACE
  8
CORRIDORFLR3
 62
  8
 10
       26.87110
 20
       10.10780
 30
        6.09600
 11
       54.91330
 21
       10.10780
 31
        6.09600
 12
       54.91330
 22
        8.27900
 32
        6.09600
 13
       54.91330
 23
        8.27900
 33
        6.09600
  0
3DFACE
  8
CORRIDORFLR3
 62
  8
 10
       26.87110
 20
       10.10780
 30
        6.09600
 11
       54.91330
 21
        8.27900
 31
        6.09600
 12
       23.82310
 22
       10.10780
 32
        6.09600
 13
       23.82310
 23
       10.10780
 33
        6.09600
  0
3DFACE
  8
CORRIDORFLR3
 62
  8
 10
       23.82310
 20
       10.10780
 30
        6.09600
 11
       26.87110
 21
       18.33740
 31
        6.09600
 12
       26.87110
 22
       10.10780
 32
        6.09600
 13
       26.87110
 23
       10.10780
 33
        6.09600
999
CORRIDORFLR3:C_CORRIDORFLR3_1_0_0
  0
3DFACE
  8
CORRIDORFLR3
 62
 15
 10
        0.04870
 20
        8.27900
 30
        8.83920
 11
       54.91330
 21
        8.27900
 31
        8.83920
 12
       54.91330
 22
       10.10780
 32
        8.83920
 13
       54.91330
 23
       10.10780
 33
        8.83920
  0
3DFACE
  8
CORRIDORFLR3
 62
 15
 10
        0.04870
 20
        8.27900
 30
        8.83920
 11
       54.91330
 21
       10.10780
 31
        8.83920
 12
       26.87110
 22
       10.10780
 32
        8.83920
 13
       26.87110
 23
       10.10780
 33
        8.83920
  0
3DFACE
  8
CORRIDORFLR3
 62
 15
 10
       26.87110
 20
       10.10780
 30
        8.83920
 11
       26.87110
 21
       18.33740
 31
        8.83920
 12
       23.82310
 22
       18.33740
 32
        8.83920
 13
       23.82310
 23
       18.33740
 33
        8.83920
  0
3DFACE
  8
CORRIDORFLR3
 62
 15
 10
       26.87110
 20
       10.10780
 30
        8.83920
 11
       23.82310
 21
       18.33740
 31
        8.83920
 12
       23.82310
 22
       10.10780
 32
        8.83920
 13
       23.82310
 23
       10.10780
 33
        8.83920
  0
3DFACE
  8
CORRIDORFLR3
 62
 15
 10
        0.04870
 20
        8.27900
 30
        8.83920
 11
       26.87110
 21
       10.10780
 31
        8.83920
 12
       23.82310
 22
       10.10780
 32
        8.83920
 13
       23.82310
 23
       10.10780
 33
        8.83920
  0
3DFACE
  8
CORRIDORFLR3
 62
 15
 10
        0.04870
 20
        8.27900
 30
        8.83920
 11
       23.82310
 21
       10.10780
 31
        8.83920
 12
        0.04870
 22
       10.10780
 32
        8.83920
 13
        0.04870
 23
       10.10780
 33
        8.83920
999
CORRIDORFLR4:P_CORRIDORFLR4_10287_0_10151
  0
3DFACE
  8
CORRIDORFLR4
 62
 43
 10
       54.91330
 20
       10.10780
 30
       11.58240
 11
       54.91330
 21
       10.10780
 31
        8.83920
 12
       52.47430
 22
       10.10780
 32
        8.83920
 13
       52.47430
 23
       10.10780
 33
       11.58240
999
CORRIDORFLR4:P_CORRIDORFLR4_10_0_0
  0
3DFACE
  8
CORRIDORFLR4
 62
 43
 10
       23.82310
 20
       18.33740
 30
       11.58240
 11
       23.82310
 21
       18.33740
 31
        8.83920
 12
       23.82310
 22
       10.10780
 32
        8.83920
 13
       23.82310
 23
       10.10780
 33
       11.58240
999
CORRIDORFLR4:P_CORRIDORFLR4_11_0_0
  0
3DFACE
  8
CORRIDORFLR4
 62
 43
 10
       23.82310
 20
       10.10780
 30
       11.58240
 11
       23.82310
 21
       10.10780
 31
        8.83920
 12
        7.97350
 22
       10.10780
 32
        8.83920
 13
        7.97350
 23
       10.10780
 33
       11.58240
999
CORRIDORFLR4:P_CORRIDORFLR4_12_0_0
  0
3DFACE
  8
CORRIDORFLR4
 62
 43
 10
        7.97350
 20
       10.10780
 30
       11.58240
 11
        7.97350
 21
       10.10780
 31
        8.83920
 12
        4.01110
 22
       10.10780
 32
        8.83920
 13
        4.01110
 23
       10.10780
 33
       11.58240
999
CORRIDORFLR4:P_CORRIDORFLR4_13_0_0
  0
3DFACE
  8
CORRIDORFLR4
 62
 43
 10
        4.01110
 20
       10.10780
 30
       11.58240
 11
        4.01110
 21
       10.10780
 31
        8.83920
 12
        2.48710
 22
       10.10780
 32
        8.83920
 13
        2.48710
 23
       10.10780
 33
       11.58240
999
CORRIDORFLR4:P_CORRIDORFLR4_14_0_0
  0
3DFACE
  8
CORRIDORFLR4
 62
 43
 10
        2.48710
 20
       10.10780
 30
       11.58240
 11
        2.48710
 21
       10.10780
 31
        8.83920
 12
        0.04870
 22
       10.10780
 32
        8.83920
 13
        0.04870
 23
       10.10780
 33
       11.58240
999
CORRIDORFLR4:P_CORRIDORFLR4_16_0_0
  0
3DFACE
  8
CORRIDORFLR4
 62
 43
 10
        0.04870
 20
        8.27900
 30
       11.58240
 11
        0.04870
 21
        8.27900
 31
        8.83920
 12
        4.01110
 22
        8.27900
 32
        8.83920
 13
        4.01110
 23
        8.27900
 33
       11.58240
999
CORRIDORFLR4:P_CORRIDORFLR4_17_0_0
  0
3DFACE
  8
CORRIDORFLR4
 62
 43
 10
        4.01110
 20
        8.27900
 30
       11.58240
 11
        4.01110
 21
        8.27900
 31
        8.83920
 12
       19.86070
 22
        8.27900
 32
        8.83920
 13
       19.86070
 23
        8.27900
 33
       11.58240
999
CORRIDORFLR4:P_CORRIDORFLR4_18_0_0
  0
3DFACE
  8
CORRIDORFLR4
 62
 43
 10
       19.86070
 20
        8.27900
 30
       11.58240
 11
       19.86070
 21
        8.27900
 31
        8.83920
 12
       32.66230
 22
        8.27900
 32
        8.83920
 13
       32.66230
 23
        8.27900
 33
       11.58240
999
CORRIDORFLR4:P_CORRIDORFLR4_19_0_0
  0
3DFACE
  8
CORRIDORFLR4
 62
 43
 10
       32.66230
 20
        8.27900
 30
       11.58240
 11
       32.66230
 21
        8.27900
 31
        8.83920
 12
       48.51190
 22
        8.27900
 32
        8.83920
 13
       48.51190
 23
        8.27900
 33
       11.58240
999
CORRIDORFLR4:P_CORRIDORFLR4_20_0_0
  0
3DFACE
  8
CORRIDORFLR4
 62
 43
 10
       48.51190
 20
        8.27900
 30
       11.58240
 11
       48.51190
 21
        8.27900
 31
        8.83920
 12
       52.47430
 22
        8.27900
 32
        8.83920
 13
       52.47430
 23
        8.27900
 33
       11.58240
999
CORRIDORFLR4:P_CORRIDORFLR4_21_0_0
  0
3DFACE
  8
CORRIDORFLR4
 62
 43
 10
       52.47430
 20
        8.27900
 30
       11.58240
 11
       52.47430
 21
        8.27900
 31
        8.83920
 12
       54.91330
 22
        8.27900
 32
        8.83920
 13
       54.91330
 23
        8.27900
 33
       11.58240
999
CORRIDORFLR4:P_CORRIDORFLR4_4_0_0
  0
3DFACE
  8
CORRIDORFLR4
 62
 43
 10
       52.47430
 20
       10.10780
 30
       11.58240
 11
       52.47430
 21
       10.10780
 31
        8.83920
 12
       48.51190
 22
       10.10780
 32
        8.83920
 13
       48.51190
 23
       10.10780
 33
       11.58240
999
CORRIDORFLR4:P_CORRIDORFLR4_5_0_0
  0
3DFACE
  8
CORRIDORFLR4
 62
 43
 10
       48.51190
 20
       10.10780
 30
       11.58240
 11
       48.51190
 21
       10.10780
 31
        8.83920
 12
       32.66230
 22
       10.10780
 32
        8.83920
 13
       32.66230
 23
       10.10780
 33
       11.58240
999
CORRIDORFLR4:P_CORRIDORFLR4_6_0_0
  0
3DFACE
  8
CORRIDORFLR4
 62
 43
 10
       32.66230
 20
       10.10780
 30
       11.58240
 11
       32.66230
 21
       10.10780
 31
        8.83920
 12
       28.69990
 22
       10.10780
 32
        8.83920
 13
       28.69990
 23
       10.10780
 33
       11.58240
999
CORRIDORFLR4:P_CORRIDORFLR4_7_0_0
  0
3DFACE
  8
CORRIDORFLR4
 62
 43
 10
       28.69990
 20
       10.10780
 30
       11.58240
 11
       28.69990
 21
       10.10780
 31
        8.83920
 12
       26.87110
 22
       10.10780
 32
        8.83920
 13
       26.87110
 23
       10.10780
 33
       11.58240
999
CORRIDORFLR4:P_CORRIDORFLR4_8_0_0
  0
3DFACE
  8
CORRIDORFLR4
 62
 43
 10
       26.87110
 20
       10.10780
 30
       11.58240
 11
       26.87110
 21
       10.10780
 31
        8.83920
 12
       26.87110
 22
       18.33740
 32
        8.83920
 13
       26.87110
 23
       18.33740
 33
       11.58240
999
CORRIDORFLR4:W_CORRIDORFLR4_15_0_0
  0
3DFACE
  8
CORRIDORFLR4
 62
 43
 10
        0.04870
 20
       10.10780
 30
       11.58240
 11
        0.04870
 21
       10.10780
 31
        8.83920
 12
        0.04870
 22
        8.27900
 32
        8.83920
 13
        0.04870
 23
        8.27900
 33
       11.58240
999
CORRIDORFLR4:W_CORRIDORFLR4_15_0_0_0_0
  0
3DFACE
  8
CORRIDORFLR4
 62
143
 10
        0.04900
 20
        9.65510
 30
       11.09920
 11
        0.04900
 21
        9.65510
 31
        9.67920
 12
        0.04900
 22
        8.73170
 32
        9.67920
 13
        0.04900
 23
        8.73170
 33
       11.09920
999
CORRIDORFLR4:W_CORRIDORFLR4_2_0_0
  0
3DFACE
  8
CORRIDORFLR4
 62
 43
 10
       54.91330
 20
        8.27900
 30
       11.58240
 11
       54.91330
 21
        8.27900
 31
        8.83920
 12
       54.91330
 22
       10.10780
 32
        8.83920
 13
       54.91330
 23
       10.10780
 33
       11.58240
999
CORRIDORFLR4:W_CORRIDORFLR4_2_0_0_0_0
  0
3DFACE
  8
CORRIDORFLR4
 62
143
 10
       54.91300
 20
        8.73170
 30
       11.09920
 11
       54.91300
 21
        8.73170
 31
        9.67920
 12
       54.91300
 22
        9.65510
 32
        9.67920
 13
       54.91300
 23
        9.65510
 33
       11.09920
999
CORRIDORFLR4:W_CORRIDORFLR4_9_0_0
  0
3DFACE
  8
CORRIDORFLR4
 62
 43
 10
       26.87110
 20
       18.33740
 30
       11.58240
 11
       26.87110
 21
       18.33740
 31
        8.83920
 12
       23.82310
 22
       18.33740
 32
        8.83920
 13
       23.82310
 23
       18.33740
 33
       11.58240
999
CORRIDORFLR4:F_CORRIDORFLR4_10200_0_10108
  0
3DFACE
  8
CORRIDORFLR4
 62
  8
 10
       54.91330
 20
        8.27900
 30
        8.83920
 11
        0.04870
 21
        8.27900
 31
        8.83920
 12
        0.04870
 22
       10.10780
 32
        8.83920
 13
        0.04870
 23
       10.10780
 33
        8.83920
  0
3DFACE
  8
CORRIDORFLR4
 62
  8
 10
       54.91330
 20
        8.27900
 30
        8.83920
 11
        0.04870
 21
       10.10780
 31
        8.83920
 12
       23.82310
 22
       10.10780
 32
        8.83920
 13
       23.82310
 23
       10.10780
 33
        8.83920
  0
3DFACE
  8
CORRIDORFLR4
 62
  8
 10
       23.82310
 20
       10.10780
 30
        8.83920
 11
       23.82310
 21
       18.33740
 31
        8.83920
 12
       26.87110
 22
       18.33740
 32
        8.83920
 13
       26.87110
 23
       18.33740
 33
        8.83920
  0
3DFACE
  8
CORRIDORFLR4
 62
  8
 10
       26.87110
 20
       10.10780
 30
        8.83920
 11
       54.91330
 21
       10.10780
 31
        8.83920
 12
       54.91330
 22
        8.27900
 32
        8.83920
 13
       54.91330
 23
        8.27900
 33
        8.83920
  0
3DFACE
  8
CORRIDORFLR4
 62
  8
 10
       26.87110
 20
       10.10780
 30
        8.83920
 11
       54.91330
 21
        8.27900
 31
        8.83920
 12
       23.82310
 22
       10.10780
 32
        8.83920
 13
       23.82310
 23
       10.10780
 33
        8.83920
  0
3DFACE
  8
CORRIDORFLR4
 62
  8
 10
       23.82310
 20
       10.10780
 30
        8.83920
 11
       26.87110
 21
       18.33740
 31
        8.83920
 12
       26.87110
 22
       10.10780
 32
        8.83920
 13
       26.87110
 23
       10.10780
 33
        8.83920
999
CORRIDORFLR4:R_CORRIDORFLR4_1_0_0
  0
3DFACE
  8
CORRIDORFLR4
 62
 15
 10
        0.04870
 20
        8.27900
 30
       11.58240
 11
       54.91330
 21
        8.27900
 31
       11.58240
 12
       54.91330
 22
       10.10780
 32
       11.58240
 13
       54.91330
 23
       10.10780
 33
       11.58240
  0
3DFACE
  8
CORRIDORFLR4
 62
 15
 10
        0.04870
 20
        8.27900
 30
       11.58240
 11
       54.91330
 21
       10.10780
 31
       11.58240
 12
       26.87110
 22
       10.10780
 32
       11.58240
 13
       26.87110
 23
       10.10780
 33
       11.58240
  0
3DFACE
  8
CORRIDORFLR4
 62
 15
 10
       26.87110
 20
       10.10780
 30
       11.58240
 11
       26.87110
 21
       18.33740
 31
       11.58240
 12
       23.82310
 22
       18.33740
 32
       11.58240
 13
       23.82310
 23
       18.33740
 33
       11.58240
  0
3DFACE
  8
CORRIDORFLR4
 62
 15
 10
       26.87110
 20
       10.10780
 30
       11.58240
 11
       23.82310
 21
       18.33740
 31
       11.58240
 12
       23.82310
 22
       10.10780
 32
       11.58240
 13
       23.82310
 23
       10.10780
 33
       11.58240
  0
3DFACE
  8
CORRIDORFLR4
 62
 15
 10
        0.04870
 20
        8.27900
 30
       11.58240
 11
       26.87110
 21
       10.10780
 31
       11.58240
 12
       23.82310
 22
       10.10780
 32
       11.58240
 13
       23.82310
 23
       10.10780
 33
       11.58240
  0
3DFACE
  8
CORRIDORFLR4
 62
 15
 10
        0.04870
 20
        8.27900
 30
       11.58240
 11
       23.82310
 21
       10.10780
 31
       11.58240
 12
        0.04870
 22
       10.10780
 32
       11.58240
 13
        0.04870
 23
       10.10780
 33
       11.58240
999
ELEVATORCOREFLR1:P_ELEVATORCOREFLR1_10011_0_10009
  0
3DFACE
  8
ELEVATORCOREFLR1
 62
 43
 10
       26.87110
 20
       10.10780
 30
        3.35280
 11
       26.87110
 21
       10.10780
 31
        0.00000
 12
       28.69990
 22
       10.10780
 32
        0.00000
 13
       28.69990
 23
       10.10780
 33
        3.35280
999
ELEVATORCOREFLR1:P_ELEVATORCOREFLR1_10012_0_10010
  0
3DFACE
  8
ELEVATORCOREFLR1
 62
 43
 10
       26.87110
 20
       18.33740
 30
        3.35280
 11
       26.87110
 21
       18.33740
 31
        0.00000
 12
       26.87110
 22
       10.10780
 32
        0.00000
 13
       26.87110
 23
       10.10780
 33
        3.35280
999
ELEVATORCOREFLR1:P_ELEVATORCOREFLR1_10075_0_10050
  0
3DFACE
  8
ELEVATORCOREFLR1
 62
 43
 10
       28.69990
 20
       10.10780
 30
        3.35280
 11
       28.69990
 21
       10.10780
 31
        0.00000
 12
       28.69990
 22
       18.33740
 32
        0.00000
 13
       28.69990
 23
       18.33740
 33
        3.35280
999
ELEVATORCOREFLR1:W_ELEVATORCOREFLR1_3_0_0
  0
3DFACE
  8
ELEVATORCOREFLR1
 62
 43
 10
       28.69990
 20
       18.33740
 30
        3.35280
 11
       28.69990
 21
       18.33740
 31
        0.00000
 12
       26.87110
 22
       18.33740
 32
        0.00000
 13
       26.87110
 23
       18.33740
 33
        3.35280
999
ELEVATORCOREFLR1:S_ELEVATORCOREFLR1_0_0_0
  0
3DFACE
  8
ELEVATORCOREFLR1
 62
  8
 10
       28.69990
 20
       10.10780
 30
        0.00000
 11
       26.87110
 21
       10.10780
 31
        0.00000
 12
       26.87110
 22
       18.33740
 32
        0.00000
 13
       28.69990
 23
       18.33740
 33
        0.00000
999
ELEVATORCOREFLR1:C_ELEVATORCOREFLR1_1_0_0
  0
3DFACE
  8
ELEVATORCOREFLR1
 62
 15
 10
       26.87110
 20
       10.10780
 30
        3.35280
 11
       28.69990
 21
       10.10780
 31
        3.35280
 12
       28.69990
 22
       18.33740
 32
        3.35280
 13
       26.87110
 23
       18.33740
 33
        3.35280
999
ELEVATORCOREFLR2:P_ELEVATORCOREFLR2_10107_0_10067
  0
3DFACE
  8
ELEVATORCOREFLR2
 62
 43
 10
       26.87110
 20
       10.10780
 30
        6.09600
 11
       26.87110
 21
       10.10780
 31
        3.35280
 12
       28.69990
 22
       10.10780
 32
        3.35280
 13
       28.69990
 23
       10.10780
 33
        6.09600
999
ELEVATORCOREFLR2:P_ELEVATORCOREFLR2_10108_0_10068
  0
3DFACE
  8
ELEVATORCOREFLR2
 62
 43
 10
       26.87110
 20
       18.33740
 30
        6.09600
 11
       26.87110
 21
       18.33740
 31
        3.35280
 12
       26.87110
 22
       10.10780
 32
        3.35280
 13
       26.87110
 23
       10.10780
 33
        6.09600
999
ELEVATORCOREFLR2:P_ELEVATORCOREFLR2_2_0_0
  0
3DFACE
  8
ELEVATORCOREFLR2
 62
 43
 10
       28.69990
 20
       10.10780
 30
        6.09600
 11
       28.69990
 21
       10.10780
 31
        3.35280
 12
       28.69990
 22
       18.33740
 32
        3.35280
 13
       28.69990
 23
       18.33740
 33
        6.09600
999
ELEVATORCOREFLR2:W_ELEVATORCOREFLR2_3_0_0
  0
3DFACE
  8
ELEVATORCOREFLR2
 62
 43
 10
       28.69990
 20
       18.33740
 30
        6.09600
 11
       28.69990
 21
       18.33740
 31
        3.35280
 12
       26.87110
 22
       18.33740
 32
        3.35280
 13
       26.87110
 23
       18.33740
 33
        6.09600
999
ELEVATORCOREFLR2:F_ELEVATORCOREFLR2_10077_0_10051
  0
3DFACE
  8
ELEVATORCOREFLR2
 62
  8
 10
       28.69990
 20
       10.10780
 30
        3.35280
 11
       26.87110
 21
       10.10780
 31
        3.35280
 12
       26.87110
 22
       18.33740
 32
        3.35280
 13
       28.69990
 23
       18.33740
 33
        3.35280
999
ELEVATORCOREFLR2:C_ELEVATORCOREFLR2_1_0_0
  0
3DFACE
  8
ELEVATORCOREFLR2
 62
 15
 10
       26.87110
 20
       10.10780
 30
        6.09600
 11
       28.69990
 21
       10.10780
 31
        6.09600
 12
       28.69990
 22
       18.33740
 32
        6.09600
 13
       26.87110
 23
       18.33740
 33
        6.09600
999
ELEVATORCOREFLR3:P_ELEVATORCOREFLR3_10205_0_10112
  0
3DFACE
  8
ELEVATORCOREFLR3
 62
 43
 10
       26.87110
 20
       10.10780
 30
        8.83920
 11
       26.87110
 21
       10.10780
 31
        6.09600
 12
       28.69990
 22
       10.10780
 32
        6.09600
 13
       28.69990
 23
       10.10780
 33
        8.83920
999
ELEVATORCOREFLR3:P_ELEVATORCOREFLR3_10206_0_10113
  0
3DFACE
  8
ELEVATORCOREFLR3
 62
 43
 10
       26.87110
 20
       18.33740
 30
        8.83920
 11
       26.87110
 21
       18.33740
 31
        6.09600
 12
       26.87110
 22
       10.10780
 32
        6.09600
 13
       26.87110
 23
       10.10780
 33
        8.83920
999
ELEVATORCOREFLR3:P_ELEVATORCOREFLR3_2_0_0
  0
3DFACE
  8
ELEVATORCOREFLR3
 62
 43
 10
       28.69990
 20
       10.10780
 30
        8.83920
 11
       28.69990
 21
       10.10780
 31
        6.09600
 12
       28.69990
 22
       18.33740
 32
        6.09600
 13
       28.69990
 23
       18.33740
 33
        8.83920
999
ELEVATORCOREFLR3:W_ELEVATORCOREFLR3_3_0_0
  0
3DFACE
  8
ELEVATORCOREFLR3
 62
 43
 10
       28.69990
 20
       18.33740
 30
        8.83920
 11
       28.69990
 21
       18.33740
 31
        6.09600
 12
       26.87110
 22
       18.33740
 32
        6.09600
 13
       26.87110
 23
       18.33740
 33
        8.83920
999
ELEVATORCOREFLR3:F_ELEVATORCOREFLR3_10166_0_10095
  0
3DFACE
  8
ELEVATORCOREFLR3
 62
  8
 10
       28.69990
 20
       10.10780
 30
        6.09600
 11
       26.87110
 21
       10.10780
 31
        6.09600
 12
       26.87110
 22
       18.33740
 32
        6.09600
 13
       28.69990
 23
       18.33740
 33
        6.09600
999
ELEVATORCOREFLR3:C_ELEVATORCOREFLR3_1_0_0
  0
3DFACE
  8
ELEVATORCOREFLR3
 62
 15
 10
       26.87110
 20
       10.10780
 30
        8.83920
 11
       28.69990
 21
       10.10780
 31
        8.83920
 12
       28.69990
 22
       18.33740
 32
        8.83920
 13
       26.87110
 23
       18.33740
 33
        8.83920
999
ELEVATORCOREFLR4:P_ELEVATORCOREFLR4_10293_0_10155
  0
3DFACE
  8
ELEVATORCOREFLR4
 62
 43
 10
       26.87110
 20
       10.10780
 30
       11.58240
 11
       26.87110
 21
       10.10780
 31
        8.83920
 12
       28.69990
 22
       10.10780
 32
        8.83920
 13
       28.69990
 23
       10.10780
 33
       11.58240
999
ELEVATORCOREFLR4:P_ELEVATORCOREFLR4_10294_0_10156
  0
3DFACE
  8
ELEVATORCOREFLR4
 62
 43
 10
       26.87110
 20
       18.33740
 30
       11.58240
 11
       26.87110
 21
       18.33740
 31
        8.83920
 12
       26.87110
 22
       10.10780
 32
        8.83920
 13
       26.87110
 23
       10.10780
 33
       11.58240
999
ELEVATORCOREFLR4:P_ELEVATORCOREFLR4_2_0_0
  0
3DFACE
  8
ELEVATORCOREFLR4
 62
 43
 10
       28.69990
 20
       10.10780
 30
       11.58240
 11
       28.69990
 21
       10.10780
 31
        8.83920
 12
       28.69990
 22
       18.33740
 32
        8.83920
 13
       28.69990
 23
       18.33740
 33
       11.58240
999
ELEVATORCOREFLR4:W_ELEVATORCOREFLR4_3_0_0
  0
3DFACE
  8
ELEVATORCOREFLR4
 62
 43
 10
       28.69990
 20
       18.33740
 30
       11.58240
 11
       28.69990
 21
       18.33740
 31
        8.83920
 12
       26.87110
 22
       18.33740
 32
        8.83920
 13
       26.87110
 23
       18.33740
 33
       11.58240
999
ELEVATORCOREFLR4:F_ELEVATORCOREFLR4_10257_0_10140
  0
3DFACE
  8
ELEVATORCOREFLR4
 62
  8
 10
       28.69990
 20
       10.10780
 30
        8.83920
 11
       26.87110
 21
       10.10780
 31
        8.83920
 12
       26.87110
 22
       18.33740
 32
        8.83920
 13
       28.69990
 23
       18.33740
 33
        8.83920
999
ELEVATORCOREFLR4:R_ELEVATORCOREFLR4_1_0_0
  0
3DFACE
  8
ELEVATORCOREFLR4
 62
 15
 10
       26.87110
 20
       10.10780
 30
       11.58240
 11
       28.69990
 21
       10.10780
 31
       11.58240
 12
       28.69990
 22
       18.33740
 32
       11.58240
 13
       26.87110
 23
       18.33740
 33
       11.58240
999
EMPLOYEELOUNGEFLR1:P_EMPLOYEELOUNGEFLR1_10009_0_10007
  0
3DFACE
  8
EMPLOYEELOUNGEFLR1
 62
 43
 10
       40.58710
 20
       10.10780
 30
        3.35280
 11
       40.58710
 21
       10.10780
 31
        0.00000
 12
       44.54950
 22
       10.10780
 32
        0.00000
 13
       44.54950
 23
       10.10780
 33
        3.35280
999
EMPLOYEELOUNGEFLR1:P_EMPLOYEELOUNGEFLR1_10066_0_10045
  0
3DFACE
  8
EMPLOYEELOUNGEFLR1
 62
 43
 10
       44.54950
 20
       10.10780
 30
        3.35280
 11
       44.54950
 21
       10.10780
 31
        0.00000
 12
       44.54950
 22
       18.33740
 32
        0.00000
 13
       44.54950
 23
       18.33740
 33
        3.35280
999
EMPLOYEELOUNGEFLR1:P_EMPLOYEELOUNGEFLR1_4_0_0
  0
3DFACE
  8
EMPLOYEELOUNGEFLR1
 62
 43
 10
       40.58710
 20
       18.33740
 30
        3.35280
 11
       40.58710
 21
       18.33740
 31
        0.00000
 12
       40.58710
 22
       10.10780
 32
        0.00000
 13
       40.58710
 23
       10.10780
 33
        3.35280
999
EMPLOYEELOUNGEFLR1:W_EMPLOYEELOUNGEFLR1_3_0_0
  0
3DFACE
  8
EMPLOYEELOUNGEFLR1
 62
 43
 10
       44.54950
 20
       18.33740
 30
        3.35280
 11
       44.54950
 21
       18.33740
 31
        0.00000
 12
       40.58710
 22
       18.33740
 32
        0.00000
 13
       40.58710
 23
       18.33740
 33
        3.35280
999
EMPLOYEELOUNGEFLR1:W_EMPLOYEELOUNGEFLR1_3_0_0_0_0
  0
3DFACE
  8
EMPLOYEELOUNGEFLR1
 62
143
 10
       43.13800
 20
       18.33740
 30
        2.39840
 11
       43.13800
 21
       18.33740
 31
        0.95440
 12
       41.99900
 22
       18.33740
 32
        0.95440
 13
       41.99900
 23
       18.33740
 33
        2.39840
999
EMPLOYEELOUNGEFLR1:S_EMPLOYEELOUNGEFLR1_0_0_0
  0
3DFACE
  8
EMPLOYEELOUNGEFLR1
 62
  8
 10
       44.54950
 20
       10.10780
 30
        0.00000
 11
       40.58710
 21
       10.10780
 31
        0.00000
 12
       40.58710
 22
       18.33740
 32
        0.00000
 13
       44.54950
 23
       18.33740
 33
        0.00000
999
EMPLOYEELOUNGEFLR1:C_EMPLOYEELOUNGEFLR1_1_0_0
  0
3DFACE
  8
EMPLOYEELOUNGEFLR1
 62
 15
 10
       40.58710
 20
       10.10780
 30
        3.35280
 11
       44.54950
 21
       10.10780
 31
        3.35280
 12
       44.54950
 22
       18.33740
 32
        3.35280
 13
       40.58710
 23
       18.33740
 33
        3.35280
999
EXERCISECENTERFLR1:P_EXERCISECENTERFLR1_10013_0_10011
  0
3DFACE
  8
EXERCISECENTERFLR1
 62
 43
 10
       23.82310
 20
       10.10780
 30
        3.35280
 11
       23.82310
 21
       10.10780
 31
        0.00000
 12
       23.82310
 22
       18.33740
 32
        0.00000
 13
       23.82310
 23
       18.33740
 33
        3.35280
999
EXERCISECENTERFLR1:P_EXERCISECENTERFLR1_10014_0_10012
  0
3DFACE
  8
EXERCISECENTERFLR1
 62
 43
 10
       19.86070
 20
       10.10780
 30
        3.35280
 11
       19.86070
 21
       10.10780
 31
        0.00000
 12
       23.82310
 22
       10.10780
 32
        0.00000
 13
       23.82310
 23
       10.10780
 33
        3.35280
999
EXERCISECENTERFLR1:P_EXERCISECENTERFLR1_4_0_0
  0
3DFACE
  8
EXERCISECENTERFLR1
 62
 43
 10
       19.86070
 20
       18.33740
 30
        3.35280
 11
       19.86070
 21
       18.33740
 31
        0.00000
 12
       19.86070
 22
       10.10780
 32
        0.00000
 13
       19.86070
 23
       10.10780
 33
        3.35280
999
EXERCISECENTERFLR1:W_EXERCISECENTERFLR1_3_0_0
  0
3DFACE
  8
EXERCISECENTERFLR1
 62
 43
 10
       23.82310
 20
       18.33740
 30
        3.35280
 11
       23.82310
 21
       18.33740
 31
        0.00000
 12
       19.86070
 22
       18.33740
 32
        0.00000
 13
       19.86070
 23
       18.33740
 33
        3.35280
999
EXERCISECENTERFLR1:W_EXERCISECENTERFLR1_3_0_0_0_0
  0
3DFACE
  8
EXERCISECENTERFLR1
 62
143
 10
       22.41200
 20
       18.33740
 30
        2.39840
 11
       22.41200
 21
       18.33740
 31
        0.95440
 12
       21.27200
 22
       18.33740
 32
        0.95440
 13
       21.27200
 23
       18.33740
 33
        2.39840
999
EXERCISECENTERFLR1:S_EXERCISECENTERFLR1_0_0_0
  0
3DFACE
  8
EXERCISECENTERFLR1
 62
  8
 10
       23.82310
 20
       10.10780
 30
        0.00000
 11
       19.86070
 21
       10.10780
 31
        0.00000
 12
       19.86070
 22
       18.33740
 32
        0.00000
 13
       23.82310
 23
       18.33740
 33
        0.00000
999
EXERCISECENTERFLR1:C_EXERCISECENTERFLR1_1_0_0
  0
3DFACE
  8
EXERCISECENTERFLR1
 62
 15
 10
       19.86070
 20
       10.10780
 30
        3.35280
 11
       23.82310
 21
       10.10780
 31
        3.35280
 12
       23.82310
 22
       18.33740
 32
        3.35280
 13
       19.86070
 23
       18.33740
 33
        3.35280
999
FRONTLOUNGEFLR1:P_FRONTLOUNGEFLR1_10018_0_10016
  0
3DFACE
  8
FRONTLOUNGEFLR1
 62
 43
 10
       19.86070
 20
        8.27900
 30
        3.35280
 11
       19.86070
 21
        8.27900
 31
        0.00000
 12
        0.04870
 22
        8.27900
 32
        0.00000
 13
        0.04870
 23
        8.27900
 33
        3.35280
999
FRONTLOUNGEFLR1:P_FRONTLOUNGEFLR1_2_0_0
  0
3DFACE
  8
FRONTLOUNGEFLR1
 62
 43
 10
       19.86070
 20
        0.04880
 30
        3.35280
 11
       19.86070
 21
        0.04880
 31
        0.00000
 12
       19.86070
 22
        8.27900
 32
        0.00000
 13
       19.86070
 23
        8.27900
 33
        3.35280
999
FRONTLOUNGEFLR1:W_FRONTLOUNGEFLR1_4_0_0
  0
3DFACE
  8
FRONTLOUNGEFLR1
 62
 43
 10
        0.04870
 20
        8.27900
 30
        3.35280
 11
        0.04870
 21
        8.27900
 31
        0.00000
 12
        0.04870
 22
        0.04880
 32
        0.00000
 13
        0.04870
 23
        0.04880
 33
        3.35280
999
FRONTLOUNGEFLR1:W_FRONTLOUNGEFLR1_5_0_0
  0
3DFACE
  8
FRONTLOUNGEFLR1
 62
 43
 10
        0.04870
 20
        0.04880
 30
        3.35280
 11
        0.04870
 21
        0.04880
 31
        0.00000
 12
       19.86070
 22
        0.04880
 32
        0.00000
 13
       19.86070
 23
        0.04880
 33
        3.35280
999
FRONTLOUNGEFLR1:W_FRONTLOUNGEFLR1_5_0_0_0_0
  0
3DFACE
  8
FRONTLOUNGEFLR1
 62
143
 10
        1.00300
 20
        0.04880
 30
        2.39840
 11
        1.00300
 21
        0.04880
 31
        0.95440
 12
        3.05700
 22
        0.04880
 32
        0.95440
 13
        3.05700
 23
        0.04880
 33
        2.39840
999
FRONTLOUNGEFLR1:W_FRONTLOUNGEFLR1_5_0_0_0_1
  0
3DFACE
  8
FRONTLOUNGEFLR1
 62
143
 10
        4.96500
 20
        0.04880
 30
        2.39840
 11
        4.96500
 21
        0.04880
 31
        0.95440
 12
        7.01900
 22
        0.04880
 32
        0.95440
 13
        7.01900
 23
        0.04880
 33
        2.39840
999
FRONTLOUNGEFLR1:W_FRONTLOUNGEFLR1_5_0_0_0_2
  0
3DFACE
  8
FRONTLOUNGEFLR1
 62
143
 10
        8.92800
 20
        0.04880
 30
        2.39840
 11
        8.92800
 21
        0.04880
 31
        0.95440
 12
       10.98200
 22
        0.04880
 32
        0.95440
 13
       10.98200
 23
        0.04880
 33
        2.39840
999
FRONTLOUNGEFLR1:W_FRONTLOUNGEFLR1_5_0_0_0_3
  0
3DFACE
  8
FRONTLOUNGEFLR1
 62
143
 10
       12.89000
 20
        0.04880
 30
        2.39840
 11
       12.89000
 21
        0.04880
 31
        0.95440
 12
       14.94400
 22
        0.04880
 32
        0.95440
 13
       14.94400
 23
        0.04880
 33
        2.39840
999
FRONTLOUNGEFLR1:W_FRONTLOUNGEFLR1_5_0_0_0_4
  0
3DFACE
  8
FRONTLOUNGEFLR1
 62
143
 10
       16.85300
 20
        0.04880
 30
        2.39840
 11
       16.85300
 21
        0.04880
 31
        0.95440
 12
       18.90600
 22
        0.04880
 32
        0.95440
 13
       18.90600
 23
        0.04880
 33
        2.39840
999
FRONTLOUNGEFLR1:S_FRONTLOUNGEFLR1_0_0_0
  0
3DFACE
  8
FRONTLOUNGEFLR1
 62
  8
 10
       19.86070
 20
        0.04880
 30
        0.00000
 11
        0.04870
 21
        0.04880
 31
        0.00000
 12
        0.04870
 22
        8.27900
 32
        0.00000
 13
       19.86070
 23
        8.27900
 33
        0.00000
999
FRONTLOUNGEFLR1:C_FRONTLOUNGEFLR1_1_0_0
  0
3DFACE
  8
FRONTLOUNGEFLR1
 62
 15
 10
        0.04870
 20
        0.04880
 30
        3.35280
 11
        4.01110
 21
        0.04880
 31
        3.35280
 12
        4.01110
 22
        8.27900
 32
        3.35280
 13
        0.04870
 23
        8.27900
 33
        3.35280
999
FRONTLOUNGEFLR1:C_FRONTLOUNGEFLR1_1_1_0
  0
3DFACE
  8
FRONTLOUNGEFLR1
 62
 15
 10
        4.01110
 20
        0.04880
 30
        3.35280
 11
       19.86070
 21
        0.04880
 31
        3.35280
 12
       19.86070
 22
        8.27900
 32
        3.35280
 13
        4.01110
 23
        8.27900
 33
        3.35280
999
FRONTOFFICEFLR1:P_FRONTOFFICEFLR1_10015_0_10013
  0
3DFACE
  8
FRONTOFFICEFLR1
 62
 43
 10
        4.01110
 20
       10.10780
 30
        3.35280
 11
        4.01110
 21
       10.10780
 31
        0.00000
 12
       19.86070
 22
       10.10780
 32
        0.00000
 13
       19.86070
 23
       10.10780
 33
        3.35280
999
FRONTOFFICEFLR1:P_FRONTOFFICEFLR1_10083_0_10053
  0
3DFACE
  8
FRONTOFFICEFLR1
 62
 43
 10
       19.86070
 20
       10.10780
 30
        3.35280
 11
       19.86070
 21
       10.10780
 31
        0.00000
 12
       19.86070
 22
       18.33740
 32
        0.00000
 13
       19.86070
 23
       18.33740
 33
        3.35280
999
FRONTOFFICEFLR1:P_FRONTOFFICEFLR1_4_0_0
  0
3DFACE
  8
FRONTOFFICEFLR1
 62
 43
 10
        4.01110
 20
       18.33740
 30
        3.35280
 11
        4.01110
 21
       18.33740
 31
        0.00000
 12
        4.01110
 22
       10.10780
 32
        0.00000
 13
        4.01110
 23
       10.10780
 33
        3.35280
999
FRONTOFFICEFLR1:W_FRONTOFFICEFLR1_3_0_0
  0
3DFACE
  8
FRONTOFFICEFLR1
 62
 43
 10
       19.86070
 20
       18.33740
 30
        3.35280
 11
       19.86070
 21
       18.33740
 31
        0.00000
 12
        4.01110
 22
       18.33740
 32
        0.00000
 13
        4.01110
 23
       18.33740
 33
        3.35280
999
FRONTOFFICEFLR1:W_FRONTOFFICEFLR1_3_0_0_0_0
  0
3DFACE
  8
FRONTOFFICEFLR1
 62
143
 10
       18.44900
 20
       18.33740
 30
        2.39840
 11
       18.44900
 21
       18.33740
 31
        0.95440
 12
       17.31000
 22
       18.33740
 32
        0.95440
 13
       17.31000
 23
       18.33740
 33
        2.39840
999
FRONTOFFICEFLR1:W_FRONTOFFICEFLR1_3_0_0_0_1
  0
3DFACE
  8
FRONTOFFICEFLR1
 62
143
 10
       14.48700
 20
       18.33740
 30
        2.39840
 11
       14.48700
 21
       18.33740
 31
        0.95440
 12
       13.34800
 22
       18.33740
 32
        0.95440
 13
       13.34800
 23
       18.33740
 33
        2.39840
999
FRONTOFFICEFLR1:W_FRONTOFFICEFLR1_3_0_0_0_2
  0
3DFACE
  8
FRONTOFFICEFLR1
 62
143
 10
       10.52400
 20
       18.33740
 30
        2.39840
 11
       10.52400
 21
       18.33740
 31
        0.95440
 12
        9.38500
 22
       18.33740
 32
        0.95440
 13
        9.38500
 23
       18.33740
 33
        2.39840
999
FRONTOFFICEFLR1:W_FRONTOFFICEFLR1_3_0_0_0_3
  0
3DFACE
  8
FRONTOFFICEFLR1
 62
143
 10
        6.56200
 20
       18.33740
 30
        2.39840
 11
        6.56200
 21
       18.33740
 31
        0.95440
 12
        5.42300
 22
       18.33740
 32
        0.95440
 13
        5.42300
 23
       18.33740
 33
        2.39840
999
FRONTOFFICEFLR1:S_FRONTOFFICEFLR1_0_0_0
  0
3DFACE
  8
FRONTOFFICEFLR1
 62
  8
 10
       19.86070
 20
       10.10780
 30
        0.00000
 11
        4.01110
 21
       10.10780
 31
        0.00000
 12
        4.01110
 22
       18.33740
 32
        0.00000
 13
       19.86070
 23
       18.33740
 33
        0.00000
999
FRONTOFFICEFLR1:C_FRONTOFFICEFLR1_1_0_0
  0
3DFACE
  8
FRONTOFFICEFLR1
 62
 15
 10
        7.97350
 20
       10.10780
 30
        3.35280
 11
       19.86070
 21
       10.10780
 31
        3.35280
 12
       19.86070
 22
       18.33740
 32
        3.35280
 13
        7.97350
 23
       18.33740
 33
        3.35280
999
FRONTOFFICEFLR1:C_FRONTOFFICEFLR1_1_1_0
  0
3DFACE
  8
FRONTOFFICEFLR1
 62
 15
 10
        4.01110
 20
       10.10780
 30
        3.35280
 11
        7.97350
 21
       10.10780
 31
        3.35280
 12
        7.97350
 22
       18.33740
 32
        3.35280
 13
        4.01110
 23
       18.33740
 33
        3.35280
999
FRONTSTAIRSFLR1:P_FRONTSTAIRSFLR1_10017_0_10015
  0
3DFACE
  8
FRONTSTAIRSFLR1
 62
 43
 10
        0.04870
 20
       10.10780
 30
        3.35280
 11
        0.04870
 21
       10.10780
 31
        0.00000
 12
        2.48710
 22
       10.10780
 32
        0.00000
 13
        2.48710
 23
       10.10780
 33
        3.35280
999
FRONTSTAIRSFLR1:P_FRONTSTAIRSFLR1_2_0_0
  0
3DFACE
  8
FRONTSTAIRSFLR1
 62
 43
 10
        2.48710
 20
       10.10780
 30
        3.35280
 11
        2.48710
 21
       10.10780
 31
        0.00000
 12
        2.48710
 22
       18.33740
 32
        0.00000
 13
        2.48710
 23
       18.33740
 33
        3.35280
999
FRONTSTAIRSFLR1:W_FRONTSTAIRSFLR1_3_0_0
  0
3DFACE
  8
FRONTSTAIRSFLR1
 62
 43
 10
        2.48710
 20
       18.33740
 30
        3.35280
 11
        2.48710
 21
       18.33740
 31
        0.00000
 12
        0.04870
 22
       18.33740
 32
        0.00000
 13
        0.04870
 23
       18.33740
 33
        3.35280
999
FRONTSTAIRSFLR1:W_FRONTSTAIRSFLR1_4_0_0
  0
3DFACE
  8
FRONTSTAIRSFLR1
 62
 43
 10
        0.04870
 20
       18.33740
 30
        3.35280
 11
        0.04870
 21
       18.33740
 31
        0.00000
 12
        0.04870
 22
       10.10780
 32
        0.00000
 13
        0.04870
 23
       10.10780
 33
        3.35280
999
FRONTSTAIRSFLR1:S_FRONTSTAIRSFLR1_0_0_0
  0
3DFACE
  8
FRONTSTAIRSFLR1
 62
  8
 10
        2.48710
 20
       10.10780
 30
        0.00000
 11
        0.04870
 21
       10.10780
 31
        0.00000
 12
        0.04870
 22
       18.33740
 32
        0.00000
 13
        2.48710
 23
       18.33740
 33
        0.00000
999
FRONTSTAIRSFLR1:C_FRONTSTAIRSFLR1_1_0_0
  0
3DFACE
  8
FRONTSTAIRSFLR1
 62
 15
 10
        0.04870
 20
       10.10780
 30
        3.35280
 11
        2.48710
 21
       10.10780
 31
        3.35280
 12
        2.48710
 22
       18.33740
 32
        3.35280
 13
        0.04870
 23
       18.33740
 33
        3.35280
999
FRONTSTAIRSFLR2:P_FRONTSTAIRSFLR2_10113_0_10073
  0
3DFACE
  8
FRONTSTAIRSFLR2
 62
 43
 10
        0.04870
 20
       10.10780
 30
        6.09600
 11
        0.04870
 21
       10.10780
 31
        3.35280
 12
        2.48710
 22
       10.10780
 32
        3.35280
 13
        2.48710
 23
       10.10780
 33
        6.09600
999
FRONTSTAIRSFLR2:P_FRONTSTAIRSFLR2_10189_0_10103
  0
3DFACE
  8
FRONTSTAIRSFLR2
 62
 43
 10
        2.48710
 20
       10.10780
 30
        6.09600
 11
        2.48710
 21
       10.10780
 31
        3.35280
 12
        2.48710
 22
       18.33740
 32
        3.35280
 13
        2.48710
 23
       18.33740
 33
        6.09600
999
FRONTSTAIRSFLR2:W_FRONTSTAIRSFLR2_3_0_0
  0
3DFACE
  8
FRONTSTAIRSFLR2
 62
 43
 10
        2.48710
 20
       18.33740
 30
        6.09600
 11
        2.48710
 21
       18.33740
 31
        3.35280
 12
        0.04870
 22
       18.33740
 32
        3.35280
 13
        0.04870
 23
       18.33740
 33
        6.09600
999
FRONTSTAIRSFLR2:W_FRONTSTAIRSFLR2_4_0_0
  0
3DFACE
  8
FRONTSTAIRSFLR2
 62
 43
 10
        0.04870
 20
       18.33740
 30
        6.09600
 11
        0.04870
 21
       18.33740
 31
        3.35280
 12
        0.04870
 22
       10.10780
 32
        3.35280
 13
        0.04870
 23
       10.10780
 33
        6.09600
999
FRONTSTAIRSFLR2:F_FRONTSTAIRSFLR2_10090_0_10057
  0
3DFACE
  8
FRONTSTAIRSFLR2
 62
  8
 10
        2.48710
 20
       10.10780
 30
        3.35280
 11
        0.04870
 21
       10.10780
 31
        3.35280
 12
        0.04870
 22
       18.33740
 32
        3.35280
 13
        2.48710
 23
       18.33740
 33
        3.35280
999
FRONTSTAIRSFLR2:C_FRONTSTAIRSFLR2_1_0_0
  0
3DFACE
  8
FRONTSTAIRSFLR2
 62
 15
 10
        0.04870
 20
       10.10780
 30
        6.09600
 11
        2.48710
 21
       10.10780
 31
        6.09600
 12
        2.48710
 22
       18.33740
 32
        6.09600
 13
        0.04870
 23
       18.33740
 33
        6.09600
999
FRONTSTAIRSFLR3:P_FRONTSTAIRSFLR3_10211_0_10118
  0
3DFACE
  8
FRONTSTAIRSFLR3
 62
 43
 10
        0.04870
 20
       10.10780
 30
        8.83920
 11
        0.04870
 21
       10.10780
 31
        6.09600
 12
        2.48710
 22
       10.10780
 32
        6.09600
 13
        2.48710
 23
       10.10780
 33
        8.83920
999
FRONTSTAIRSFLR3:P_FRONTSTAIRSFLR3_10279_0_10148
  0
3DFACE
  8
FRONTSTAIRSFLR3
 62
 43
 10
        2.48710
 20
       10.10780
 30
        8.83920
 11
        2.48710
 21
       10.10780
 31
        6.09600
 12
        2.48710
 22
       18.33740
 32
        6.09600
 13
        2.48710
 23
       18.33740
 33
        8.83920
999
FRONTSTAIRSFLR3:W_FRONTSTAIRSFLR3_3_0_0
  0
3DFACE
  8
FRONTSTAIRSFLR3
 62
 43
 10
        2.48710
 20
       18.33740
 30
        8.83920
 11
        2.48710
 21
       18.33740
 31
        6.09600
 12
        0.04870
 22
       18.33740
 32
        6.09600
 13
        0.04870
 23
       18.33740
 33
        8.83920
999
FRONTSTAIRSFLR3:W_FRONTSTAIRSFLR3_4_0_0
  0
3DFACE
  8
FRONTSTAIRSFLR3
 62
 43
 10
        0.04870
 20
       18.33740
 30
        8.83920
 11
        0.04870
 21
       18.33740
 31
        6.09600
 12
        0.04870
 22
       10.10780
 32
        6.09600
 13
        0.04870
 23
       10.10780
 33
        8.83920
999
FRONTSTAIRSFLR3:F_FRONTSTAIRSFLR3_10192_0_10104
  0
3DFACE
  8
FRONTSTAIRSFLR3
 62
  8
 10
        2.48710
 20
       10.10780
 30
        6.09600
 11
        0.04870
 21
       10.10780
 31
        6.09600
 12
        0.04870
 22
       18.33740
 32
        6.09600
 13
        2.48710
 23
       18.33740
 33
        6.09600
999
FRONTSTAIRSFLR3:C_FRONTSTAIRSFLR3_1_0_0
  0
3DFACE
  8
FRONTSTAIRSFLR3
 62
 15
 10
        0.04870
 20
       10.10780
 30
        8.83920
 11
        2.48710
 21
       10.10780
 31
        8.83920
 12
        2.48710
 22
       18.33740
 32
        8.83920
 13
        0.04870
 23
       18.33740
 33
        8.83920
999
FRONTSTAIRSFLR4:P_FRONTSTAIRSFLR4_10299_0_10161
  0
3DFACE
  8
FRONTSTAIRSFLR4
 62
 43
 10
        0.04870
 20
       10.10780
 30
       11.58240
 11
        0.04870
 21
       10.10780
 31
        8.83920
 12
        2.48710
 22
       10.10780
 32
        8.83920
 13
        2.48710
 23
       10.10780
 33
       11.58240
999
FRONTSTAIRSFLR4:P_FRONTSTAIRSFLR4_10354_0_10178
  0
3DFACE
  8
FRONTSTAIRSFLR4
 62
 43
 10
        2.48710
 20
       10.10780
 30
       11.58240
 11
        2.48710
 21
       10.10780
 31
        8.83920
 12
        2.48710
 22
       18.33740
 32
        8.83920
 13
        2.48710
 23
       18.33740
 33
       11.58240
999
FRONTSTAIRSFLR4:W_FRONTSTAIRSFLR4_3_0_0
  0
3DFACE
  8
FRONTSTAIRSFLR4
 62
 43
 10
        2.48710
 20
       18.33740
 30
       11.58240
 11
        2.48710
 21
       18.33740
 31
        8.83920
 12
        0.04870
 22
       18.33740
 32
        8.83920
 13
        0.04870
 23
       18.33740
 33
       11.58240
999
FRONTSTAIRSFLR4:W_FRONTSTAIRSFLR4_4_0_0
  0
3DFACE
  8
FRONTSTAIRSFLR4
 62
 43
 10
        0.04870
 20
       18.33740
 30
       11.58240
 11
        0.04870
 21
       18.33740
 31
        8.83920
 12
        0.04870
 22
       10.10780
 32
        8.83920
 13
        0.04870
 23
       10.10780
 33
       11.58240
999
FRONTSTAIRSFLR4:F_FRONTSTAIRSFLR4_10282_0_10149
  0
3DFACE
  8
FRONTSTAIRSFLR4
 62
  8
 10
        2.48710
 20
       10.10780
 30
        8.83920
 11
        0.04870
 21
       10.10780
 31
        8.83920
 12
        0.04870
 22
       18.33740
 32
        8.83920
 13
        2.48710
 23
       18.33740
 33
        8.83920
999
FRONTSTAIRSFLR4:R_FRONTSTAIRSFLR4_1_0_0
  0
3DFACE
  8
FRONTSTAIRSFLR4
 62
 15
 10
        0.04870
 20
       10.10780
 30
       11.58240
 11
        2.48710
 21
       10.10780
 31
       11.58240
 12
        2.48710
 22
       18.33740
 32
       11.58240
 13
        0.04870
 23
       18.33740
 33
       11.58240
999
FRONTSTORAGEFLR1:P_FRONTSTORAGEFLR1_10016_0_10014
  0
3DFACE
  8
FRONTSTORAGEFLR1
 62
 43
 10
        2.48710
 20
       10.10780
 30
        3.35280
 11
        2.48710
 21
       10.10780
 31
        0.00000
 12
        4.01110
 22
       10.10780
 32
        0.00000
 13
        4.01110
 23
       10.10780
 33
        3.35280
999
FRONTSTORAGEFLR1:P_FRONTSTORAGEFLR1_10088_0_10056
  0
3DFACE
  8
FRONTSTORAGEFLR1
 62
 43
 10
        4.01110
 20
       10.10780
 30
        3.35280
 11
        4.01110
 21
       10.10780
 31
        0.00000
 12
        4.01110
 22
       18.33740
 32
        0.00000
 13
        4.01110
 23
       18.33740
 33
        3.35280
999
FRONTSTORAGEFLR1:P_FRONTSTORAGEFLR1_10091_0_10058
  0
3DFACE
  8
FRONTSTORAGEFLR1
 62
 43
 10
        2.48710
 20
       18.33740
 30
        3.35280
 11
        2.48710
 21
       18.33740
 31
        0.00000
 12
        2.48710
 22
       10.10780
 32
        0.00000
 13
        2.48710
 23
       10.10780
 33
        3.35280
999
FRONTSTORAGEFLR1:W_FRONTSTORAGEFLR1_3_0_0
  0
3DFACE
  8
FRONTSTORAGEFLR1
 62
 43
 10
        4.01110
 20
       18.33740
 30
        3.35280
 11
        4.01110
 21
       18.33740
 31
        0.00000
 12
        2.48710
 22
       18.33740
 32
        0.00000
 13
        2.48710
 23
       18.33740
 33
        3.35280
999
FRONTSTORAGEFLR1:S_FRONTSTORAGEFLR1_0_0_0
  0
3DFACE
  8
FRONTSTORAGEFLR1
 62
  8
 10
        4.01110
 20
       10.10780
 30
        0.00000
 11
        2.48710
 21
       10.10780
 31
        0.00000
 12
        2.48710
 22
       18.33740
 32
        0.00000
 13
        4.01110
 23
       18.33740
 33
        0.00000
999
FRONTSTORAGEFLR1:C_FRONTSTORAGEFLR1_1_0_0
  0
3DFACE
  8
FRONTSTORAGEFLR1
 62
 15
 10
        2.48710
 20
       10.10780
 30
        3.35280
 11
        4.01110
 21
       10.10780
 31
        3.35280
 12
        4.01110
 22
       18.33740
 32
        3.35280
 13
        2.48710
 23
       18.33740
 33
        3.35280
999
FRONTSTORAGEFLR2:P_FRONTSTORAGEFLR2_10112_0_10072
  0
3DFACE
  8
FRONTSTORAGEFLR2
 62
 43
 10
        2.48710
 20
       10.10780
 30
        6.09600
 11
        2.48710
 21
       10.10780
 31
        3.35280
 12
        4.01110
 22
       10.10780
 32
        3.35280
 13
        4.01110
 23
       10.10780
 33
        6.09600
999
FRONTSTORAGEFLR2:P_FRONTSTORAGEFLR2_10184_0_10101
  0
3DFACE
  8
FRONTSTORAGEFLR2
 62
 43
 10
        4.01110
 20
       10.10780
 30
        6.09600
 11
        4.01110
 21
       10.10780
 31
        3.35280
 12
        4.01110
 22
       18.33740
 32
        3.35280
 13
        4.01110
 23
       18.33740
 33
        6.09600
999
FRONTSTORAGEFLR2:P_FRONTSTORAGEFLR2_4_0_0
  0
3DFACE
  8
FRONTSTORAGEFLR2
 62
 43
 10
        2.48710
 20
       18.33740
 30
        6.09600
 11
        2.48710
 21
       18.33740
 31
        3.35280
 12
        2.48710
 22
       10.10780
 32
        3.35280
 13
        2.48710
 23
       10.10780
 33
        6.09600
999
FRONTSTORAGEFLR2:W_FRONTSTORAGEFLR2_3_0_0
  0
3DFACE
  8
FRONTSTORAGEFLR2
 62
 43
 10
        4.01110
 20
       18.33740
 30
        6.09600
 11
        4.01110
 21
       18.33740
 31
        3.35280
 12
        2.48710
 22
       18.33740
 32
        3.35280
 13
        2.48710
 23
       18.33740
 33
        6.09600
999
FRONTSTORAGEFLR2:F_FRONTSTORAGEFLR2_10093_0_10059
  0
3DFACE
  8
FRONTSTORAGEFLR2
 62
  8
 10
        4.01110
 20
       10.10780
 30
        3.35280
 11
        2.48710
 21
       10.10780
 31
        3.35280
 12
        2.48710
 22
       18.33740
 32
        3.35280
 13
        4.01110
 23
       18.33740
 33
        3.35280
999
FRONTSTORAGEFLR2:C_FRONTSTORAGEFLR2_1_0_0
  0
3DFACE
  8
FRONTSTORAGEFLR2
 62
 15
 10
        2.48710
 20
       10.10780
 30
        6.09600
 11
        4.01110
 21
       10.10780
 31
        6.09600
 12
        4.01110
 22
       18.33740
 32
        6.09600
 13
        2.48710
 23
       18.33740
 33
        6.09600
999
FRONTSTORAGEFLR3:P_FRONTSTORAGEFLR3_10210_0_10117
  0
3DFACE
  8
FRONTSTORAGEFLR3
 62
 43
 10
        2.48710
 20
       10.10780
 30
        8.83920
 11
        2.48710
 21
       10.10780
 31
        6.09600
 12
        4.01110
 22
       10.10780
 32
        6.09600
 13
        4.01110
 23
       10.10780
 33
        8.83920
999
FRONTSTORAGEFLR3:P_FRONTSTORAGEFLR3_10274_0_10146
  0
3DFACE
  8
FRONTSTORAGEFLR3
 62
 43
 10
        4.01110
 20
       10.10780
 30
        8.83920
 11
        4.01110
 21
       10.10780
 31
        6.09600
 12
        4.01110
 22
       18.33740
 32
        6.09600
 13
        4.01110
 23
       18.33740
 33
        8.83920
999
FRONTSTORAGEFLR3:P_FRONTSTORAGEFLR3_4_0_0
  0
3DFACE
  8
FRONTSTORAGEFLR3
 62
 43
 10
        2.48710
 20
       18.33740
 30
        8.83920
 11
        2.48710
 21
       18.33740
 31
        6.09600
 12
        2.48710
 22
       10.10780
 32
        6.09600
 13
        2.48710
 23
       10.10780
 33
        8.83920
999
FRONTSTORAGEFLR3:W_FRONTSTORAGEFLR3_3_0_0
  0
3DFACE
  8
FRONTSTORAGEFLR3
 62
 43
 10
        4.01110
 20
       18.33740
 30
        8.83920
 11
        4.01110
 21
       18.33740
 31
        6.09600
 12
        2.48710
 22
       18.33740
 32
        6.09600
 13
        2.48710
 23
       18.33740
 33
        8.83920
999
FRONTSTORAGEFLR3:F_FRONTSTORAGEFLR3_10187_0_10102
  0
3DFACE
  8
FRONTSTORAGEFLR3
 62
  8
 10
        4.01110
 20
       10.10780
 30
        6.09600
 11
        2.48710
 21
       10.10780
 31
        6.09600
 12
        2.48710
 22
       18.33740
 32
        6.09600
 13
        4.01110
 23
       18.33740
 33
        6.09600
999
FRONTSTORAGEFLR3:C_FRONTSTORAGEFLR3_1_0_0
  0
3DFACE
  8
FRONTSTORAGEFLR3
 62
 15
 10
        2.48710
 20
       10.10780
 30
        8.83920
 11
        4.01110
 21
       10.10780
 31
        8.83920
 12
        4.01110
 22
       18.33740
 32
        8.83920
 13
        2.48710
 23
       18.33740
 33
        8.83920
999
FRONTSTORAGEFLR4:P_FRONTSTORAGEFLR4_10298_0_10160
  0
3DFACE
  8
FRONTSTORAGEFLR4
 62
 43
 10
        2.48710
 20
       10.10780
 30
       11.58240
 11
        2.48710
 21
       10.10780
 31
        8.83920
 12
        4.01110
 22
       10.10780
 32
        8.83920
 13
        4.01110
 23
       10.10780
 33
       11.58240
999
FRONTSTORAGEFLR4:P_FRONTSTORAGEFLR4_10350_0_10177
  0
3DFACE
  8
FRONTSTORAGEFLR4
 62
 43
 10
        4.01110
 20
       10.10780
 30
       11.58240
 11
        4.01110
 21
       10.10780
 31
        8.83920
 12
        4.01110
 22
       18.33740
 32
        8.83920
 13
        4.01110
 23
       18.33740
 33
       11.58240
999
FRONTSTORAGEFLR4:P_FRONTSTORAGEFLR4_4_0_0
  0
3DFACE
  8
FRONTSTORAGEFLR4
 62
 43
 10
        2.48710
 20
       18.33740
 30
       11.58240
 11
        2.48710
 21
       18.33740
 31
        8.83920
 12
        2.48710
 22
       10.10780
 32
        8.83920
 13
        2.48710
 23
       10.10780
 33
       11.58240
999
FRONTSTORAGEFLR4:W_FRONTSTORAGEFLR4_3_0_0
  0
3DFACE
  8
FRONTSTORAGEFLR4
 62
 43
 10
        4.01110
 20
       18.33740
 30
       11.58240
 11
        4.01110
 21
       18.33740
 31
        8.83920
 12
        2.48710
 22
       18.33740
 32
        8.83920
 13
        2.48710
 23
       18.33740
 33
       11.58240
999
FRONTSTORAGEFLR4:F_FRONTSTORAGEFLR4_10277_0_10147
  0
3DFACE
  8
FRONTSTORAGEFLR4
 62
  8
 10
        4.01110
 20
       10.10780
 30
        8.83920
 11
        2.48710
 21
       10.10780
 31
        8.83920
 12
        2.48710
 22
       18.33740
 32
        8.83920
 13
        4.01110
 23
       18.33740
 33
        8.83920
999
FRONTSTORAGEFLR4:R_FRONTSTORAGEFLR4_1_0_0
  0
3DFACE
  8
FRONTSTORAGEFLR4
 62
 15
 10
        2.48710
 20
       10.10780
 30
       11.58240
 11
        4.01110
 21
       10.10780
 31
       11.58240
 12
        4.01110
 22
       18.33740
 32
       11.58240
 13
        2.48710
 23
       18.33740
 33
       11.58240
999
GUESTROOM101:P_GUESTROOM101_10024_0_10022
  0
3DFACE
  8
GUESTROOM101
 62
 43
 10
       44.54950
 20
        8.27900
 30
        3.35280
 11
       44.54950
 21
        8.27900
 31
        0.00000
 12
       40.58710
 22
        8.27900
 32
        0.00000
 13
       40.58710
 23
        8.27900
 33
        3.35280
999
GUESTROOM101:P_GUESTROOM101_10045_0_10036
  0
3DFACE
  8
GUESTROOM101
 62
 43
 10
       40.58710
 20
        8.27900
 30
        3.35280
 11
       40.58710
 21
        8.27900
 31
        0.00000
 12
       40.58710
 22
        0.04880
 32
        0.00000
 13
       40.58710
 23
        0.04880
 33
        3.35280
999
GUESTROOM101:P_GUESTROOM101_2_0_0
  0
3DFACE
  8
GUESTROOM101
 62
 43
 10
       44.54950
 20
        0.04880
 30
        3.35280
 11
       44.54950
 21
        0.04880
 31
        0.00000
 12
       44.54950
 22
        8.27900
 32
        0.00000
 13
       44.54950
 23
        8.27900
 33
        3.35280
999
GUESTROOM101:W_GUESTROOM101_5_0_0
  0
3DFACE
  8
GUESTROOM101
 62
 43
 10
       40.58710
 20
        0.04880
 30
        3.35280
 11
       40.58710
 21
        0.04880
 31
        0.00000
 12
       44.54950
 22
        0.04880
 32
        0.00000
 13
       44.54950
 23
        0.04880
 33
        3.35280
999
GUESTROOM101:W_GUESTROOM101_5_0_0_0_0
  0
3DFACE
  8
GUESTROOM101
 62
143
 10
       41.99900
 20
        0.04880
 30
        2.39840
 11
       41.99900
 21
        0.04880
 31
        0.95440
 12
       43.13800
 22
        0.04880
 32
        0.95440
 13
       43.13800
 23
        0.04880
 33
        2.39840
999
GUESTROOM101:S_GUESTROOM101_0_0_0
  0
3DFACE
  8
GUESTROOM101
 62
  8
 10
       44.54950
 20
        0.04880
 30
        0.00000
 11
       40.58710
 21
        0.04880
 31
        0.00000
 12
       40.58710
 22
        8.27900
 32
        0.00000
 13
       44.54950
 23
        8.27900
 33
        0.00000
999
GUESTROOM101:C_GUESTROOM101_1_0_0
  0
3DFACE
  8
GUESTROOM101
 62
 15
 10
       40.58710
 20
        0.04880
 30
        3.35280
 11
       44.54950
 21
        0.04880
 31
        3.35280
 12
       44.54950
 22
        8.27900
 32
        3.35280
 13
       40.58710
 23
        8.27900
 33
        3.35280
999
GUESTROOM102:P_GUESTROOM102_10025_0_10023
  0
3DFACE
  8
GUESTROOM102
 62
 43
 10
       48.51190
 20
        8.27900
 30
        3.35280
 11
       48.51190
 21
        8.27900
 31
        0.00000
 12
       44.54950
 22
        8.27900
 32
        0.00000
 13
       44.54950
 23
        8.27900
 33
        3.35280
999
GUESTROOM102:P_GUESTROOM102_10049_0_10038
  0
3DFACE
  8
GUESTROOM102
 62
 43
 10
       44.54950
 20
        8.27900
 30
        3.35280
 11
       44.54950
 21
        8.27900
 31
        0.00000
 12
       44.54950
 22
        0.04880
 32
        0.00000
 13
       44.54950
 23
        0.04880
 33
        3.35280
999
GUESTROOM102:P_GUESTROOM102_2_0_0
  0
3DFACE
  8
GUESTROOM102
 62
 43
 10
       48.51190
 20
        0.04880
 30
        3.35280
 11
       48.51190
 21
        0.04880
 31
        0.00000
 12
       48.51190
 22
        8.27900
 32
        0.00000
 13
       48.51190
 23
        8.27900
 33
        3.35280
999
GUESTROOM102:W_GUESTROOM102_5_0_0
  0
3DFACE
  8
GUESTROOM102
 62
 43
 10
       44.54950
 20
        0.04880
 30
        3.35280
 11
       44.54950
 21
        0.04880
 31
        0.00000
 12
       48.51190
 22
        0.04880
 32
        0.00000
 13
       48.51190
 23
        0.04880
 33
        3.35280
999
GUESTROOM102:W_GUESTROOM102_5_0_0_0_0
  0
3DFACE
  8
GUESTROOM102
 62
143
 10
       45.96100
 20
        0.04880
 30
        2.39840
 11
       45.96100
 21
        0.04880
 31
        0.95440
 12
       47.10000
 22
        0.04880
 32
        0.95440
 13
       47.10000
 23
        0.04880
 33
        2.39840
999
GUESTROOM102:S_GUESTROOM102_0_0_0
  0
3DFACE
  8
GUESTROOM102
 62
  8
 10
       48.51190
 20
        0.04880
 30
        0.00000
 11
       44.54950
 21
        0.04880
 31
        0.00000
 12
       44.54950
 22
        8.27900
 32
        0.00000
 13
       48.51190
 23
        8.27900
 33
        0.00000
999
GUESTROOM102:C_GUESTROOM102_1_0_0
  0
3DFACE
  8
GUESTROOM102
 62
 15
 10
       44.54950
 20
        0.04880
 30
        3.35280
 11
       48.51190
 21
        0.04880
 31
        3.35280
 12
       48.51190
 22
        8.27900
 32
        3.35280
 13
       44.54950
 23
        8.27900
 33
        3.35280
999
GUESTROOM103:P_GUESTROOM103_10026_0_10024
  0
3DFACE
  8
GUESTROOM103
 62
 43
 10
       52.47430
 20
        8.27900
 30
        3.35280
 11
       52.47430
 21
        8.27900
 31
        0.00000
 12
       48.51190
 22
        8.27900
 32
        0.00000
 13
       48.51190
 23
        8.27900
 33
        3.35280
999
GUESTROOM103:P_GUESTROOM103_10030_0_10027
  0
3DFACE
  8
GUESTROOM103
 62
 43
 10
       52.47430
 20
        0.04880
 30
        3.35280
 11
       52.47430
 21
        0.04880
 31
        0.00000
 12
       52.47430
 22
        8.27900
 32
        0.00000
 13
       52.47430
 23
        8.27900
 33
        3.35280
999
GUESTROOM103:P_GUESTROOM103_10053_0_10040
  0
3DFACE
  8
GUESTROOM103
 62
 43
 10
       48.51190
 20
        8.27900
 30
        3.35280
 11
       48.51190
 21
        8.27900
 31
        0.00000
 12
       48.51190
 22
        0.04880
 32
        0.00000
 13
       48.51190
 23
        0.04880
 33
        3.35280
999
GUESTROOM103:W_GUESTROOM103_5_0_0
  0
3DFACE
  8
GUESTROOM103
 62
 43
 10
       48.51190
 20
        0.04880
 30
        3.35280
 11
       48.51190
 21
        0.04880
 31
        0.00000
 12
       52.47430
 22
        0.04880
 32
        0.00000
 13
       52.47430
 23
        0.04880
 33
        3.35280
999
GUESTROOM103:W_GUESTROOM103_5_0_0_0_0
  0
3DFACE
  8
GUESTROOM103
 62
143
 10
       49.92300
 20
        0.04880
 30
        2.39840
 11
       49.92300
 21
        0.04880
 31
        0.95440
 12
       51.06300
 22
        0.04880
 32
        0.95440
 13
       51.06300
 23
        0.04880
 33
        2.39840
999
GUESTROOM103:S_GUESTROOM103_0_0_0
  0
3DFACE
  8
GUESTROOM103
 62
  8
 10
       52.47430
 20
        0.04880
 30
        0.00000
 11
       48.51190
 21
        0.04880
 31
        0.00000
 12
       48.51190
 22
        8.27900
 32
        0.00000
 13
       52.47430
 23
        8.27900
 33
        0.00000
999
GUESTROOM103:C_GUESTROOM103_1_0_0
  0
3DFACE
  8
GUESTROOM103
 62
 15
 10
       48.51190
 20
        0.04880
 30
        3.35280
 11
       52.47430
 21
        0.04880
 31
        3.35280
 12
       52.47430
 22
        8.27900
 32
        3.35280
 13
       48.51190
 23
        8.27900
 33
        3.35280
999
GUESTROOM104:P_GUESTROOM104_10002_0_10001
  0
3DFACE
  8
GUESTROOM104
 62
 43
 10
       52.47430
 20
       10.10780
 30
        3.35280
 11
       52.47430
 21
       10.10780
 31
        0.00000
 12
       52.47430
 22
       18.33740
 32
        0.00000
 13
       52.47430
 23
       18.33740
 33
        3.35280
999
GUESTROOM104:P_GUESTROOM104_10007_0_10005
  0
3DFACE
  8
GUESTROOM104
 62
 43
 10
       48.51190
 20
       10.10780
 30
        3.35280
 11
       48.51190
 21
       10.10780
 31
        0.00000
 12
       52.47430
 22
       10.10780
 32
        0.00000
 13
       52.47430
 23
       10.10780
 33
        3.35280
999
GUESTROOM104:P_GUESTROOM104_4_0_0
  0
3DFACE
  8
GUESTROOM104
 62
 43
 10
       48.51190
 20
       18.33740
 30
        3.35280
 11
       48.51190
 21
       18.33740
 31
        0.00000
 12
       48.51190
 22
       10.10780
 32
        0.00000
 13
       48.51190
 23
       10.10780
 33
        3.35280
999
GUESTROOM104:W_GUESTROOM104_3_0_0
  0
3DFACE
  8
GUESTROOM104
 62
 43
 10
       52.47430
 20
       18.33740
 30
        3.35280
 11
       52.47430
 21
       18.33740
 31
        0.00000
 12
       48.51190
 22
       18.33740
 32
        0.00000
 13
       48.51190
 23
       18.33740
 33
        3.35280
999
GUESTROOM104:W_GUESTROOM104_3_0_0_0_0
  0
3DFACE
  8
GUESTROOM104
 62
143
 10
       51.06300
 20
       18.33740
 30
        2.39840
 11
       51.06300
 21
       18.33740
 31
        0.95440
 12
       49.92300
 22
       18.33740
 32
        0.95440
 13
       49.92300
 23
       18.33740
 33
        2.39840
999
GUESTROOM104:S_GUESTROOM104_0_0_0
  0
3DFACE
  8
GUESTROOM104
 62
  8
 10
       52.47430
 20
       10.10780
 30
        0.00000
 11
       48.51190
 21
       10.10780
 31
        0.00000
 12
       48.51190
 22
       18.33740
 32
        0.00000
 13
       52.47430
 23
       18.33740
 33
        0.00000
999
GUESTROOM104:C_GUESTROOM104_1_0_0
  0
3DFACE
  8
GUESTROOM104
 62
 15
 10
       48.51190
 20
       10.10780
 30
        3.35280
 11
       52.47430
 21
       10.10780
 31
        3.35280
 12
       52.47430
 22
       18.33740
 32
        3.35280
 13
       48.51190
 23
       18.33740
 33
        3.35280
999
GUESTROOM105:P_GUESTROOM105_10008_0_10006
  0
3DFACE
  8
GUESTROOM105
 62
 43
 10
       44.54950
 20
       10.10780
 30
        3.35280
 11
       44.54950
 21
       10.10780
 31
        0.00000
 12
       48.51190
 22
       10.10780
 32
        0.00000
 13
       48.51190
 23
       10.10780
 33
        3.35280
999
GUESTROOM105:P_GUESTROOM105_10062_0_10043
  0
3DFACE
  8
GUESTROOM105
 62
 43
 10
       48.51190
 20
       10.10780
 30
        3.35280
 11
       48.51190
 21
       10.10780
 31
        0.00000
 12
       48.51190
 22
       18.33740
 32
        0.00000
 13
       48.51190
 23
       18.33740
 33
        3.35280
999
GUESTROOM105:P_GUESTROOM105_4_0_0
  0
3DFACE
  8
GUESTROOM105
 62
 43
 10
       44.54950
 20
       18.33740
 30
        3.35280
 11
       44.54950
 21
       18.33740
 31
        0.00000
 12
       44.54950
 22
       10.10780
 32
        0.00000
 13
       44.54950
 23
       10.10780
 33
        3.35280
999
GUESTROOM105:W_GUESTROOM105_3_0_0
  0
3DFACE
  8
GUESTROOM105
 62
 43
 10
       48.51190
 20
       18.33740
 30
        3.35280
 11
       48.51190
 21
       18.33740
 31
        0.00000
 12
       44.54950
 22
       18.33740
 32
        0.00000
 13
       44.54950
 23
       18.33740
 33
        3.35280
999
GUESTROOM105:W_GUESTROOM105_3_0_0_0_0
  0
3DFACE
  8
GUESTROOM105
 62
143
 10
       47.10000
 20
       18.33740
 30
        2.39840
 11
       47.10000
 21
       18.33740
 31
        0.95440
 12
       45.96100
 22
       18.33740
 32
        0.95440
 13
       45.96100
 23
       18.33740
 33
        2.39840
999
GUESTROOM105:S_GUESTROOM105_0_0_0
  0
3DFACE
  8
GUESTROOM105
 62
  8
 10
       48.51190
 20
       10.10780
 30
        0.00000
 11
       44.54950
 21
       10.10780
 31
        0.00000
 12
       44.54950
 22
       18.33740
 32
        0.00000
 13
       48.51190
 23
       18.33740
 33
        0.00000
999
GUESTROOM105:C_GUESTROOM105_1_0_0
  0
3DFACE
  8
GUESTROOM105
 62
 15
 10
       44.54950
 20
       10.10780
 30
        3.35280
 11
       48.51190
 21
       10.10780
 31
        3.35280
 12
       48.51190
 22
       18.33740
 32
        3.35280
 13
       44.54950
 23
       18.33740
 33
        3.35280
999
GUESTROOM201:P_GUESTROOM201_10114_0_10074
  0
3DFACE
  8
GUESTROOM201
 62
 43
 10
        4.01110
 20
        8.27900
 30
        6.09600
 11
        4.01110
 21
        8.27900
 31
        3.35280
 12
        0.04870
 22
        8.27900
 32
        3.35280
 13
        0.04870
 23
        8.27900
 33
        6.09600
999
GUESTROOM201:P_GUESTROOM201_2_0_0
  0
3DFACE
  8
GUESTROOM201
 62
 43
 10
        4.01110
 20
        0.04880
 30
        6.09600
 11
        4.01110
 21
        0.04880
 31
        3.35280
 12
        4.01110
 22
        8.27900
 32
        3.35280
 13
        4.01110
 23
        8.27900
 33
        6.09600
999
GUESTROOM201:W_GUESTROOM201_4_0_0
  0
3DFACE
  8
GUESTROOM201
 62
 43
 10
        0.04870
 20
        8.27900
 30
        6.09600
 11
        0.04870
 21
        8.27900
 31
        3.35280
 12
        0.04870
 22
        0.04880
 32
        3.35280
 13
        0.04870
 23
        0.04880
 33
        6.09600
999
GUESTROOM201:W_GUESTROOM201_5_0_0
  0
3DFACE
  8
GUESTROOM201
 62
 43
 10
        0.04870
 20
        0.04880
 30
        6.09600
 11
        0.04870
 21
        0.04880
 31
        3.35280
 12
        4.01110
 22
        0.04880
 32
        3.35280
 13
        4.01110
 23
        0.04880
 33
        6.09600
999
GUESTROOM201:W_GUESTROOM201_5_0_0_0_0
  0
3DFACE
  8
GUESTROOM201
 62
143
 10
        1.46000
 20
        0.04880
 30
        5.44640
 11
        1.46000
 21
        0.04880
 31
        4.00240
 12
        2.59900
 22
        0.04880
 32
        4.00240
 13
        2.59900
 23
        0.04880
 33
        5.44640
999
GUESTROOM201:F_GUESTROOM201_10031_0_10028
  0
3DFACE
  8
GUESTROOM201
 62
  8
 10
        4.01110
 20
        0.04880
 30
        3.35280
 11
        0.04870
 21
        0.04880
 31
        3.35280
 12
        0.04870
 22
        8.27900
 32
        3.35280
 13
        4.01110
 23
        8.27900
 33
        3.35280
999
GUESTROOM201:C_GUESTROOM201_1_0_0
  0
3DFACE
  8
GUESTROOM201
 62
 15
 10
        0.04870
 20
        0.04880
 30
        6.09600
 11
        4.01110
 21
        0.04880
 31
        6.09600
 12
        4.01110
 22
        8.27900
 32
        6.09600
 13
        0.04870
 23
        8.27900
 33
        6.09600
999
GUESTROOM202_205:P_GUESTROOM202_205_10115_0_10075
  0
3DFACE
  8
GUESTROOM202_205
 62
 43
 10
       19.86070
 20
        8.27900
 30
        6.09600
 11
       19.86070
 21
        8.27900
 31
        3.35280
 12
        4.01110
 22
        8.27900
 32
        3.35280
 13
        4.01110
 23
        8.27900
 33
        6.09600
999
GUESTROOM202_205:P_GUESTROOM202_205_10126_0_10083
  0
3DFACE
  8
GUESTROOM202_205
 62
 43
 10
        4.01110
 20
        8.27900
 30
        6.09600
 11
        4.01110
 21
        8.27900
 31
        3.35280
 12
        4.01110
 22
        0.04880
 32
        3.35280
 13
        4.01110
 23
        0.04880
 33
        6.09600
999
GUESTROOM202_205:P_GUESTROOM202_205_2_0_0
  0
3DFACE
  8
GUESTROOM202_205
 62
 43
 10
       19.86070
 20
        0.04880
 30
        6.09600
 11
       19.86070
 21
        0.04880
 31
        3.35280
 12
       19.86070
 22
        8.27900
 32
        3.35280
 13
       19.86070
 23
        8.27900
 33
        6.09600
999
GUESTROOM202_205:W_GUESTROOM202_205_5_0_0
  0
3DFACE
  8
GUESTROOM202_205
 62
 43
 10
        4.01110
 20
        0.04880
 30
        6.09600
 11
        4.01110
 21
        0.04880
 31
        3.35280
 12
       19.86070
 22
        0.04880
 32
        3.35280
 13
       19.86070
 23
        0.04880
 33
        6.09600
999
GUESTROOM202_205:W_GUESTROOM202_205_5_0_0_0_0
  0
3DFACE
  8
GUESTROOM202_205
 62
143
 10
        5.42300
 20
        0.04880
 30
        5.44640
 11
        5.42300
 21
        0.04880
 31
        4.00240
 12
        6.56200
 22
        0.04880
 32
        4.00240
 13
        6.56200
 23
        0.04880
 33
        5.44640
999
GUESTROOM202_205:W_GUESTROOM202_205_5_0_0_0_1
  0
3DFACE
  8
GUESTROOM202_205
 62
143
 10
        9.38500
 20
        0.04880
 30
        5.44640
 11
        9.38500
 21
        0.04880
 31
        4.00240
 12
       10.52400
 22
        0.04880
 32
        4.00240
 13
       10.52400
 23
        0.04880
 33
        5.44640
999
GUESTROOM202_205:W_GUESTROOM202_205_5_0_0_0_2
  0
3DFACE
  8
GUESTROOM202_205
 62
143
 10
       13.34800
 20
        0.04880
 30
        5.44640
 11
       13.34800
 21
        0.04880
 31
        4.00240
 12
       14.48700
 22
        0.04880
 32
        4.00240
 13
       14.48700
 23
        0.04880
 33
        5.44640
999
GUESTROOM202_205:W_GUESTROOM202_205_5_0_0_0_3
  0
3DFACE
  8
GUESTROOM202_205
 62
143
 10
       17.31000
 20
        0.04880
 30
        5.44640
 11
       17.31000
 21
        0.04880
 31
        4.00240
 12
       18.44900
 22
        0.04880
 32
        4.00240
 13
       18.44900
 23
        0.04880
 33
        5.44640
999
GUESTROOM202_205:F_GUESTROOM202_205_10032_0_10029
  0
3DFACE
  8
GUESTROOM202_205
 62
  8
 10
       19.86070
 20
        0.04880
 30
        3.35280
 11
        4.01110
 21
        0.04880
 31
        3.35280
 12
        4.01110
 22
        8.27900
 32
        3.35280
 13
       19.86070
 23
        8.27900
 33
        3.35280
999
GUESTROOM202_205:C_GUESTROOM202_205_1_0_0
  0
3DFACE
  8
GUESTROOM202_205
 62
 15
 10
        4.01110
 20
        0.04880
 30
        6.09600
 11
       19.86070
 21
        0.04880
 31
        6.09600
 12
       19.86070
 22
        8.27900
 32
        6.09600
 13
        4.01110
 23
        8.27900
 33
        6.09600
999
GUESTROOM206_208:P_GUESTROOM206_208_10116_0_10076
  0
3DFACE
  8
GUESTROOM206_208
 62
 43
 10
       32.66230
 20
        8.27900
 30
        6.09600
 11
       32.66230
 21
        8.27900
 31
        3.35280
 12
       19.86070
 22
        8.27900
 32
        3.35280
 13
       19.86070
 23
        8.27900
 33
        6.09600
999
GUESTROOM206_208:P_GUESTROOM206_208_10130_0_10085
  0
3DFACE
  8
GUESTROOM206_208
 62
 43
 10
       19.86070
 20
        8.27900
 30
        6.09600
 11
       19.86070
 21
        8.27900
 31
        3.35280
 12
       19.86070
 22
        0.04880
 32
        3.35280
 13
       19.86070
 23
        0.04880
 33
        6.09600
999
GUESTROOM206_208:P_GUESTROOM206_208_2_0_0
  0
3DFACE
  8
GUESTROOM206_208
 62
 43
 10
       32.66230
 20
        0.04880
 30
        6.09600
 11
       32.66230
 21
        0.04880
 31
        3.35280
 12
       32.66230
 22
        8.27900
 32
        3.35280
 13
       32.66230
 23
        8.27900
 33
        6.09600
999
GUESTROOM206_208:W_GUESTROOM206_208_5_0_0
  0
3DFACE
  8
GUESTROOM206_208
 62
 43
 10
       19.86070
 20
        0.04880
 30
        6.09600
 11
       19.86070
 21
        0.04880
 31
        3.35280
 12
       32.66230
 22
        0.04880
 32
        3.35280
 13
       32.66230
 23
        0.04880
 33
        6.09600
999
GUESTROOM206_208:W_GUESTROOM206_208_5_0_0_0_0
  0
3DFACE
  8
GUESTROOM206_208
 62
143
 10
       21.27200
 20
        0.04880
 30
        5.44640
 11
       21.27200
 21
        0.04880
 31
        4.00240
 12
       22.41200
 22
        0.04880
 32
        4.00240
 13
       22.41200
 23
        0.04880
 33
        5.44640
999
GUESTROOM206_208:W_GUESTROOM206_208_5_0_0_0_1
  0
3DFACE
  8
GUESTROOM206_208
 62
143
 10
       25.08200
 20
        0.04880
 30
        5.44640
 11
       25.08200
 21
        0.04880
 31
        4.00240
 12
       27.44100
 22
        0.04880
 32
        4.00240
 13
       27.44100
 23
        0.04880
 33
        5.44640
999
GUESTROOM206_208:W_GUESTROOM206_208_5_0_0_0_2
  0
3DFACE
  8
GUESTROOM206_208
 62
143
 10
       30.11100
 20
        0.04880
 30
        5.44640
 11
       30.11100
 21
        0.04880
 31
        4.00240
 12
       31.25100
 22
        0.04880
 32
        4.00240
 13
       31.25100
 23
        0.04880
 33
        5.44640
999
GUESTROOM206_208:F_GUESTROOM206_208_10005_0_10004
  0
3DFACE
  8
GUESTROOM206_208
 62
  8
 10
       26.87110
 20
        0.04880
 30
        3.35280
 11
       23.82310
 21
        0.04880
 31
        3.35280
 12
       23.82310
 22
        8.27900
 32
        3.35280
 13
       26.87110
 23
        8.27900
 33
        3.35280
999
GUESTROOM206_208:F_GUESTROOM206_208_10035_0_10031
  0
3DFACE
  8
GUESTROOM206_208
 62
  8
 10
       23.82310
 20
        0.04880
 30
        3.35280
 11
       19.86070
 21
        0.04880
 31
        3.35280
 12
       19.86070
 22
        8.27900
 32
        3.35280
 13
       23.82310
 23
        8.27900
 33
        3.35280
999
GUESTROOM206_208:F_GUESTROOM206_208_10039_0_10032
  0
3DFACE
  8
GUESTROOM206_208
 62
  8
 10
       32.66230
 20
        0.04880
 30
        3.35280
 11
       26.87110
 21
        0.04880
 31
        3.35280
 12
       26.87110
 22
        8.27900
 32
        3.35280
 13
       32.66230
 23
        8.27900
 33
        3.35280
999
GUESTROOM206_208:C_GUESTROOM206_208_1_0_0
  0
3DFACE
  8
GUESTROOM206_208
 62
 15
 10
       19.86070
 20
        0.04880
 30
        6.09600
 11
       32.66230
 21
        0.04880
 31
        6.09600
 12
       32.66230
 22
        8.27900
 32
        6.09600
 13
       19.86070
 23
        8.27900
 33
        6.09600
999
GUESTROOM209_212:P_GUESTROOM209_212_10117_0_10077
  0
3DFACE
  8
GUESTROOM209_212
 62
 43
 10
       48.51190
 20
        8.27900
 30
        6.09600
 11
       48.51190
 21
        8.27900
 31
        3.35280
 12
       32.66230
 22
        8.27900
 32
        3.35280
 13
       32.66230
 23
        8.27900
 33
        6.09600
999
GUESTROOM209_212:P_GUESTROOM209_212_10137_0_10087
  0
3DFACE
  8
GUESTROOM209_212
 62
 43
 10
       32.66230
 20
        8.27900
 30
        6.09600
 11
       32.66230
 21
        8.27900
 31
        3.35280
 12
       32.66230
 22
        0.04880
 32
        3.35280
 13
       32.66230
 23
        0.04880
 33
        6.09600
999
GUESTROOM209_212:P_GUESTROOM209_212_2_0_0
  0
3DFACE
  8
GUESTROOM209_212
 62
 43
 10
       48.51190
 20
        0.04880
 30
        6.09600
 11
       48.51190
 21
        0.04880
 31
        3.35280
 12
       48.51190
 22
        8.27900
 32
        3.35280
 13
       48.51190
 23
        8.27900
 33
        6.09600
999
GUESTROOM209_212:W_GUESTROOM209_212_5_0_0
  0
3DFACE
  8
GUESTROOM209_212
 62
 43
 10
       32.66230
 20
        0.04880
 30
        6.09600
 11
       32.66230
 21
        0.04880
 31
        3.35280
 12
       48.51190
 22
        0.04880
 32
        3.35280
 13
       48.51190
 23
        0.04880
 33
        6.09600
999
GUESTROOM209_212:W_GUESTROOM209_212_5_0_0_0_0
  0
3DFACE
  8
GUESTROOM209_212
 62
143
 10
       34.07400
 20
        0.04880
 30
        5.44640
 11
       34.07400
 21
        0.04880
 31
        4.00240
 12
       35.21300
 22
        0.04880
 32
        4.00240
 13
       35.21300
 23
        0.04880
 33
        5.44640
999
GUESTROOM209_212:W_GUESTROOM209_212_5_0_0_0_1
  0
3DFACE
  8
GUESTROOM209_212
 62
143
 10
       38.03600
 20
        0.04880
 30
        5.44640
 11
       38.03600
 21
        0.04880
 31
        4.00240
 12
       39.17500
 22
        0.04880
 32
        4.00240
 13
       39.17500
 23
        0.04880
 33
        5.44640
999
GUESTROOM209_212:W_GUESTROOM209_212_5_0_0_0_2
  0
3DFACE
  8
GUESTROOM209_212
 62
143
 10
       41.99900
 20
        0.04880
 30
        5.44640
 11
       41.99900
 21
        0.04880
 31
        4.00240
 12
       43.13800
 22
        0.04880
 32
        4.00240
 13
       43.13800
 23
        0.04880
 33
        5.44640
999
GUESTROOM209_212:W_GUESTROOM209_212_5_0_0_0_3
  0
3DFACE
  8
GUESTROOM209_212
 62
143
 10
       45.96100
 20
        0.04880
 30
        5.44640
 11
       45.96100
 21
        0.04880
 31
        4.00240
 12
       47.10000
 22
        0.04880
 32
        4.00240
 13
       47.10000
 23
        0.04880
 33
        5.44640
999
GUESTROOM209_212:F_GUESTROOM209_212_10040_0_10033
  0
3DFACE
  8
GUESTROOM209_212
 62
  8
 10
       36.62470
 20
        0.04880
 30
        3.35280
 11
       32.66230
 21
        0.04880
 31
        3.35280
 12
       32.66230
 22
        8.27900
 32
        3.35280
 13
       36.62470
 23
        8.27900
 33
        3.35280
999
GUESTROOM209_212:F_GUESTROOM209_212_10044_0_10035
  0
3DFACE
  8
GUESTROOM209_212
 62
  8
 10
       40.58710
 20
        0.04880
 30
        3.35280
 11
       36.62470
 21
        0.04880
 31
        3.35280
 12
       36.62470
 22
        8.27900
 32
        3.35280
 13
       40.58710
 23
        8.27900
 33
        3.35280
999
GUESTROOM209_212:F_GUESTROOM209_212_10048_0_10037
  0
3DFACE
  8
GUESTROOM209_212
 62
  8
 10
       44.54950
 20
        0.04880
 30
        3.35280
 11
       40.58710
 21
        0.04880
 31
        3.35280
 12
       40.58710
 22
        8.27900
 32
        3.35280
 13
       44.54950
 23
        8.27900
 33
        3.35280
999
GUESTROOM209_212:F_GUESTROOM209_212_10052_0_10039
  0
3DFACE
  8
GUESTROOM209_212
 62
  8
 10
       48.51190
 20
        0.04880
 30
        3.35280
 11
       44.54950
 21
        0.04880
 31
        3.35280
 12
       44.54950
 22
        8.27900
 32
        3.35280
 13
       48.51190
 23
        8.27900
 33
        3.35280
999
GUESTROOM209_212:C_GUESTROOM209_212_1_0_0
  0
3DFACE
  8
GUESTROOM209_212
 62
 15
 10
       32.66230
 20
        0.04880
 30
        6.09600
 11
       48.51190
 21
        0.04880
 31
        6.09600
 12
       48.51190
 22
        8.27900
 32
        6.09600
 13
       32.66230
 23
        8.27900
 33
        6.09600
999
GUESTROOM213:P_GUESTROOM213_10118_0_10078
  0
3DFACE
  8
GUESTROOM213
 62
 43
 10
       52.47430
 20
        8.27900
 30
        6.09600
 11
       52.47430
 21
        8.27900
 31
        3.35280
 12
       48.51190
 22
        8.27900
 32
        3.35280
 13
       48.51190
 23
        8.27900
 33
        6.09600
999
GUESTROOM213:P_GUESTROOM213_10123_0_10081
  0
3DFACE
  8
GUESTROOM213
 62
 43
 10
       52.47430
 20
        0.04880
 30
        6.09600
 11
       52.47430
 21
        0.04880
 31
        3.35280
 12
       52.47430
 22
        8.27900
 32
        3.35280
 13
       52.47430
 23
        8.27900
 33
        6.09600
999
GUESTROOM213:P_GUESTROOM213_10145_0_10089
  0
3DFACE
  8
GUESTROOM213
 62
 43
 10
       48.51190
 20
        8.27900
 30
        6.09600
 11
       48.51190
 21
        8.27900
 31
        3.35280
 12
       48.51190
 22
        0.04880
 32
        3.35280
 13
       48.51190
 23
        0.04880
 33
        6.09600
999
GUESTROOM213:W_GUESTROOM213_5_0_0
  0
3DFACE
  8
GUESTROOM213
 62
 43
 10
       48.51190
 20
        0.04880
 30
        6.09600
 11
       48.51190
 21
        0.04880
 31
        3.35280
 12
       52.47430
 22
        0.04880
 32
        3.35280
 13
       52.47430
 23
        0.04880
 33
        6.09600
999
GUESTROOM213:W_GUESTROOM213_5_0_0_0_0
  0
3DFACE
  8
GUESTROOM213
 62
143
 10
       49.92300
 20
        0.04880
 30
        5.44640
 11
       49.92300
 21
        0.04880
 31
        4.00240
 12
       51.06300
 22
        0.04880
 32
        4.00240
 13
       51.06300
 23
        0.04880
 33
        5.44640
999
GUESTROOM213:F_GUESTROOM213_10056_0_10041
  0
3DFACE
  8
GUESTROOM213
 62
  8
 10
       52.47430
 20
        0.04880
 30
        3.35280
 11
       48.51190
 21
        0.04880
 31
        3.35280
 12
       48.51190
 22
        8.27900
 32
        3.35280
 13
       52.47430
 23
        8.27900
 33
        3.35280
999
GUESTROOM213:C_GUESTROOM213_1_0_0
  0
3DFACE
  8
GUESTROOM213
 62
 15
 10
       48.51190
 20
        0.04880
 30
        6.09600
 11
       52.47430
 21
        0.04880
 31
        6.09600
 12
       52.47430
 22
        8.27900
 32
        6.09600
 13
       48.51190
 23
        8.27900
 33
        6.09600
999
GUESTROOM214:P_GUESTROOM214_10099_0_10061
  0
3DFACE
  8
GUESTROOM214
 62
 43
 10
       52.47430
 20
       10.10780
 30
        6.09600
 11
       52.47430
 21
       10.10780
 31
        3.35280
 12
       52.47430
 22
       18.33740
 32
        3.35280
 13
       52.47430
 23
       18.33740
 33
        6.09600
999
GUESTROOM214:P_GUESTROOM214_10104_0_10064
  0
3DFACE
  8
GUESTROOM214
 62
 43
 10
       48.51190
 20
       10.10780
 30
        6.09600
 11
       48.51190
 21
       10.10780
 31
        3.35280
 12
       52.47430
 22
       10.10780
 32
        3.35280
 13
       52.47430
 23
       10.10780
 33
        6.09600
999
GUESTROOM214:P_GUESTROOM214_4_0_0
  0
3DFACE
  8
GUESTROOM214
 62
 43
 10
       48.51190
 20
       18.33740
 30
        6.09600
 11
       48.51190
 21
       18.33740
 31
        3.35280
 12
       48.51190
 22
       10.10780
 32
        3.35280
 13
       48.51190
 23
       10.10780
 33
        6.09600
999
GUESTROOM214:W_GUESTROOM214_3_0_0
  0
3DFACE
  8
GUESTROOM214
 62
 43
 10
       52.47430
 20
       18.33740
 30
        6.09600
 11
       52.47430
 21
       18.33740
 31
        3.35280
 12
       48.51190
 22
       18.33740
 32
        3.35280
 13
       48.51190
 23
       18.33740
 33
        6.09600
999
GUESTROOM214:W_GUESTROOM214_3_0_0_0_0
  0
3DFACE
  8
GUESTROOM214
 62
143
 10
       51.06300
 20
       18.33740
 30
        5.44640
 11
       51.06300
 21
       18.33740
 31
        4.00240
 12
       49.92300
 22
       18.33740
 32
        4.00240
 13
       49.92300
 23
       18.33740
 33
        5.44640
999
GUESTROOM214:F_GUESTROOM214_10060_0_10042
  0
3DFACE
  8
GUESTROOM214
 62
  8
 10
       52.47430
 20
       10.10780
 30
        3.35280
 11
       48.51190
 21
       10.10780
 31
        3.35280
 12
       48.51190
 22
       18.33740
 32
        3.35280
 13
       52.47430
 23
       18.33740
 33
        3.35280
999
GUESTROOM214:C_GUESTROOM214_1_0_0
  0
3DFACE
  8
GUESTROOM214
 62
 15
 10
       48.51190
 20
       10.10780
 30
        6.09600
 11
       52.47430
 21
       10.10780
 31
        6.09600
 12
       52.47430
 22
       18.33740
 32
        6.09600
 13
       48.51190
 23
       18.33740
 33
        6.09600
999
GUESTROOM215_218:P_GUESTROOM215_218_10105_0_10065
  0
3DFACE
  8
GUESTROOM215_218
 62
 43
 10
       32.66230
 20
       10.10780
 30
        6.09600
 11
       32.66230
 21
       10.10780
 31
        3.35280
 12
       48.51190
 22
       10.10780
 32
        3.35280
 13
       48.51190
 23
       10.10780
 33
        6.09600
999
GUESTROOM215_218:P_GUESTROOM215_218_10156_0_10092
  0
3DFACE
  8
GUESTROOM215_218
 62
 43
 10
       48.51190
 20
       10.10780
 30
        6.09600
 11
       48.51190
 21
       10.10780
 31
        3.35280
 12
       48.51190
 22
       18.33740
 32
        3.35280
 13
       48.51190
 23
       18.33740
 33
        6.09600
999
GUESTROOM215_218:P_GUESTROOM215_218_4_0_0
  0
3DFACE
  8
GUESTROOM215_218
 62
 43
 10
       32.66230
 20
       18.33740
 30
        6.09600
 11
       32.66230
 21
       18.33740
 31
        3.35280
 12
       32.66230
 22
       10.10780
 32
        3.35280
 13
       32.66230
 23
       10.10780
 33
        6.09600
999
GUESTROOM215_218:W_GUESTROOM215_218_3_0_0
  0
3DFACE
  8
GUESTROOM215_218
 62
 43
 10
       48.51190
 20
       18.33740
 30
        6.09600
 11
       48.51190
 21
       18.33740
 31
        3.35280
 12
       32.66230
 22
       18.33740
 32
        3.35280
 13
       32.66230
 23
       18.33740
 33
        6.09600
999
GUESTROOM215_218:W_GUESTROOM215_218_3_0_0_0_0
  0
3DFACE
  8
GUESTROOM215_218
 62
143
 10
       47.10000
 20
       18.33740
 30
        5.44640
 11
       47.10000
 21
       18.33740
 31
        4.00240
 12
       45.96100
 22
       18.33740
 32
        4.00240
 13
       45.96100
 23
       18.33740
 33
        5.44640
999
GUESTROOM215_218:W_GUESTROOM215_218_3_0_0_0_1
  0
3DFACE
  8
GUESTROOM215_218
 62
143
 10
       43.13800
 20
       18.33740
 30
        5.44640
 11
       43.13800
 21
       18.33740
 31
        4.00240
 12
       41.99900
 22
       18.33740
 32
        4.00240
 13
       41.99900
 23
       18.33740
 33
        5.44640
999
GUESTROOM215_218:W_GUESTROOM215_218_3_0_0_0_2
  0
3DFACE
  8
GUESTROOM215_218
 62
143
 10
       39.17500
 20
       18.33740
 30
        5.44640
 11
       39.17500
 21
       18.33740
 31
        4.00240
 12
       38.03600
 22
       18.33740
 32
        4.00240
 13
       38.03600
 23
       18.33740
 33
        5.44640
999
GUESTROOM215_218:W_GUESTROOM215_218_3_0_0_0_3
  0
3DFACE
  8
GUESTROOM215_218
 62
143
 10
       35.21300
 20
       18.33740
 30
        5.44640
 11
       35.21300
 21
       18.33740
 31
        4.00240
 12
       34.07400
 22
       18.33740
 32
        4.00240
 13
       34.07400
 23
       18.33740
 33
        5.44640
999
GUESTROOM215_218:F_GUESTROOM215_218_10064_0_10044
  0
3DFACE
  8
GUESTROOM215_218
 62
  8
 10
       48.51190
 20
       10.10780
 30
        3.35280
 11
       44.54950
 21
       10.10780
 31
        3.35280
 12
       44.54950
 22
       18.33740
 32
        3.35280
 13
       48.51190
 23
       18.33740
 33
        3.35280
999
GUESTROOM215_218:F_GUESTROOM215_218_10068_0_10046
  0
3DFACE
  8
GUESTROOM215_218
 62
  8
 10
       44.54950
 20
       10.10780
 30
        3.35280
 11
       40.58710
 21
       10.10780
 31
        3.35280
 12
       40.58710
 22
       18.33740
 32
        3.35280
 13
       44.54950
 23
       18.33740
 33
        3.35280
999
GUESTROOM215_218:F_GUESTROOM215_218_10072_0_10048
  0
3DFACE
  8
GUESTROOM215_218
 62
  8
 10
       40.58710
 20
       10.10780
 30
        3.35280
 11
       32.66230
 21
       10.10780
 31
        3.35280
 12
       32.66230
 22
       18.33740
 32
        3.35280
 13
       40.58710
 23
       18.33740
 33
        3.35280
999
GUESTROOM215_218:C_GUESTROOM215_218_1_0_0
  0
3DFACE
  8
GUESTROOM215_218
 62
 15
 10
       32.66230
 20
       10.10780
 30
        6.09600
 11
       48.51190
 21
       10.10780
 31
        6.09600
 12
       48.51190
 22
       18.33740
 32
        6.09600
 13
       32.66230
 23
       18.33740
 33
        6.09600
999
GUESTROOM219:P_GUESTROOM219_10106_0_10066
  0
3DFACE
  8
GUESTROOM219
 62
 43
 10
       28.69990
 20
       10.10780
 30
        6.09600
 11
       28.69990
 21
       10.10780
 31
        3.35280
 12
       32.66230
 22
       10.10780
 32
        3.35280
 13
       32.66230
 23
       10.10780
 33
        6.09600
999
GUESTROOM219:P_GUESTROOM219_10163_0_10094
  0
3DFACE
  8
GUESTROOM219
 62
 43
 10
       32.66230
 20
       10.10780
 30
        6.09600
 11
       32.66230
 21
       10.10780
 31
        3.35280
 12
       32.66230
 22
       18.33740
 32
        3.35280
 13
       32.66230
 23
       18.33740
 33
        6.09600
999
GUESTROOM219:P_GUESTROOM219_10167_0_10096
  0
3DFACE
  8
GUESTROOM219
 62
 43
 10
       28.69990
 20
       18.33740
 30
        6.09600
 11
       28.69990
 21
       18.33740
 31
        3.35280
 12
       28.69990
 22
       10.10780
 32
        3.35280
 13
       28.69990
 23
       10.10780
 33
        6.09600
999
GUESTROOM219:W_GUESTROOM219_3_0_0
  0
3DFACE
  8
GUESTROOM219
 62
 43
 10
       32.66230
 20
       18.33740
 30
        6.09600
 11
       32.66230
 21
       18.33740
 31
        3.35280
 12
       28.69990
 22
       18.33740
 32
        3.35280
 13
       28.69990
 23
       18.33740
 33
        6.09600
999
GUESTROOM219:W_GUESTROOM219_3_0_0_0_0
  0
3DFACE
  8
GUESTROOM219
 62
143
 10
       31.25100
 20
       18.33740
 30
        5.44640
 11
       31.25100
 21
       18.33740
 31
        4.00240
 12
       30.11100
 22
       18.33740
 32
        4.00240
 13
       30.11100
 23
       18.33740
 33
        5.44640
999
GUESTROOM219:F_GUESTROOM219_10073_0_10049
  0
3DFACE
  8
GUESTROOM219
 62
  8
 10
       32.66230
 20
       10.10780
 30
        3.35280
 11
       28.69990
 21
       10.10780
 31
        3.35280
 12
       28.69990
 22
       18.33740
 32
        3.35280
 13
       32.66230
 23
       18.33740
 33
        3.35280
999
GUESTROOM219:C_GUESTROOM219_1_0_0
  0
3DFACE
  8
GUESTROOM219
 62
 15
 10
       28.69990
 20
       10.10780
 30
        6.09600
 11
       32.66230
 21
       10.10780
 31
        6.09600
 12
       32.66230
 22
       18.33740
 32
        6.09600
 13
       28.69990
 23
       18.33740
 33
        6.09600
999
GUESTROOM220_223:P_GUESTROOM220_223_10109_0_10069
  0
3DFACE
  8
GUESTROOM220_223
 62
 43
 10
       23.82310
 20
       10.10780
 30
        6.09600
 11
       23.82310
 21
       10.10780
 31
        3.35280
 12
       23.82310
 22
       18.33740
 32
        3.35280
 13
       23.82310
 23
       18.33740
 33
        6.09600
999
GUESTROOM220_223:P_GUESTROOM220_223_10110_0_10070
  0
3DFACE
  8
GUESTROOM220_223
 62
 43
 10
        7.97350
 20
       10.10780
 30
        6.09600
 11
        7.97350
 21
       10.10780
 31
        3.35280
 12
       23.82310
 22
       10.10780
 32
        3.35280
 13
       23.82310
 23
       10.10780
 33
        6.09600
999
GUESTROOM220_223:P_GUESTROOM220_223_4_0_0
  0
3DFACE
  8
GUESTROOM220_223
 62
 43
 10
        7.97350
 20
       18.33740
 30
        6.09600
 11
        7.97350
 21
       18.33740
 31
        3.35280
 12
        7.97350
 22
       10.10780
 32
        3.35280
 13
        7.97350
 23
       10.10780
 33
        6.09600
999
GUESTROOM220_223:W_GUESTROOM220_223_3_0_0
  0
3DFACE
  8
GUESTROOM220_223
 62
 43
 10
       23.82310
 20
       18.33740
 30
        6.09600
 11
       23.82310
 21
       18.33740
 31
        3.35280
 12
        7.97350
 22
       18.33740
 32
        3.35280
 13
        7.97350
 23
       18.33740
 33
        6.09600
999
GUESTROOM220_223:W_GUESTROOM220_223_3_0_0_0_0
  0
3DFACE
  8
GUESTROOM220_223
 62
143
 10
       22.41200
 20
       18.33740
 30
        5.44640
 11
       22.41200
 21
       18.33740
 31
        4.00240
 12
       21.27200
 22
       18.33740
 32
        4.00240
 13
       21.27200
 23
       18.33740
 33
        5.44640
999
GUESTROOM220_223:W_GUESTROOM220_223_3_0_0_0_1
  0
3DFACE
  8
GUESTROOM220_223
 62
143
 10
       18.44900
 20
       18.33740
 30
        5.44640
 11
       18.44900
 21
       18.33740
 31
        4.00240
 12
       17.31000
 22
       18.33740
 32
        4.00240
 13
       17.31000
 23
       18.33740
 33
        5.44640
999
GUESTROOM220_223:W_GUESTROOM220_223_3_0_0_0_2
  0
3DFACE
  8
GUESTROOM220_223
 62
143
 10
       14.48700
 20
       18.33740
 30
        5.44640
 11
       14.48700
 21
       18.33740
 31
        4.00240
 12
       13.34800
 22
       18.33740
 32
        4.00240
 13
       13.34800
 23
       18.33740
 33
        5.44640
999
GUESTROOM220_223:W_GUESTROOM220_223_3_0_0_0_3
  0
3DFACE
  8
GUESTROOM220_223
 62
143
 10
       10.52400
 20
       18.33740
 30
        5.44640
 11
       10.52400
 21
       18.33740
 31
        4.00240
 12
        9.38500
 22
       18.33740
 32
        4.00240
 13
        9.38500
 23
       18.33740
 33
        5.44640
999
GUESTROOM220_223:F_GUESTROOM220_223_10081_0_10052
  0
3DFACE
  8
GUESTROOM220_223
 62
  8
 10
       23.82310
 20
       10.10780
 30
        3.35280
 11
       19.86070
 21
       10.10780
 31
        3.35280
 12
       19.86070
 22
       18.33740
 32
        3.35280
 13
       23.82310
 23
       18.33740
 33
        3.35280
999
GUESTROOM220_223:F_GUESTROOM220_223_10085_0_10054
  0
3DFACE
  8
GUESTROOM220_223
 62
  8
 10
       19.86070
 20
       10.10780
 30
        3.35280
 11
        7.97350
 21
       10.10780
 31
        3.35280
 12
        7.97350
 22
       18.33740
 32
        3.35280
 13
       19.86070
 23
       18.33740
 33
        3.35280
999
GUESTROOM220_223:C_GUESTROOM220_223_1_0_0
  0
3DFACE
  8
GUESTROOM220_223
 62
 15
 10
        7.97350
 20
       10.10780
 30
        6.09600
 11
       23.82310
 21
       10.10780
 31
        6.09600
 12
       23.82310
 22
       18.33740
 32
        6.09600
 13
        7.97350
 23
       18.33740
 33
        6.09600
999
GUESTROOM224:P_GUESTROOM224_10111_0_10071
  0
3DFACE
  8
GUESTROOM224
 62
 43
 10
        4.01110
 20
       10.10780
 30
        6.09600
 11
        4.01110
 21
       10.10780
 31
        3.35280
 12
        7.97350
 22
       10.10780
 32
        3.35280
 13
        7.97350
 23
       10.10780
 33
        6.09600
999
GUESTROOM224:P_GUESTROOM224_10179_0_10099
  0
3DFACE
  8
GUESTROOM224
 62
 43
 10
        7.97350
 20
       10.10780
 30
        6.09600
 11
        7.97350
 21
       10.10780
 31
        3.35280
 12
        7.97350
 22
       18.33740
 32
        3.35280
 13
        7.97350
 23
       18.33740
 33
        6.09600
999
GUESTROOM224:P_GUESTROOM224_4_0_0
  0
3DFACE
  8
GUESTROOM224
 62
 43
 10
        4.01110
 20
       18.33740
 30
        6.09600
 11
        4.01110
 21
       18.33740
 31
        3.35280
 12
        4.01110
 22
       10.10780
 32
        3.35280
 13
        4.01110
 23
       10.10780
 33
        6.09600
999
GUESTROOM224:W_GUESTROOM224_3_0_0
  0
3DFACE
  8
GUESTROOM224
 62
 43
 10
        7.97350
 20
       18.33740
 30
        6.09600
 11
        7.97350
 21
       18.33740
 31
        3.35280
 12
        4.01110
 22
       18.33740
 32
        3.35280
 13
        4.01110
 23
       18.33740
 33
        6.09600
999
GUESTROOM224:W_GUESTROOM224_3_0_0_0_0
  0
3DFACE
  8
GUESTROOM224
 62
143
 10
        6.56200
 20
       18.33740
 30
        5.44640
 11
        6.56200
 21
       18.33740
 31
        4.00240
 12
        5.42300
 22
       18.33740
 32
        4.00240
 13
        5.42300
 23
       18.33740
 33
        5.44640
999
GUESTROOM224:F_GUESTROOM224_10086_0_10055
  0
3DFACE
  8
GUESTROOM224
 62
  8
 10
        7.97350
 20
       10.10780
 30
        3.35280
 11
        4.01110
 21
       10.10780
 31
        3.35280
 12
        4.01110
 22
       18.33740
 32
        3.35280
 13
        7.97350
 23
       18.33740
 33
        3.35280
999
GUESTROOM224:C_GUESTROOM224_1_0_0
  0
3DFACE
  8
GUESTROOM224
 62
 15
 10
        4.01110
 20
       10.10780
 30
        6.09600
 11
        7.97350
 21
       10.10780
 31
        6.09600
 12
        7.97350
 22
       18.33740
 32
        6.09600
 13
        4.01110
 23
       18.33740
 33
        6.09600
999
GUESTROOM301:P_GUESTROOM301_10212_0_10119
  0
3DFACE
  8
GUESTROOM301
 62
 43
 10
        4.01110
 20
        8.27900
 30
        8.83920
 11
        4.01110
 21
        8.27900
 31
        6.09600
 12
        0.04870
 22
        8.27900
 32
        6.09600
 13
        0.04870
 23
        8.27900
 33
        8.83920
999
GUESTROOM301:P_GUESTROOM301_2_0_0
  0
3DFACE
  8
GUESTROOM301
 62
 43
 10
        4.01110
 20
        0.04880
 30
        8.83920
 11
        4.01110
 21
        0.04880
 31
        6.09600
 12
        4.01110
 22
        8.27900
 32
        6.09600
 13
        4.01110
 23
        8.27900
 33
        8.83920
999
GUESTROOM301:W_GUESTROOM301_4_0_0
  0
3DFACE
  8
GUESTROOM301
 62
 43
 10
        0.04870
 20
        8.27900
 30
        8.83920
 11
        0.04870
 21
        8.27900
 31
        6.09600
 12
        0.04870
 22
        0.04880
 32
        6.09600
 13
        0.04870
 23
        0.04880
 33
        8.83920
999
GUESTROOM301:W_GUESTROOM301_5_0_0
  0
3DFACE
  8
GUESTROOM301
 62
 43
 10
        0.04870
 20
        0.04880
 30
        8.83920
 11
        0.04870
 21
        0.04880
 31
        6.09600
 12
        4.01110
 22
        0.04880
 32
        6.09600
 13
        4.01110
 23
        0.04880
 33
        8.83920
999
GUESTROOM301:W_GUESTROOM301_5_0_0_0_0
  0
3DFACE
  8
GUESTROOM301
 62
143
 10
        1.46000
 20
        0.04880
 30
        8.18960
 11
        1.46000
 21
        0.04880
 31
        6.74560
 12
        2.59900
 22
        0.04880
 32
        6.74560
 13
        2.59900
 23
        0.04880
 33
        8.18960
999
GUESTROOM301:F_GUESTROOM301_10125_0_10082
  0
3DFACE
  8
GUESTROOM301
 62
  8
 10
        4.01110
 20
        0.04880
 30
        6.09600
 11
        0.04870
 21
        0.04880
 31
        6.09600
 12
        0.04870
 22
        8.27900
 32
        6.09600
 13
        4.01110
 23
        8.27900
 33
        6.09600
999
GUESTROOM301:C_GUESTROOM301_1_0_0
  0
3DFACE
  8
GUESTROOM301
 62
 15
 10
        0.04870
 20
        0.04880
 30
        8.83920
 11
        4.01110
 21
        0.04880
 31
        8.83920
 12
        4.01110
 22
        8.27900
 32
        8.83920
 13
        0.04870
 23
        8.27900
 33
        8.83920
999
GUESTROOM302_305:P_GUESTROOM302_305_10213_0_10120
  0
3DFACE
  8
GUESTROOM302_305
 62
 43
 10
       19.86070
 20
        8.27900
 30
        8.83920
 11
       19.86070
 21
        8.27900
 31
        6.09600
 12
        4.01110
 22
        8.27900
 32
        6.09600
 13
        4.01110
 23
        8.27900
 33
        8.83920
999
GUESTROOM302_305:P_GUESTROOM302_305_10224_0_10128
  0
3DFACE
  8
GUESTROOM302_305
 62
 43
 10
        4.01110
 20
        8.27900
 30
        8.83920
 11
        4.01110
 21
        8.27900
 31
        6.09600
 12
        4.01110
 22
        0.04880
 32
        6.09600
 13
        4.01110
 23
        0.04880
 33
        8.83920
999
GUESTROOM302_305:P_GUESTROOM302_305_2_0_0
  0
3DFACE
  8
GUESTROOM302_305
 62
 43
 10
       19.86070
 20
        0.04880
 30
        8.83920
 11
       19.86070
 21
        0.04880
 31
        6.09600
 12
       19.86070
 22
        8.27900
 32
        6.09600
 13
       19.86070
 23
        8.27900
 33
        8.83920
999
GUESTROOM302_305:W_GUESTROOM302_305_5_0_0
  0
3DFACE
  8
GUESTROOM302_305
 62
 43
 10
        4.01110
 20
        0.04880
 30
        8.83920
 11
        4.01110
 21
        0.04880
 31
        6.09600
 12
       19.86070
 22
        0.04880
 32
        6.09600
 13
       19.86070
 23
        0.04880
 33
        8.83920
999
GUESTROOM302_305:W_GUESTROOM302_305_5_0_0_0_0
  0
3DFACE
  8
GUESTROOM302_305
 62
143
 10
        5.42300
 20
        0.04880
 30
        8.18960
 11
        5.42300
 21
        0.04880
 31
        6.74560
 12
        6.56200
 22
        0.04880
 32
        6.74560
 13
        6.56200
 23
        0.04880
 33
        8.18960
999
GUESTROOM302_305:W_GUESTROOM302_305_5_0_0_0_1
  0
3DFACE
  8
GUESTROOM302_305
 62
143
 10
        9.38500
 20
        0.04880
 30
        8.18960
 11
        9.38500
 21
        0.04880
 31
        6.74560
 12
       10.52400
 22
        0.04880
 32
        6.74560
 13
       10.52400
 23
        0.04880
 33
        8.18960
999
GUESTROOM302_305:W_GUESTROOM302_305_5_0_0_0_2
  0
3DFACE
  8
GUESTROOM302_305
 62
143
 10
       13.34800
 20
        0.04880
 30
        8.18960
 11
       13.34800
 21
        0.04880
 31
        6.74560
 12
       14.48700
 22
        0.04880
 32
        6.74560
 13
       14.48700
 23
        0.04880
 33
        8.18960
999
GUESTROOM302_305:W_GUESTROOM302_305_5_0_0_0_3
  0
3DFACE
  8
GUESTROOM302_305
 62
143
 10
       17.31000
 20
        0.04880
 30
        8.18960
 11
       17.31000
 21
        0.04880
 31
        6.74560
 12
       18.44900
 22
        0.04880
 32
        6.74560
 13
       18.44900
 23
        0.04880
 33
        8.18960
999
GUESTROOM302_305:F_GUESTROOM302_305_10129_0_10084
  0
3DFACE
  8
GUESTROOM302_305
 62
  8
 10
       19.86070
 20
        0.04880
 30
        6.09600
 11
        4.01110
 21
        0.04880
 31
        6.09600
 12
        4.01110
 22
        8.27900
 32
        6.09600
 13
       19.86070
 23
        8.27900
 33
        6.09600
999
GUESTROOM302_305:C_GUESTROOM302_305_1_0_0
  0
3DFACE
  8
GUESTROOM302_305
 62
 15
 10
        4.01110
 20
        0.04880
 30
        8.83920
 11
       19.86070
 21
        0.04880
 31
        8.83920
 12
       19.86070
 22
        8.27900
 32
        8.83920
 13
        4.01110
 23
        8.27900
 33
        8.83920
999
GUESTROOM306_308:P_GUESTROOM306_308_10214_0_10121
  0
3DFACE
  8
GUESTROOM306_308
 62
 43
 10
       32.66230
 20
        8.27900
 30
        8.83920
 11
       32.66230
 21
        8.27900
 31
        6.09600
 12
       19.86070
 22
        8.27900
 32
        6.09600
 13
       19.86070
 23
        8.27900
 33
        8.83920
999
GUESTROOM306_308:P_GUESTROOM306_308_10228_0_10130
  0
3DFACE
  8
GUESTROOM306_308
 62
 43
 10
       19.86070
 20
        8.27900
 30
        8.83920
 11
       19.86070
 21
        8.27900
 31
        6.09600
 12
       19.86070
 22
        0.04880
 32
        6.09600
 13
       19.86070
 23
        0.04880
 33
        8.83920
999
GUESTROOM306_308:P_GUESTROOM306_308_2_0_0
  0
3DFACE
  8
GUESTROOM306_308
 62
 43
 10
       32.66230
 20
        0.04880
 30
        8.83920
 11
       32.66230
 21
        0.04880
 31
        6.09600
 12
       32.66230
 22
        8.27900
 32
        6.09600
 13
       32.66230
 23
        8.27900
 33
        8.83920
999
GUESTROOM306_308:W_GUESTROOM306_308_5_0_0
  0
3DFACE
  8
GUESTROOM306_308
 62
 43
 10
       19.86070
 20
        0.04880
 30
        8.83920
 11
       19.86070
 21
        0.04880
 31
        6.09600
 12
       32.66230
 22
        0.04880
 32
        6.09600
 13
       32.66230
 23
        0.04880
 33
        8.83920
999
GUESTROOM306_308:W_GUESTROOM306_308_5_0_0_0_0
  0
3DFACE
  8
GUESTROOM306_308
 62
143
 10
       21.27200
 20
        0.04880
 30
        8.18960
 11
       21.27200
 21
        0.04880
 31
        6.74560
 12
       22.41200
 22
        0.04880
 32
        6.74560
 13
       22.41200
 23
        0.04880
 33
        8.18960
999
GUESTROOM306_308:W_GUESTROOM306_308_5_0_0_0_1
  0
3DFACE
  8
GUESTROOM306_308
 62
143
 10
       25.08200
 20
        0.04880
 30
        8.18960
 11
       25.08200
 21
        0.04880
 31
        6.74560
 12
       27.44100
 22
        0.04880
 32
        6.74560
 13
       27.44100
 23
        0.04880
 33
        8.18960
999
GUESTROOM306_308:W_GUESTROOM306_308_5_0_0_0_2
  0
3DFACE
  8
GUESTROOM306_308
 62
143
 10
       30.11100
 20
        0.04880
 30
        8.18960
 11
       30.11100
 21
        0.04880
 31
        6.74560
 12
       31.25100
 22
        0.04880
 32
        6.74560
 13
       31.25100
 23
        0.04880
 33
        8.18960
999
GUESTROOM306_308:F_GUESTROOM306_308_10136_0_10086
  0
3DFACE
  8
GUESTROOM306_308
 62
  8
 10
       32.66230
 20
        0.04880
 30
        6.09600
 11
       19.86070
 21
        0.04880
 31
        6.09600
 12
       19.86070
 22
        8.27900
 32
        6.09600
 13
       32.66230
 23
        8.27900
 33
        6.09600
999
GUESTROOM306_308:C_GUESTROOM306_308_1_0_0
  0
3DFACE
  8
GUESTROOM306_308
 62
 15
 10
       19.86070
 20
        0.04880
 30
        8.83920
 11
       32.66230
 21
        0.04880
 31
        8.83920
 12
       32.66230
 22
        8.27900
 32
        8.83920
 13
       19.86070
 23
        8.27900
 33
        8.83920
999
GUESTROOM309_312:P_GUESTROOM309_312_10215_0_10122
  0
3DFACE
  8
GUESTROOM309_312
 62
 43
 10
       48.51190
 20
        8.27900
 30
        8.83920
 11
       48.51190
 21
        8.27900
 31
        6.09600
 12
       32.66230
 22
        8.27900
 32
        6.09600
 13
       32.66230
 23
        8.27900
 33
        8.83920
999
GUESTROOM309_312:P_GUESTROOM309_312_10233_0_10132
  0
3DFACE
  8
GUESTROOM309_312
 62
 43
 10
       32.66230
 20
        8.27900
 30
        8.83920
 11
       32.66230
 21
        8.27900
 31
        6.09600
 12
       32.66230
 22
        0.04880
 32
        6.09600
 13
       32.66230
 23
        0.04880
 33
        8.83920
999
GUESTROOM309_312:P_GUESTROOM309_312_2_0_0
  0
3DFACE
  8
GUESTROOM309_312
 62
 43
 10
       48.51190
 20
        0.04880
 30
        8.83920
 11
       48.51190
 21
        0.04880
 31
        6.09600
 12
       48.51190
 22
        8.27900
 32
        6.09600
 13
       48.51190
 23
        8.27900
 33
        8.83920
999
GUESTROOM309_312:W_GUESTROOM309_312_5_0_0
  0
3DFACE
  8
GUESTROOM309_312
 62
 43
 10
       32.66230
 20
        0.04880
 30
        8.83920
 11
       32.66230
 21
        0.04880
 31
        6.09600
 12
       48.51190
 22
        0.04880
 32
        6.09600
 13
       48.51190
 23
        0.04880
 33
        8.83920
999
GUESTROOM309_312:W_GUESTROOM309_312_5_0_0_0_0
  0
3DFACE
  8
GUESTROOM309_312
 62
143
 10
       34.07400
 20
        0.04880
 30
        8.18960
 11
       34.07400
 21
        0.04880
 31
        6.74560
 12
       35.21300
 22
        0.04880
 32
        6.74560
 13
       35.21300
 23
        0.04880
 33
        8.18960
999
GUESTROOM309_312:W_GUESTROOM309_312_5_0_0_0_1
  0
3DFACE
  8
GUESTROOM309_312
 62
143
 10
       38.03600
 20
        0.04880
 30
        8.18960
 11
       38.03600
 21
        0.04880
 31
        6.74560
 12
       39.17500
 22
        0.04880
 32
        6.74560
 13
       39.17500
 23
        0.04880
 33
        8.18960
999
GUESTROOM309_312:W_GUESTROOM309_312_5_0_0_0_2
  0
3DFACE
  8
GUESTROOM309_312
 62
143
 10
       41.99900
 20
        0.04880
 30
        8.18960
 11
       41.99900
 21
        0.04880
 31
        6.74560
 12
       43.13800
 22
        0.04880
 32
        6.74560
 13
       43.13800
 23
        0.04880
 33
        8.18960
999
GUESTROOM309_312:W_GUESTROOM309_312_5_0_0_0_3
  0
3DFACE
  8
GUESTROOM309_312
 62
143
 10
       45.96100
 20
        0.04880
 30
        8.18960
 11
       45.96100
 21
        0.04880
 31
        6.74560
 12
       47.10000
 22
        0.04880
 32
        6.74560
 13
       47.10000
 23
        0.04880
 33
        8.18960
999
GUESTROOM309_312:F_GUESTROOM309_312_10144_0_10088
  0
3DFACE
  8
GUESTROOM309_312
 62
  8
 10
       48.51190
 20
        0.04880
 30
        6.09600
 11
       32.66230
 21
        0.04880
 31
        6.09600
 12
       32.66230
 22
        8.27900
 32
        6.09600
 13
       48.51190
 23
        8.27900
 33
        6.09600
999
GUESTROOM309_312:C_GUESTROOM309_312_1_0_0
  0
3DFACE
  8
GUESTROOM309_312
 62
 15
 10
       32.66230
 20
        0.04880
 30
        8.83920
 11
       48.51190
 21
        0.04880
 31
        8.83920
 12
       48.51190
 22
        8.27900
 32
        8.83920
 13
       32.66230
 23
        8.27900
 33
        8.83920
999
GUESTROOM313:P_GUESTROOM313_10216_0_10123
  0
3DFACE
  8
GUESTROOM313
 62
 43
 10
       52.47430
 20
        8.27900
 30
        8.83920
 11
       52.47430
 21
        8.27900
 31
        6.09600
 12
       48.51190
 22
        8.27900
 32
        6.09600
 13
       48.51190
 23
        8.27900
 33
        8.83920
999
GUESTROOM313:P_GUESTROOM313_10221_0_10126
  0
3DFACE
  8
GUESTROOM313
 62
 43
 10
       52.47430
 20
        0.04880
 30
        8.83920
 11
       52.47430
 21
        0.04880
 31
        6.09600
 12
       52.47430
 22
        8.27900
 32
        6.09600
 13
       52.47430
 23
        8.27900
 33
        8.83920
999
GUESTROOM313:P_GUESTROOM313_10238_0_10134
  0
3DFACE
  8
GUESTROOM313
 62
 43
 10
       48.51190
 20
        8.27900
 30
        8.83920
 11
       48.51190
 21
        8.27900
 31
        6.09600
 12
       48.51190
 22
        0.04880
 32
        6.09600
 13
       48.51190
 23
        0.04880
 33
        8.83920
999
GUESTROOM313:W_GUESTROOM313_5_0_0
  0
3DFACE
  8
GUESTROOM313
 62
 43
 10
       48.51190
 20
        0.04880
 30
        8.83920
 11
       48.51190
 21
        0.04880
 31
        6.09600
 12
       52.47430
 22
        0.04880
 32
        6.09600
 13
       52.47430
 23
        0.04880
 33
        8.83920
999
GUESTROOM313:W_GUESTROOM313_5_0_0_0_0
  0
3DFACE
  8
GUESTROOM313
 62
143
 10
       49.92300
 20
        0.04880
 30
        8.18960
 11
       49.92300
 21
        0.04880
 31
        6.74560
 12
       51.06300
 22
        0.04880
 32
        6.74560
 13
       51.06300
 23
        0.04880
 33
        8.18960
999
GUESTROOM313:F_GUESTROOM313_10149_0_10090
  0
3DFACE
  8
GUESTROOM313
 62
  8
 10
       52.47430
 20
        0.04880
 30
        6.09600
 11
       48.51190
 21
        0.04880
 31
        6.09600
 12
       48.51190
 22
        8.27900
 32
        6.09600
 13
       52.47430
 23
        8.27900
 33
        6.09600
999
GUESTROOM313:C_GUESTROOM313_1_0_0
  0
3DFACE
  8
GUESTROOM313
 62
 15
 10
       48.51190
 20
        0.04880
 30
        8.83920
 11
       52.47430
 21
        0.04880
 31
        8.83920
 12
       52.47430
 22
        8.27900
 32
        8.83920
 13
       48.51190
 23
        8.27900
 33
        8.83920
999
GUESTROOM314:P_GUESTROOM314_10197_0_10106
  0
3DFACE
  8
GUESTROOM314
 62
 43
 10
       52.47430
 20
       10.10780
 30
        8.83920
 11
       52.47430
 21
       10.10780
 31
        6.09600
 12
       52.47430
 22
       18.33740
 32
        6.09600
 13
       52.47430
 23
       18.33740
 33
        8.83920
999
GUESTROOM314:P_GUESTROOM314_10202_0_10109
  0
3DFACE
  8
GUESTROOM314
 62
 43
 10
       48.51190
 20
       10.10780
 30
        8.83920
 11
       48.51190
 21
       10.10780
 31
        6.09600
 12
       52.47430
 22
       10.10780
 32
        6.09600
 13
       52.47430
 23
       10.10780
 33
        8.83920
999
GUESTROOM314:P_GUESTROOM314_4_0_0
  0
3DFACE
  8
GUESTROOM314
 62
 43
 10
       48.51190
 20
       18.33740
 30
        8.83920
 11
       48.51190
 21
       18.33740
 31
        6.09600
 12
       48.51190
 22
       10.10780
 32
        6.09600
 13
       48.51190
 23
       10.10780
 33
        8.83920
999
GUESTROOM314:W_GUESTROOM314_3_0_0
  0
3DFACE
  8
GUESTROOM314
 62
 43
 10
       52.47430
 20
       18.33740
 30
        8.83920
 11
       52.47430
 21
       18.33740
 31
        6.09600
 12
       48.51190
 22
       18.33740
 32
        6.09600
 13
       48.51190
 23
       18.33740
 33
        8.83920
999
GUESTROOM314:W_GUESTROOM314_3_0_0_0_0
  0
3DFACE
  8
GUESTROOM314
 62
143
 10
       51.06300
 20
       18.33740
 30
        8.18960
 11
       51.06300
 21
       18.33740
 31
        6.74560
 12
       49.92300
 22
       18.33740
 32
        6.74560
 13
       49.92300
 23
       18.33740
 33
        8.18960
999
GUESTROOM314:F_GUESTROOM314_10154_0_10091
  0
3DFACE
  8
GUESTROOM314
 62
  8
 10
       52.47430
 20
       10.10780
 30
        6.09600
 11
       48.51190
 21
       10.10780
 31
        6.09600
 12
       48.51190
 22
       18.33740
 32
        6.09600
 13
       52.47430
 23
       18.33740
 33
        6.09600
999
GUESTROOM314:C_GUESTROOM314_1_0_0
  0
3DFACE
  8
GUESTROOM314
 62
 15
 10
       48.51190
 20
       10.10780
 30
        8.83920
 11
       52.47430
 21
       10.10780
 31
        8.83920
 12
       52.47430
 22
       18.33740
 32
        8.83920
 13
       48.51190
 23
       18.33740
 33
        8.83920
999
GUESTROOM315_318:P_GUESTROOM315_318_10203_0_10110
  0
3DFACE
  8
GUESTROOM315_318
 62
 43
 10
       32.66230
 20
       10.10780
 30
        8.83920
 11
       32.66230
 21
       10.10780
 31
        6.09600
 12
       48.51190
 22
       10.10780
 32
        6.09600
 13
       48.51190
 23
       10.10780
 33
        8.83920
999
GUESTROOM315_318:P_GUESTROOM315_318_10249_0_10137
  0
3DFACE
  8
GUESTROOM315_318
 62
 43
 10
       48.51190
 20
       10.10780
 30
        8.83920
 11
       48.51190
 21
       10.10780
 31
        6.09600
 12
       48.51190
 22
       18.33740
 32
        6.09600
 13
       48.51190
 23
       18.33740
 33
        8.83920
999
GUESTROOM315_318:P_GUESTROOM315_318_4_0_0
  0
3DFACE
  8
GUESTROOM315_318
 62
 43
 10
       32.66230
 20
       18.33740
 30
        8.83920
 11
       32.66230
 21
       18.33740
 31
        6.09600
 12
       32.66230
 22
       10.10780
 32
        6.09600
 13
       32.66230
 23
       10.10780
 33
        8.83920
999
GUESTROOM315_318:W_GUESTROOM315_318_3_0_0
  0
3DFACE
  8
GUESTROOM315_318
 62
 43
 10
       48.51190
 20
       18.33740
 30
        8.83920
 11
       48.51190
 21
       18.33740
 31
        6.09600
 12
       32.66230
 22
       18.33740
 32
        6.09600
 13
       32.66230
 23
       18.33740
 33
        8.83920
999
GUESTROOM315_318:W_GUESTROOM315_318_3_0_0_0_0
  0
3DFACE
  8
GUESTROOM315_318
 62
143
 10
       47.10000
 20
       18.33740
 30
        8.18960
 11
       47.10000
 21
       18.33740
 31
        6.74560
 12
       45.96100
 22
       18.33740
 32
        6.74560
 13
       45.96100
 23
       18.33740
 33
        8.18960
999
GUESTROOM315_318:W_GUESTROOM315_318_3_0_0_0_1
  0
3DFACE
  8
GUESTROOM315_318
 62
143
 10
       43.13800
 20
       18.33740
 30
        8.18960
 11
       43.13800
 21
       18.33740
 31
        6.74560
 12
       41.99900
 22
       18.33740
 32
        6.74560
 13
       41.99900
 23
       18.33740
 33
        8.18960
999
GUESTROOM315_318:W_GUESTROOM315_318_3_0_0_0_2
  0
3DFACE
  8
GUESTROOM315_318
 62
143
 10
       39.17500
 20
       18.33740
 30
        8.18960
 11
       39.17500
 21
       18.33740
 31
        6.74560
 12
       38.03600
 22
       18.33740
 32
        6.74560
 13
       38.03600
 23
       18.33740
 33
        8.18960
999
GUESTROOM315_318:W_GUESTROOM315_318_3_0_0_0_3
  0
3DFACE
  8
GUESTROOM315_318
 62
143
 10
       35.21300
 20
       18.33740
 30
        8.18960
 11
       35.21300
 21
       18.33740
 31
        6.74560
 12
       34.07400
 22
       18.33740
 32
        6.74560
 13
       34.07400
 23
       18.33740
 33
        8.18960
999
GUESTROOM315_318:F_GUESTROOM315_318_10161_0_10093
  0
3DFACE
  8
GUESTROOM315_318
 62
  8
 10
       48.51190
 20
       10.10780
 30
        6.09600
 11
       32.66230
 21
       10.10780
 31
        6.09600
 12
       32.66230
 22
       18.33740
 32
        6.09600
 13
       48.51190
 23
       18.33740
 33
        6.09600
999
GUESTROOM315_318:C_GUESTROOM315_318_1_0_0
  0
3DFACE
  8
GUESTROOM315_318
 62
 15
 10
       32.66230
 20
       10.10780
 30
        8.83920
 11
       48.51190
 21
       10.10780
 31
        8.83920
 12
       48.51190
 22
       18.33740
 32
        8.83920
 13
       32.66230
 23
       18.33740
 33
        8.83920
999
GUESTROOM319:P_GUESTROOM319_10204_0_10111
  0
3DFACE
  8
GUESTROOM319
 62
 43
 10
       28.69990
 20
       10.10780
 30
        8.83920
 11
       28.69990
 21
       10.10780
 31
        6.09600
 12
       32.66230
 22
       10.10780
 32
        6.09600
 13
       32.66230
 23
       10.10780
 33
        8.83920
999
GUESTROOM319:P_GUESTROOM319_10254_0_10139
  0
3DFACE
  8
GUESTROOM319
 62
 43
 10
       32.66230
 20
       10.10780
 30
        8.83920
 11
       32.66230
 21
       10.10780
 31
        6.09600
 12
       32.66230
 22
       18.33740
 32
        6.09600
 13
       32.66230
 23
       18.33740
 33
        8.83920
999
GUESTROOM319:P_GUESTROOM319_10258_0_10141
  0
3DFACE
  8
GUESTROOM319
 62
 43
 10
       28.69990
 20
       18.33740
 30
        8.83920
 11
       28.69990
 21
       18.33740
 31
        6.09600
 12
       28.69990
 22
       10.10780
 32
        6.09600
 13
       28.69990
 23
       10.10780
 33
        8.83920
999
GUESTROOM319:W_GUESTROOM319_3_0_0
  0
3DFACE
  8
GUESTROOM319
 62
 43
 10
       32.66230
 20
       18.33740
 30
        8.83920
 11
       32.66230
 21
       18.33740
 31
        6.09600
 12
       28.69990
 22
       18.33740
 32
        6.09600
 13
       28.69990
 23
       18.33740
 33
        8.83920
999
GUESTROOM319:W_GUESTROOM319_3_0_0_0_0
  0
3DFACE
  8
GUESTROOM319
 62
143
 10
       31.25100
 20
       18.33740
 30
        8.18960
 11
       31.25100
 21
       18.33740
 31
        6.74560
 12
       30.11100
 22
       18.33740
 32
        6.74560
 13
       30.11100
 23
       18.33740
 33
        8.18960
999
GUESTROOM319:F_GUESTROOM319_10171_0_10097
  0
3DFACE
  8
GUESTROOM319
 62
  8
 10
       32.66230
 20
       10.10780
 30
        6.09600
 11
       28.69990
 21
       10.10780
 31
        6.09600
 12
       28.69990
 22
       18.33740
 32
        6.09600
 13
       32.66230
 23
       18.33740
 33
        6.09600
999
GUESTROOM319:C_GUESTROOM319_1_0_0
  0
3DFACE
  8
GUESTROOM319
 62
 15
 10
       28.69990
 20
       10.10780
 30
        8.83920
 11
       32.66230
 21
       10.10780
 31
        8.83920
 12
       32.66230
 22
       18.33740
 32
        8.83920
 13
       28.69990
 23
       18.33740
 33
        8.83920
999
GUESTROOM320_323:P_GUESTROOM320_323_10207_0_10114
  0
3DFACE
  8
GUESTROOM320_323
 62
 43
 10
       23.82310
 20
       10.10780
 30
        8.83920
 11
       23.82310
 21
       10.10780
 31
        6.09600
 12
       23.82310
 22
       18.33740
 32
        6.09600
 13
       23.82310
 23
       18.33740
 33
        8.83920
999
GUESTROOM320_323:P_GUESTROOM320_323_10208_0_10115
  0
3DFACE
  8
GUESTROOM320_323
 62
 43
 10
        7.97350
 20
       10.10780
 30
        8.83920
 11
        7.97350
 21
       10.10780
 31
        6.09600
 12
       23.82310
 22
       10.10780
 32
        6.09600
 13
       23.82310
 23
       10.10780
 33
        8.83920
999
GUESTROOM320_323:P_GUESTROOM320_323_4_0_0
  0
3DFACE
  8
GUESTROOM320_323
 62
 43
 10
        7.97350
 20
       18.33740
 30
        8.83920
 11
        7.97350
 21
       18.33740
 31
        6.09600
 12
        7.97350
 22
       10.10780
 32
        6.09600
 13
        7.97350
 23
       10.10780
 33
        8.83920
999
GUESTROOM320_323:W_GUESTROOM320_323_3_0_0
  0
3DFACE
  8
GUESTROOM320_323
 62
 43
 10
       23.82310
 20
       18.33740
 30
        8.83920
 11
       23.82310
 21
       18.33740
 31
        6.09600
 12
        7.97350
 22
       18.33740
 32
        6.09600
 13
        7.97350
 23
       18.33740
 33
        8.83920
999
GUESTROOM320_323:W_GUESTROOM320_323_3_0_0_0_0
  0
3DFACE
  8
GUESTROOM320_323
 62
143
 10
       22.41200
 20
       18.33740
 30
        8.18960
 11
       22.41200
 21
       18.33740
 31
        6.74560
 12
       21.27200
 22
       18.33740
 32
        6.74560
 13
       21.27200
 23
       18.33740
 33
        8.18960
999
GUESTROOM320_323:W_GUESTROOM320_323_3_0_0_0_1
  0
3DFACE
  8
GUESTROOM320_323
 62
143
 10
       18.44900
 20
       18.33740
 30
        8.18960
 11
       18.44900
 21
       18.33740
 31
        6.74560
 12
       17.31000
 22
       18.33740
 32
        6.74560
 13
       17.31000
 23
       18.33740
 33
        8.18960
999
GUESTROOM320_323:W_GUESTROOM320_323_3_0_0_0_2
  0
3DFACE
  8
GUESTROOM320_323
 62
143
 10
       14.48700
 20
       18.33740
 30
        8.18960
 11
       14.48700
 21
       18.33740
 31
        6.74560
 12
       13.34800
 22
       18.33740
 32
        6.74560
 13
       13.34800
 23
       18.33740
 33
        8.18960
999
GUESTROOM320_323:W_GUESTROOM320_323_3_0_0_0_3
  0
3DFACE
  8
GUESTROOM320_323
 62
143
 10
       10.52400
 20
       18.33740
 30
        8.18960
 11
       10.52400
 21
       18.33740
 31
        6.74560
 12
        9.38500
 22
       18.33740
 32
        6.74560
 13
        9.38500
 23
       18.33740
 33
        8.18960
999
GUESTROOM320_323:F_GUESTROOM320_323_10177_0_10098
  0
3DFACE
  8
GUESTROOM320_323
 62
  8
 10
       23.82310
 20
       10.10780
 30
        6.09600
 11
        7.97350
 21
       10.10780
 31
        6.09600
 12
        7.97350
 22
       18.33740
 32
        6.09600
 13
       23.82310
 23
       18.33740
 33
        6.09600
999
GUESTROOM320_323:C_GUESTROOM320_323_1_0_0
  0
3DFACE
  8
GUESTROOM320_323
 62
 15
 10
        7.97350
 20
       10.10780
 30
        8.83920
 11
       23.82310
 21
       10.10780
 31
        8.83920
 12
       23.82310
 22
       18.33740
 32
        8.83920
 13
        7.97350
 23
       18.33740
 33
        8.83920
999
GUESTROOM324:P_GUESTROOM324_10209_0_10116
  0
3DFACE
  8
GUESTROOM324
 62
 43
 10
        4.01110
 20
       10.10780
 30
        8.83920
 11
        4.01110
 21
       10.10780
 31
        6.09600
 12
        7.97350
 22
       10.10780
 32
        6.09600
 13
        7.97350
 23
       10.10780
 33
        8.83920
999
GUESTROOM324:P_GUESTROOM324_10269_0_10144
  0
3DFACE
  8
GUESTROOM324
 62
 43
 10
        7.97350
 20
       10.10780
 30
        8.83920
 11
        7.97350
 21
       10.10780
 31
        6.09600
 12
        7.97350
 22
       18.33740
 32
        6.09600
 13
        7.97350
 23
       18.33740
 33
        8.83920
999
GUESTROOM324:P_GUESTROOM324_4_0_0
  0
3DFACE
  8
GUESTROOM324
 62
 43
 10
        4.01110
 20
       18.33740
 30
        8.83920
 11
        4.01110
 21
       18.33740
 31
        6.09600
 12
        4.01110
 22
       10.10780
 32
        6.09600
 13
        4.01110
 23
       10.10780
 33
        8.83920
999
GUESTROOM324:W_GUESTROOM324_3_0_0
  0
3DFACE
  8
GUESTROOM324
 62
 43
 10
        7.97350
 20
       18.33740
 30
        8.83920
 11
        7.97350
 21
       18.33740
 31
        6.09600
 12
        4.01110
 22
       18.33740
 32
        6.09600
 13
        4.01110
 23
       18.33740
 33
        8.83920
999
GUESTROOM324:W_GUESTROOM324_3_0_0_0_0
  0
3DFACE
  8
GUESTROOM324
 62
143
 10
        6.56200
 20
       18.33740
 30
        8.18960
 11
        6.56200
 21
       18.33740
 31
        6.74560
 12
        5.42300
 22
       18.33740
 32
        6.74560
 13
        5.42300
 23
       18.33740
 33
        8.18960
999
GUESTROOM324:F_GUESTROOM324_10182_0_10100
  0
3DFACE
  8
GUESTROOM324
 62
  8
 10
        7.97350
 20
       10.10780
 30
        6.09600
 11
        4.01110
 21
       10.10780
 31
        6.09600
 12
        4.01110
 22
       18.33740
 32
        6.09600
 13
        7.97350
 23
       18.33740
 33
        6.09600
999
GUESTROOM324:C_GUESTROOM324_1_0_0
  0
3DFACE
  8
GUESTROOM324
 62
 15
 10
        4.01110
 20
       10.10780
 30
        8.83920
 11
        7.97350
 21
       10.10780
 31
        8.83920
 12
        7.97350
 22
       18.33740
 32
        8.83920
 13
        4.01110
 23
       18.33740
 33
        8.83920
999
GUESTROOM401:P_GUESTROOM401_10300_0_10162
  0
3DFACE
  8
GUESTROOM401
 62
 43
 10
        4.01110
 20
        8.27900
 30
       11.58240
 11
        4.01110
 21
        8.27900
 31
        8.83920
 12
        0.04870
 22
        8.27900
 32
        8.83920
 13
        0.04870
 23
        8.27900
 33
       11.58240
999
GUESTROOM401:P_GUESTROOM401_2_0_0
  0
3DFACE
  8
GUESTROOM401
 62
 43
 10
        4.01110
 20
        0.04880
 30
       11.58240
 11
        4.01110
 21
        0.04880
 31
        8.83920
 12
        4.01110
 22
        8.27900
 32
        8.83920
 13
        4.01110
 23
        8.27900
 33
       11.58240
999
GUESTROOM401:W_GUESTROOM401_4_0_0
  0
3DFACE
  8
GUESTROOM401
 62
 43
 10
        0.04870
 20
        8.27900
 30
       11.58240
 11
        0.04870
 21
        8.27900
 31
        8.83920
 12
        0.04870
 22
        0.04880
 32
        8.83920
 13
        0.04870
 23
        0.04880
 33
       11.58240
999
GUESTROOM401:W_GUESTROOM401_5_0_0
  0
3DFACE
  8
GUESTROOM401
 62
 43
 10
        0.04870
 20
        0.04880
 30
       11.58240
 11
        0.04870
 21
        0.04880
 31
        8.83920
 12
        4.01110
 22
        0.04880
 32
        8.83920
 13
        4.01110
 23
        0.04880
 33
       11.58240
999
GUESTROOM401:W_GUESTROOM401_5_0_0_0_0
  0
3DFACE
  8
GUESTROOM401
 62
143
 10
        1.46000
 20
        0.04880
 30
       10.93280
 11
        1.46000
 21
        0.04880
 31
        9.48880
 12
        2.59900
 22
        0.04880
 32
        9.48880
 13
        2.59900
 23
        0.04880
 33
       10.93280
999
GUESTROOM401:F_GUESTROOM401_10223_0_10127
  0
3DFACE
  8
GUESTROOM401
 62
  8
 10
        4.01110
 20
        0.04880
 30
        8.83920
 11
        0.04870
 21
        0.04880
 31
        8.83920
 12
        0.04870
 22
        8.27900
 32
        8.83920
 13
        4.01110
 23
        8.27900
 33
        8.83920
999
GUESTROOM401:R_GUESTROOM401_1_0_0
  0
3DFACE
  8
GUESTROOM401
 62
 15
 10
        0.04870
 20
        0.04880
 30
       11.58240
 11
        4.01110
 21
        0.04880
 31
       11.58240
 12
        4.01110
 22
        8.27900
 32
       11.58240
 13
        0.04870
 23
        8.27900
 33
       11.58240
999
GUESTROOM402_405:P_GUESTROOM402_405_10301_0_10163
  0
3DFACE
  8
GUESTROOM402_405
 62
 43
 10
       19.86070
 20
        8.27900
 30
       11.58240
 11
       19.86070
 21
        8.27900
 31
        8.83920
 12
        4.01110
 22
        8.27900
 32
        8.83920
 13
        4.01110
 23
        8.27900
 33
       11.58240
999
GUESTROOM402_405:P_GUESTROOM402_405_10310_0_10169
  0
3DFACE
  8
GUESTROOM402_405
 62
 43
 10
        4.01110
 20
        8.27900
 30
       11.58240
 11
        4.01110
 21
        8.27900
 31
        8.83920
 12
        4.01110
 22
        0.04880
 32
        8.83920
 13
        4.01110
 23
        0.04880
 33
       11.58240
999
GUESTROOM402_405:P_GUESTROOM402_405_2_0_0
  0
3DFACE
  8
GUESTROOM402_405
 62
 43
 10
       19.86070
 20
        0.04880
 30
       11.58240
 11
       19.86070
 21
        0.04880
 31
        8.83920
 12
       19.86070
 22
        8.27900
 32
        8.83920
 13
       19.86070
 23
        8.27900
 33
       11.58240
999
GUESTROOM402_405:W_GUESTROOM402_405_5_0_0
  0
3DFACE
  8
GUESTROOM402_405
 62
 43
 10
        4.01110
 20
        0.04880
 30
       11.58240
 11
        4.01110
 21
        0.04880
 31
        8.83920
 12
       19.86070
 22
        0.04880
 32
        8.83920
 13
       19.86070
 23
        0.04880
 33
       11.58240
999
GUESTROOM402_405:W_GUESTROOM402_405_5_0_0_0_0
  0
3DFACE
  8
GUESTROOM402_405
 62
143
 10
        5.42300
 20
        0.04880
 30
       10.93280
 11
        5.42300
 21
        0.04880
 31
        9.48880
 12
        6.56200
 22
        0.04880
 32
        9.48880
 13
        6.56200
 23
        0.04880
 33
       10.93280
999
GUESTROOM402_405:W_GUESTROOM402_405_5_0_0_0_1
  0
3DFACE
  8
GUESTROOM402_405
 62
143
 10
        9.38500
 20
        0.04880
 30
       10.93280
 11
        9.38500
 21
        0.04880
 31
        9.48880
 12
       10.52400
 22
        0.04880
 32
        9.48880
 13
       10.52400
 23
        0.04880
 33
       10.93280
999
GUESTROOM402_405:W_GUESTROOM402_405_5_0_0_0_2
  0
3DFACE
  8
GUESTROOM402_405
 62
143
 10
       13.34800
 20
        0.04880
 30
       10.93280
 11
       13.34800
 21
        0.04880
 31
        9.48880
 12
       14.48700
 22
        0.04880
 32
        9.48880
 13
       14.48700
 23
        0.04880
 33
       10.93280
999
GUESTROOM402_405:W_GUESTROOM402_405_5_0_0_0_3
  0
3DFACE
  8
GUESTROOM402_405
 62
143
 10
       17.31000
 20
        0.04880
 30
       10.93280
 11
       17.31000
 21
        0.04880
 31
        9.48880
 12
       18.44900
 22
        0.04880
 32
        9.48880
 13
       18.44900
 23
        0.04880
 33
       10.93280
999
GUESTROOM402_405:F_GUESTROOM402_405_10227_0_10129
  0
3DFACE
  8
GUESTROOM402_405
 62
  8
 10
       19.86070
 20
        0.04880
 30
        8.83920
 11
        4.01110
 21
        0.04880
 31
        8.83920
 12
        4.01110
 22
        8.27900
 32
        8.83920
 13
       19.86070
 23
        8.27900
 33
        8.83920
999
GUESTROOM402_405:R_GUESTROOM402_405_1_0_0
  0
3DFACE
  8
GUESTROOM402_405
 62
 15
 10
        4.01110
 20
        0.04880
 30
       11.58240
 11
       19.86070
 21
        0.04880
 31
       11.58240
 12
       19.86070
 22
        8.27900
 32
       11.58240
 13
        4.01110
 23
        8.27900
 33
       11.58240
999
GUESTROOM406_408:P_GUESTROOM406_408_10302_0_10164
  0
3DFACE
  8
GUESTROOM406_408
 62
 43
 10
       32.66230
 20
        8.27900
 30
       11.58240
 11
       32.66230
 21
        8.27900
 31
        8.83920
 12
       19.86070
 22
        8.27900
 32
        8.83920
 13
       19.86070
 23
        8.27900
 33
       11.58240
999
GUESTROOM406_408:P_GUESTROOM406_408_10313_0_10170
  0
3DFACE
  8
GUESTROOM406_408
 62
 43
 10
       19.86070
 20
        8.27900
 30
       11.58240
 11
       19.86070
 21
        8.27900
 31
        8.83920
 12
       19.86070
 22
        0.04880
 32
        8.83920
 13
       19.86070
 23
        0.04880
 33
       11.58240
999
GUESTROOM406_408:P_GUESTROOM406_408_2_0_0
  0
3DFACE
  8
GUESTROOM406_408
 62
 43
 10
       32.66230
 20
        0.04880
 30
       11.58240
 11
       32.66230
 21
        0.04880
 31
        8.83920
 12
       32.66230
 22
        8.27900
 32
        8.83920
 13
       32.66230
 23
        8.27900
 33
       11.58240
999
GUESTROOM406_408:W_GUESTROOM406_408_5_0_0
  0
3DFACE
  8
GUESTROOM406_408
 62
 43
 10
       19.86070
 20
        0.04880
 30
       11.58240
 11
       19.86070
 21
        0.04880
 31
        8.83920
 12
       32.66230
 22
        0.04880
 32
        8.83920
 13
       32.66230
 23
        0.04880
 33
       11.58240
999
GUESTROOM406_408:W_GUESTROOM406_408_5_0_0_0_0
  0
3DFACE
  8
GUESTROOM406_408
 62
143
 10
       21.27200
 20
        0.04880
 30
       10.93280
 11
       21.27200
 21
        0.04880
 31
        9.48880
 12
       22.41200
 22
        0.04880
 32
        9.48880
 13
       22.41200
 23
        0.04880
 33
       10.93280
999
GUESTROOM406_408:W_GUESTROOM406_408_5_0_0_0_1
  0
3DFACE
  8
GUESTROOM406_408
 62
143
 10
       30.11100
 20
        0.04880
 30
       10.93280
 11
       30.11100
 21
        0.04880
 31
        9.48880
 12
       31.25100
 22
        0.04880
 32
        9.48880
 13
       31.25100
 23
        0.04880
 33
       10.93280
999
GUESTROOM406_408:W_GUESTROOM406_408_5_0_0_0_2
  0
3DFACE
  8
GUESTROOM406_408
 62
143
 10
       25.08200
 20
        0.04880
 30
       10.93280
 11
       25.08200
 21
        0.04880
 31
        9.48880
 12
       27.44100
 22
        0.04880
 32
        9.48880
 13
       27.44100
 23
        0.04880
 33
       10.93280
999
GUESTROOM406_408:F_GUESTROOM406_408_10232_0_10131
  0
3DFACE
  8
GUESTROOM406_408
 62
  8
 10
       32.66230
 20
        0.04880
 30
        8.83920
 11
       19.86070
 21
        0.04880
 31
        8.83920
 12
       19.86070
 22
        8.27900
 32
        8.83920
 13
       32.66230
 23
        8.27900
 33
        8.83920
999
GUESTROOM406_408:R_GUESTROOM406_408_1_0_0
  0
3DFACE
  8
GUESTROOM406_408
 62
 15
 10
       19.86070
 20
        0.04880
 30
       11.58240
 11
       32.66230
 21
        0.04880
 31
       11.58240
 12
       32.66230
 22
        8.27900
 32
       11.58240
 13
       19.86070
 23
        8.27900
 33
       11.58240
999
GUESTROOM409_412:P_GUESTROOM409_412_10303_0_10165
  0
3DFACE
  8
GUESTROOM409_412
 62
 43
 10
       48.51190
 20
        8.27900
 30
       11.58240
 11
       48.51190
 21
        8.27900
 31
        8.83920
 12
       32.66230
 22
        8.27900
 32
        8.83920
 13
       32.66230
 23
        8.27900
 33
       11.58240
999
GUESTROOM409_412:P_GUESTROOM409_412_10317_0_10171
  0
3DFACE
  8
GUESTROOM409_412
 62
 43
 10
       32.66230
 20
        8.27900
 30
       11.58240
 11
       32.66230
 21
        8.27900
 31
        8.83920
 12
       32.66230
 22
        0.04880
 32
        8.83920
 13
       32.66230
 23
        0.04880
 33
       11.58240
999
GUESTROOM409_412:P_GUESTROOM409_412_2_0_0
  0
3DFACE
  8
GUESTROOM409_412
 62
 43
 10
       48.51190
 20
        0.04880
 30
       11.58240
 11
       48.51190
 21
        0.04880
 31
        8.83920
 12
       48.51190
 22
        8.27900
 32
        8.83920
 13
       48.51190
 23
        8.27900
 33
       11.58240
999
GUESTROOM409_412:W_GUESTROOM409_412_5_0_0
  0
3DFACE
  8
GUESTROOM409_412
 62
 43
 10
       32.66230
 20
        0.04880
 30
       11.58240
 11
       32.66230
 21
        0.04880
 31
        8.83920
 12
       48.51190
 22
        0.04880
 32
        8.83920
 13
       48.51190
 23
        0.04880
 33
       11.58240
999
GUESTROOM409_412:W_GUESTROOM409_412_5_0_0_0_0
  0
3DFACE
  8
GUESTROOM409_412
 62
143
 10
       34.07400
 20
        0.04880
 30
       10.93280
 11
       34.07400
 21
        0.04880
 31
        9.48880
 12
       35.21300
 22
        0.04880
 32
        9.48880
 13
       35.21300
 23
        0.04880
 33
       10.93280
999
GUESTROOM409_412:W_GUESTROOM409_412_5_0_0_0_1
  0
3DFACE
  8
GUESTROOM409_412
 62
143
 10
       38.03600
 20
        0.04880
 30
       10.93280
 11
       38.03600
 21
        0.04880
 31
        9.48880
 12
       39.17500
 22
        0.04880
 32
        9.48880
 13
       39.17500
 23
        0.04880
 33
       10.93280
999
GUESTROOM409_412:W_GUESTROOM409_412_5_0_0_0_2
  0
3DFACE
  8
GUESTROOM409_412
 62
143
 10
       41.99900
 20
        0.04880
 30
       10.93280
 11
       41.99900
 21
        0.04880
 31
        9.48880
 12
       43.13800
 22
        0.04880
 32
        9.48880
 13
       43.13800
 23
        0.04880
 33
       10.93280
999
GUESTROOM409_412:W_GUESTROOM409_412_5_0_0_0_3
  0
3DFACE
  8
GUESTROOM409_412
 62
143
 10
       45.96100
 20
        0.04880
 30
       10.93280
 11
       45.96100
 21
        0.04880
 31
        9.48880
 12
       47.10000
 22
        0.04880
 32
        9.48880
 13
       47.10000
 23
        0.04880
 33
       10.93280
999
GUESTROOM409_412:F_GUESTROOM409_412_10237_0_10133
  0
3DFACE
  8
GUESTROOM409_412
 62
  8
 10
       48.51190
 20
        0.04880
 30
        8.83920
 11
       32.66230
 21
        0.04880
 31
        8.83920
 12
       32.66230
 22
        8.27900
 32
        8.83920
 13
       48.51190
 23
        8.27900
 33
        8.83920
999
GUESTROOM409_412:R_GUESTROOM409_412_1_0_0
  0
3DFACE
  8
GUESTROOM409_412
 62
 15
 10
       32.66230
 20
        0.04880
 30
       11.58240
 11
       48.51190
 21
        0.04880
 31
       11.58240
 12
       48.51190
 22
        8.27900
 32
       11.58240
 13
       32.66230
 23
        8.27900
 33
       11.58240
999
GUESTROOM413:P_GUESTROOM413_10304_0_10166
  0
3DFACE
  8
GUESTROOM413
 62
 43
 10
       52.47430
 20
        8.27900
 30
       11.58240
 11
       52.47430
 21
        8.27900
 31
        8.83920
 12
       48.51190
 22
        8.27900
 32
        8.83920
 13
       48.51190
 23
        8.27900
 33
       11.58240
999
GUESTROOM413:P_GUESTROOM413_10308_0_10168
  0
3DFACE
  8
GUESTROOM413
 62
 43
 10
       52.47430
 20
        0.04880
 30
       11.58240
 11
       52.47430
 21
        0.04880
 31
        8.83920
 12
       52.47430
 22
        8.27900
 32
        8.83920
 13
       52.47430
 23
        8.27900
 33
       11.58240
999
GUESTROOM413:P_GUESTROOM413_10321_0_10172
  0
3DFACE
  8
GUESTROOM413
 62
 43
 10
       48.51190
 20
        8.27900
 30
       11.58240
 11
       48.51190
 21
        8.27900
 31
        8.83920
 12
       48.51190
 22
        0.04880
 32
        8.83920
 13
       48.51190
 23
        0.04880
 33
       11.58240
999
GUESTROOM413:W_GUESTROOM413_5_0_0
  0
3DFACE
  8
GUESTROOM413
 62
 43
 10
       48.51190
 20
        0.04880
 30
       11.58240
 11
       48.51190
 21
        0.04880
 31
        8.83920
 12
       52.47430
 22
        0.04880
 32
        8.83920
 13
       52.47430
 23
        0.04880
 33
       11.58240
999
GUESTROOM413:W_GUESTROOM413_5_0_0_0_0
  0
3DFACE
  8
GUESTROOM413
 62
143
 10
       49.92300
 20
        0.04880
 30
       10.93280
 11
       49.92300
 21
        0.04880
 31
        9.48880
 12
       51.06300
 22
        0.04880
 32
        9.48880
 13
       51.06300
 23
        0.04880
 33
       10.93280
999
GUESTROOM413:F_GUESTROOM413_10242_0_10135
  0
3DFACE
  8
GUESTROOM413
 62
  8
 10
       52.47430
 20
        0.04880
 30
        8.83920
 11
       48.51190
 21
        0.04880
 31
        8.83920
 12
       48.51190
 22
        8.27900
 32
        8.83920
 13
       52.47430
 23
        8.27900
 33
        8.83920
999
GUESTROOM413:R_GUESTROOM413_1_0_0
  0
3DFACE
  8
GUESTROOM413
 62
 15
 10
       48.51190
 20
        0.04880
 30
       11.58240
 11
       52.47430
 21
        0.04880
 31
       11.58240
 12
       52.47430
 22
        8.27900
 32
       11.58240
 13
       48.51190
 23
        8.27900
 33
       11.58240
999
GUESTROOM414:P_GUESTROOM414_10286_0_10150
  0
3DFACE
  8
GUESTROOM414
 62
 43
 10
       52.47430
 20
       10.10780
 30
       11.58240
 11
       52.47430
 21
       10.10780
 31
        8.83920
 12
       52.47430
 22
       18.33740
 32
        8.83920
 13
       52.47430
 23
       18.33740
 33
       11.58240
999
GUESTROOM414:P_GUESTROOM414_10290_0_10152
  0
3DFACE
  8
GUESTROOM414
 62
 43
 10
       48.51190
 20
       10.10780
 30
       11.58240
 11
       48.51190
 21
       10.10780
 31
        8.83920
 12
       52.47430
 22
       10.10780
 32
        8.83920
 13
       52.47430
 23
       10.10780
 33
       11.58240
999
GUESTROOM414:P_GUESTROOM414_4_0_0
  0
3DFACE
  8
GUESTROOM414
 62
 43
 10
       48.51190
 20
       18.33740
 30
       11.58240
 11
       48.51190
 21
       18.33740
 31
        8.83920
 12
       48.51190
 22
       10.10780
 32
        8.83920
 13
       48.51190
 23
       10.10780
 33
       11.58240
999
GUESTROOM414:W_GUESTROOM414_3_0_0
  0
3DFACE
  8
GUESTROOM414
 62
 43
 10
       52.47430
 20
       18.33740
 30
       11.58240
 11
       52.47430
 21
       18.33740
 31
        8.83920
 12
       48.51190
 22
       18.33740
 32
        8.83920
 13
       48.51190
 23
       18.33740
 33
       11.58240
999
GUESTROOM414:W_GUESTROOM414_3_0_0_0_0
  0
3DFACE
  8
GUESTROOM414
 62
143
 10
       51.06300
 20
       18.33740
 30
       10.93280
 11
       51.06300
 21
       18.33740
 31
        9.48880
 12
       49.92300
 22
       18.33740
 32
        9.48880
 13
       49.92300
 23
       18.33740
 33
       10.93280
999
GUESTROOM414:F_GUESTROOM414_10247_0_10136
  0
3DFACE
  8
GUESTROOM414
 62
  8
 10
       52.47430
 20
       10.10780
 30
        8.83920
 11
       48.51190
 21
       10.10780
 31
        8.83920
 12
       48.51190
 22
       18.33740
 32
        8.83920
 13
       52.47430
 23
       18.33740
 33
        8.83920
999
GUESTROOM414:R_GUESTROOM414_1_0_0
  0
3DFACE
  8
GUESTROOM414
 62
 15
 10
       48.51190
 20
       10.10780
 30
       11.58240
 11
       52.47430
 21
       10.10780
 31
       11.58240
 12
       52.47430
 22
       18.33740
 32
       11.58240
 13
       48.51190
 23
       18.33740
 33
       11.58240
999
GUESTROOM415_418:P_GUESTROOM415_418_10291_0_10153
  0
3DFACE
  8
GUESTROOM415_418
 62
 43
 10
       32.66230
 20
       10.10780
 30
       11.58240
 11
       32.66230
 21
       10.10780
 31
        8.83920
 12
       48.51190
 22
       10.10780
 32
        8.83920
 13
       48.51190
 23
       10.10780
 33
       11.58240
999
GUESTROOM415_418:P_GUESTROOM415_418_10330_0_10173
  0
3DFACE
  8
GUESTROOM415_418
 62
 43
 10
       48.51190
 20
       10.10780
 30
       11.58240
 11
       48.51190
 21
       10.10780
 31
        8.83920
 12
       48.51190
 22
       18.33740
 32
        8.83920
 13
       48.51190
 23
       18.33740
 33
       11.58240
999
GUESTROOM415_418:P_GUESTROOM415_418_4_0_0
  0
3DFACE
  8
GUESTROOM415_418
 62
 43
 10
       32.66230
 20
       18.33740
 30
       11.58240
 11
       32.66230
 21
       18.33740
 31
        8.83920
 12
       32.66230
 22
       10.10780
 32
        8.83920
 13
       32.66230
 23
       10.10780
 33
       11.58240
999
GUESTROOM415_418:W_GUESTROOM415_418_3_0_0
  0
3DFACE
  8
GUESTROOM415_418
 62
 43
 10
       48.51190
 20
       18.33740
 30
       11.58240
 11
       48.51190
 21
       18.33740
 31
        8.83920
 12
       32.66230
 22
       18.33740
 32
        8.83920
 13
       32.66230
 23
       18.33740
 33
       11.58240
999
GUESTROOM415_418:W_GUESTROOM415_418_3_0_0_0_0
  0
3DFACE
  8
GUESTROOM415_418
 62
143
 10
       47.10000
 20
       18.33740
 30
       10.93280
 11
       47.10000
 21
       18.33740
 31
        9.48880
 12
       45.96100
 22
       18.33740
 32
        9.48880
 13
       45.96100
 23
       18.33740
 33
       10.93280
999
GUESTROOM415_418:W_GUESTROOM415_418_3_0_0_0_1
  0
3DFACE
  8
GUESTROOM415_418
 62
143
 10
       43.13800
 20
       18.33740
 30
       10.93280
 11
       43.13800
 21
       18.33740
 31
        9.48880
 12
       41.99900
 22
       18.33740
 32
        9.48880
 13
       41.99900
 23
       18.33740
 33
       10.93280
999
GUESTROOM415_418:W_GUESTROOM415_418_3_0_0_0_2
  0
3DFACE
  8
GUESTROOM415_418
 62
143
 10
       39.17500
 20
       18.33740
 30
       10.93280
 11
       39.17500
 21
       18.33740
 31
        9.48880
 12
       38.03600
 22
       18.33740
 32
        9.48880
 13
       38.03600
 23
       18.33740
 33
       10.93280
999
GUESTROOM415_418:W_GUESTROOM415_418_3_0_0_0_3
  0
3DFACE
  8
GUESTROOM415_418
 62
143
 10
       35.21300
 20
       18.33740
 30
       10.93280
 11
       35.21300
 21
       18.33740
 31
        9.48880
 12
       34.07400
 22
       18.33740
 32
        9.48880
 13
       34.07400
 23
       18.33740
 33
       10.93280
999
GUESTROOM415_418:F_GUESTROOM415_418_10252_0_10138
  0
3DFACE
  8
GUESTROOM415_418
 62
  8
 10
       48.51190
 20
       10.10780
 30
        8.83920
 11
       32.66230
 21
       10.10780
 31
        8.83920
 12
       32.66230
 22
       18.33740
 32
        8.83920
 13
       48.51190
 23
       18.33740
 33
        8.83920
999
GUESTROOM415_418:R_GUESTROOM415_418_1_0_0
  0
3DFACE
  8
GUESTROOM415_418
 62
 15
 10
       32.66230
 20
       10.10780
 30
       11.58240
 11
       48.51190
 21
       10.10780
 31
       11.58240
 12
       48.51190
 22
       18.33740
 32
       11.58240
 13
       32.66230
 23
       18.33740
 33
       11.58240
999
GUESTROOM419:P_GUESTROOM419_10292_0_10154
  0
3DFACE
  8
GUESTROOM419
 62
 43
 10
       28.69990
 20
       10.10780
 30
       11.58240
 11
       28.69990
 21
       10.10780
 31
        8.83920
 12
       32.66230
 22
       10.10780
 32
        8.83920
 13
       32.66230
 23
       10.10780
 33
       11.58240
999
GUESTROOM419:P_GUESTROOM419_10334_0_10174
  0
3DFACE
  8
GUESTROOM419
 62
 43
 10
       32.66230
 20
       10.10780
 30
       11.58240
 11
       32.66230
 21
       10.10780
 31
        8.83920
 12
       32.66230
 22
       18.33740
 32
        8.83920
 13
       32.66230
 23
       18.33740
 33
       11.58240
999
GUESTROOM419:P_GUESTROOM419_10337_0_10175
  0
3DFACE
  8
GUESTROOM419
 62
 43
 10
       28.69990
 20
       18.33740
 30
       11.58240
 11
       28.69990
 21
       18.33740
 31
        8.83920
 12
       28.69990
 22
       10.10780
 32
        8.83920
 13
       28.69990
 23
       10.10780
 33
       11.58240
999
GUESTROOM419:W_GUESTROOM419_3_0_0
  0
3DFACE
  8
GUESTROOM419
 62
 43
 10
       32.66230
 20
       18.33740
 30
       11.58240
 11
       32.66230
 21
       18.33740
 31
        8.83920
 12
       28.69990
 22
       18.33740
 32
        8.83920
 13
       28.69990
 23
       18.33740
 33
       11.58240
999
GUESTROOM419:W_GUESTROOM419_3_0_0_0_0
  0
3DFACE
  8
GUESTROOM419
 62
143
 10
       31.25100
 20
       18.33740
 30
       10.93280
 11
       31.25100
 21
       18.33740
 31
        9.48880
 12
       30.11100
 22
       18.33740
 32
        9.48880
 13
       30.11100
 23
       18.33740
 33
       10.93280
999
GUESTROOM419:F_GUESTROOM419_10262_0_10142
  0
3DFACE
  8
GUESTROOM419
 62
  8
 10
       32.66230
 20
       10.10780
 30
        8.83920
 11
       28.69990
 21
       10.10780
 31
        8.83920
 12
       28.69990
 22
       18.33740
 32
        8.83920
 13
       32.66230
 23
       18.33740
 33
        8.83920
999
GUESTROOM419:R_GUESTROOM419_1_0_0
  0
3DFACE
  8
GUESTROOM419
 62
 15
 10
       28.69990
 20
       10.10780
 30
       11.58240
 11
       32.66230
 21
       10.10780
 31
       11.58240
 12
       32.66230
 22
       18.33740
 32
       11.58240
 13
       28.69990
 23
       18.33740
 33
       11.58240
999
GUESTROOM420_423:P_GUESTROOM420_423_10295_0_10157
  0
3DFACE
  8
GUESTROOM420_423
 62
 43
 10
       23.82310
 20
       10.10780
 30
       11.58240
 11
       23.82310
 21
       10.10780
 31
        8.83920
 12
       23.82310
 22
       18.33740
 32
        8.83920
 13
       23.82310
 23
       18.33740
 33
       11.58240
999
GUESTROOM420_423:P_GUESTROOM420_423_10296_0_10158
  0
3DFACE
  8
GUESTROOM420_423
 62
 43
 10
        7.97350
 20
       10.10780
 30
       11.58240
 11
        7.97350
 21
       10.10780
 31
        8.83920
 12
       23.82310
 22
       10.10780
 32
        8.83920
 13
       23.82310
 23
       10.10780
 33
       11.58240
999
GUESTROOM420_423:P_GUESTROOM420_423_4_0_0
  0
3DFACE
  8
GUESTROOM420_423
 62
 43
 10
        7.97350
 20
       18.33740
 30
       11.58240
 11
        7.97350
 21
       18.33740
 31
        8.83920
 12
        7.97350
 22
       10.10780
 32
        8.83920
 13
        7.97350
 23
       10.10780
 33
       11.58240
999
GUESTROOM420_423:W_GUESTROOM420_423_3_0_0
  0
3DFACE
  8
GUESTROOM420_423
 62
 43
 10
       23.82310
 20
       18.33740
 30
       11.58240
 11
       23.82310
 21
       18.33740
 31
        8.83920
 12
        7.97350
 22
       18.33740
 32
        8.83920
 13
        7.97350
 23
       18.33740
 33
       11.58240
999
GUESTROOM420_423:W_GUESTROOM420_423_3_0_0_0_0
  0
3DFACE
  8
GUESTROOM420_423
 62
143
 10
       22.41200
 20
       18.33740
 30
       10.93280
 11
       22.41200
 21
       18.33740
 31
        9.48880
 12
       21.27200
 22
       18.33740
 32
        9.48880
 13
       21.27200
 23
       18.33740
 33
       10.93280
999
GUESTROOM420_423:W_GUESTROOM420_423_3_0_0_0_1
  0
3DFACE
  8
GUESTROOM420_423
 62
143
 10
       18.44900
 20
       18.33740
 30
       10.93280
 11
       18.44900
 21
       18.33740
 31
        9.48880
 12
       17.31000
 22
       18.33740
 32
        9.48880
 13
       17.31000
 23
       18.33740
 33
       10.93280
999
GUESTROOM420_423:W_GUESTROOM420_423_3_0_0_0_2
  0
3DFACE
  8
GUESTROOM420_423
 62
143
 10
       14.48700
 20
       18.33740
 30
       10.93280
 11
       14.48700
 21
       18.33740
 31
        9.48880
 12
       13.34800
 22
       18.33740
 32
        9.48880
 13
       13.34800
 23
       18.33740
 33
       10.93280
999
GUESTROOM420_423:W_GUESTROOM420_423_3_0_0_0_3
  0
3DFACE
  8
GUESTROOM420_423
 62
143
 10
       10.52400
 20
       18.33740
 30
       10.93280
 11
       10.52400
 21
       18.33740
 31
        9.48880
 12
        9.38500
 22
       18.33740
 32
        9.48880
 13
        9.38500
 23
       18.33740
 33
       10.93280
999
GUESTROOM420_423:F_GUESTROOM420_423_10267_0_10143
  0
3DFACE
  8
GUESTROOM420_423
 62
  8
 10
       23.82310
 20
       10.10780
 30
        8.83920
 11
        7.97350
 21
       10.10780
 31
        8.83920
 12
        7.97350
 22
       18.33740
 32
        8.83920
 13
       23.82310
 23
       18.33740
 33
        8.83920
999
GUESTROOM420_423:R_GUESTROOM420_423_1_0_0
  0
3DFACE
  8
GUESTROOM420_423
 62
 15
 10
        7.97350
 20
       10.10780
 30
       11.58240
 11
       23.82310
 21
       10.10780
 31
       11.58240
 12
       23.82310
 22
       18.33740
 32
       11.58240
 13
        7.97350
 23
       18.33740
 33
       11.58240
999
GUESTROOM424:P_GUESTROOM424_10297_0_10159
  0
3DFACE
  8
GUESTROOM424
 62
 43
 10
        4.01110
 20
       10.10780
 30
       11.58240
 11
        4.01110
 21
       10.10780
 31
        8.83920
 12
        7.97350
 22
       10.10780
 32
        8.83920
 13
        7.97350
 23
       10.10780
 33
       11.58240
999
GUESTROOM424:P_GUESTROOM424_10346_0_10176
  0
3DFACE
  8
GUESTROOM424
 62
 43
 10
        7.97350
 20
       10.10780
 30
       11.58240
 11
        7.97350
 21
       10.10780
 31
        8.83920
 12
        7.97350
 22
       18.33740
 32
        8.83920
 13
        7.97350
 23
       18.33740
 33
       11.58240
999
GUESTROOM424:P_GUESTROOM424_4_0_0
  0
3DFACE
  8
GUESTROOM424
 62
 43
 10
        4.01110
 20
       18.33740
 30
       11.58240
 11
        4.01110
 21
       18.33740
 31
        8.83920
 12
        4.01110
 22
       10.10780
 32
        8.83920
 13
        4.01110
 23
       10.10780
 33
       11.58240
999
GUESTROOM424:W_GUESTROOM424_3_0_0
  0
3DFACE
  8
GUESTROOM424
 62
 43
 10
        7.97350
 20
       18.33740
 30
       11.58240
 11
        7.97350
 21
       18.33740
 31
        8.83920
 12
        4.01110
 22
       18.33740
 32
        8.83920
 13
        4.01110
 23
       18.33740
 33
       11.58240
999
GUESTROOM424:W_GUESTROOM424_3_0_0_0_0
  0
3DFACE
  8
GUESTROOM424
 62
143
 10
        6.56200
 20
       18.33740
 30
       10.93280
 11
        6.56200
 21
       18.33740
 31
        9.48880
 12
        5.42300
 22
       18.33740
 32
        9.48880
 13
        5.42300
 23
       18.33740
 33
       10.93280
999
GUESTROOM424:F_GUESTROOM424_10272_0_10145
  0
3DFACE
  8
GUESTROOM424
 62
  8
 10
        7.97350
 20
       10.10780
 30
        8.83920
 11
        4.01110
 21
       10.10780
 31
        8.83920
 12
        4.01110
 22
       18.33740
 32
        8.83920
 13
        7.97350
 23
       18.33740
 33
        8.83920
999
GUESTROOM424:R_GUESTROOM424_1_0_0
  0
3DFACE
  8
GUESTROOM424
 62
 15
 10
        4.01110
 20
       10.10780
 30
       11.58240
 11
        7.97350
 21
       10.10780
 31
       11.58240
 12
        7.97350
 22
       18.33740
 32
       11.58240
 13
        4.01110
 23
       18.33740
 33
       11.58240
999
LAUNDRYROOMFLR1:P_LAUNDRYROOMFLR1_10010_0_10008
  0
3DFACE
  8
LAUNDRYROOMFLR1
 62
 43
 10
       28.69990
 20
       10.10780
 30
        3.35280
 11
       28.69990
 21
       10.10780
 31
        0.00000
 12
       40.58710
 22
       10.10780
 32
        0.00000
 13
       40.58710
 23
       10.10780
 33
        3.35280
999
LAUNDRYROOMFLR1:P_LAUNDRYROOMFLR1_10070_0_10047
  0
3DFACE
  8
LAUNDRYROOMFLR1
 62
 43
 10
       40.58710
 20
       10.10780
 30
        3.35280
 11
       40.58710
 21
       10.10780
 31
        0.00000
 12
       40.58710
 22
       18.33740
 32
        0.00000
 13
       40.58710
 23
       18.33740
 33
        3.35280
999
LAUNDRYROOMFLR1:P_LAUNDRYROOMFLR1_4_0_0
  0
3DFACE
  8
LAUNDRYROOMFLR1
 62
 43
 10
       28.69990
 20
       18.33740
 30
        3.35280
 11
       28.69990
 21
       18.33740
 31
        0.00000
 12
       28.69990
 22
       10.10780
 32
        0.00000
 13
       28.69990
 23
       10.10780
 33
        3.35280
999
LAUNDRYROOMFLR1:W_LAUNDRYROOMFLR1_3_0_0
  0
3DFACE
  8
LAUNDRYROOMFLR1
 62
 43
 10
       40.58710
 20
       18.33740
 30
        3.35280
 11
       40.58710
 21
       18.33740
 31
        0.00000
 12
       28.69990
 22
       18.33740
 32
        0.00000
 13
       28.69990
 23
       18.33740
 33
        3.35280
999
LAUNDRYROOMFLR1:W_LAUNDRYROOMFLR1_3_0_0_0_0
  0
3DFACE
  8
LAUNDRYROOMFLR1
 62
143
 10
       39.17500
 20
       18.33740
 30
        2.39840
 11
       39.17500
 21
       18.33740
 31
        0.95440
 12
       38.03600
 22
       18.33740
 32
        0.95440
 13
       38.03600
 23
       18.33740
 33
        2.39840
999
LAUNDRYROOMFLR1:W_LAUNDRYROOMFLR1_3_0_0_0_1
  0
3DFACE
  8
LAUNDRYROOMFLR1
 62
143
 10
       35.21300
 20
       18.33740
 30
        2.39840
 11
       35.21300
 21
       18.33740
 31
        0.95440
 12
       34.07400
 22
       18.33740
 32
        0.95440
 13
       34.07400
 23
       18.33740
 33
        2.39840
999
LAUNDRYROOMFLR1:W_LAUNDRYROOMFLR1_3_0_0_0_2
  0
3DFACE
  8
LAUNDRYROOMFLR1
 62
143
 10
       31.25100
 20
       18.33740
 30
        2.39840
 11
       31.25100
 21
       18.33740
 31
        0.95440
 12
       30.11100
 22
       18.33740
 32
        0.95440
 13
       30.11100
 23
       18.33740
 33
        2.39840
999
LAUNDRYROOMFLR1:S_LAUNDRYROOMFLR1_0_0_0
  0
3DFACE
  8
LAUNDRYROOMFLR1
 62
  8
 10
       40.58710
 20
       10.10780
 30
        0.00000
 11
       28.69990
 21
       10.10780
 31
        0.00000
 12
       28.69990
 22
       18.33740
 32
        0.00000
 13
       40.58710
 23
       18.33740
 33
        0.00000
999
LAUNDRYROOMFLR1:C_LAUNDRYROOMFLR1_1_0_0
  0
3DFACE
  8
LAUNDRYROOMFLR1
 62
 15
 10
       32.66230
 20
       10.10780
 30
        3.35280
 11
       40.58710
 21
       10.10780
 31
        3.35280
 12
       40.58710
 22
       18.33740
 32
        3.35280
 13
       32.66230
 23
       18.33740
 33
        3.35280
999
LAUNDRYROOMFLR1:C_LAUNDRYROOMFLR1_1_1_0
  0
3DFACE
  8
LAUNDRYROOMFLR1
 62
 15
 10
       28.69990
 20
       10.10780
 30
        3.35280
 11
       32.66230
 21
       10.10780
 31
        3.35280
 12
       32.66230
 22
       18.33740
 32
        3.35280
 13
       28.69990
 23
       18.33740
 33
        3.35280
999
MECHANICALROOMFLR1:P_MECHANICALROOMFLR1_10023_0_10021
  0
3DFACE
  8
MECHANICALROOMFLR1
 62
 43
 10
       40.58710
 20
        8.27900
 30
        3.35280
 11
       40.58710
 21
        8.27900
 31
        0.00000
 12
       36.62470
 22
        8.27900
 32
        0.00000
 13
       36.62470
 23
        8.27900
 33
        3.35280
999
MECHANICALROOMFLR1:P_MECHANICALROOMFLR1_10041_0_10034
  0
3DFACE
  8
MECHANICALROOMFLR1
 62
 43
 10
       36.62470
 20
        8.27900
 30
        3.35280
 11
       36.62470
 21
        8.27900
 31
        0.00000
 12
       36.62470
 22
        0.04880
 32
        0.00000
 13
       36.62470
 23
        0.04880
 33
        3.35280
999
MECHANICALROOMFLR1:P_MECHANICALROOMFLR1_2_0_0
  0
3DFACE
  8
MECHANICALROOMFLR1
 62
 43
 10
       40.58710
 20
        0.04880
 30
        3.35280
 11
       40.58710
 21
        0.04880
 31
        0.00000
 12
       40.58710
 22
        8.27900
 32
        0.00000
 13
       40.58710
 23
        8.27900
 33
        3.35280
999
MECHANICALROOMFLR1:W_MECHANICALROOMFLR1_5_0_0
  0
3DFACE
  8
MECHANICALROOMFLR1
 62
 43
 10
       36.62470
 20
        0.04880
 30
        3.35280
 11
       36.62470
 21
        0.04880
 31
        0.00000
 12
       40.58710
 22
        0.04880
 32
        0.00000
 13
       40.58710
 23
        0.04880
 33
        3.35280
999
MECHANICALROOMFLR1:S_MECHANICALROOMFLR1_0_0_0
  0
3DFACE
  8
MECHANICALROOMFLR1
 62
  8
 10
       40.58710
 20
        0.04880
 30
        0.00000
 11
       36.62470
 21
        0.04880
 31
        0.00000
 12
       36.62470
 22
        8.27900
 32
        0.00000
 13
       40.58710
 23
        8.27900
 33
        0.00000
999
MECHANICALROOMFLR1:C_MECHANICALROOMFLR1_1_0_0
  0
3DFACE
  8
MECHANICALROOMFLR1
 62
 15
 10
       36.62470
 20
        0.04880
 30
        3.35280
 11
       40.58710
 21
        0.04880
 31
        3.35280
 12
       40.58710
 22
        8.27900
 32
        3.35280
 13
       36.62470
 23
        8.27900
 33
        3.35280
999
MEETINGROOMFLR1:P_MEETINGROOMFLR1_10021_0_10019
  0
3DFACE
  8
MEETINGROOMFLR1
 62
 43
 10
       26.87110
 20
        8.27900
 30
        3.35280
 11
       26.87110
 21
        8.27900
 31
        0.00000
 12
       26.87110
 22
        0.04880
 32
        0.00000
 13
       26.87110
 23
        0.04880
 33
        3.35280
999
MEETINGROOMFLR1:P_MEETINGROOMFLR1_10022_0_10020
  0
3DFACE
  8
MEETINGROOMFLR1
 62
 43
 10
       36.62470
 20
        8.27900
 30
        3.35280
 11
       36.62470
 21
        8.27900
 31
        0.00000
 12
       26.87110
 22
        8.27900
 32
        0.00000
 13
       26.87110
 23
        8.27900
 33
        3.35280
999
MEETINGROOMFLR1:P_MEETINGROOMFLR1_2_0_0
  0
3DFACE
  8
MEETINGROOMFLR1
 62
 43
 10
       36.62470
 20
        0.04880
 30
        3.35280
 11
       36.62470
 21
        0.04880
 31
        0.00000
 12
       36.62470
 22
        8.27900
 32
        0.00000
 13
       36.62470
 23
        8.27900
 33
        3.35280
999
MEETINGROOMFLR1:W_MEETINGROOMFLR1_5_0_0
  0
3DFACE
  8
MEETINGROOMFLR1
 62
 43
 10
       26.87110
 20
        0.04880
 30
        3.35280
 11
       26.87110
 21
        0.04880
 31
        0.00000
 12
       36.62470
 22
        0.04880
 32
        0.00000
 13
       36.62470
 23
        0.04880
 33
        3.35280
999
MEETINGROOMFLR1:W_MEETINGROOMFLR1_5_0_0_0_0
  0
3DFACE
  8
MEETINGROOMFLR1
 62
143
 10
       28.28300
 20
        0.04880
 30
        2.39840
 11
       28.28300
 21
        0.04880
 31
        0.95440
 12
       29.42200
 22
        0.04880
 32
        0.95440
 13
       29.42200
 23
        0.04880
 33
        2.39840
999
MEETINGROOMFLR1:W_MEETINGROOMFLR1_5_0_0_0_1
  0
3DFACE
  8
MEETINGROOMFLR1
 62
143
 10
       34.07400
 20
        0.04880
 30
        2.39840
 11
       34.07400
 21
        0.04880
 31
        0.95440
 12
       35.21300
 22
        0.04880
 32
        0.95440
 13
       35.21300
 23
        0.04880
 33
        2.39840
999
MEETINGROOMFLR1:W_MEETINGROOMFLR1_5_0_0_0_2
  0
3DFACE
  8
MEETINGROOMFLR1
 62
143
 10
       31.17800
 20
        0.04880
 30
        2.39840
 11
       31.17800
 21
        0.04880
 31
        0.95440
 12
       32.31800
 22
        0.04880
 32
        0.95440
 13
       32.31800
 23
        0.04880
 33
        2.39840
999
MEETINGROOMFLR1:S_MEETINGROOMFLR1_0_0_0
  0
3DFACE
  8
MEETINGROOMFLR1
 62
  8
 10
       36.62470
 20
        0.04880
 30
        0.00000
 11
       26.87110
 21
        0.04880
 31
        0.00000
 12
       26.87110
 22
        8.27900
 32
        0.00000
 13
       36.62470
 23
        8.27900
 33
        0.00000
999
MEETINGROOMFLR1:C_MEETINGROOMFLR1_1_0_0
  0
3DFACE
  8
MEETINGROOMFLR1
 62
 15
 10
       26.87110
 20
        0.04880
 30
        3.35280
 11
       32.66230
 21
        0.04880
 31
        3.35280
 12
       32.66230
 22
        8.27900
 32
        3.35280
 13
       26.87110
 23
        8.27900
 33
        3.35280
999
MEETINGROOMFLR1:C_MEETINGROOMFLR1_1_1_0
  0
3DFACE
  8
MEETINGROOMFLR1
 62
 15
 10
       32.66230
 20
        0.04880
 30
        3.35280
 11
       36.62470
 21
        0.04880
 31
        3.35280
 12
       36.62470
 22
        8.27900
 32
        3.35280
 13
       32.66230
 23
        8.27900
 33
        3.35280
999
REARSTAIRSFLR1:P_REARSTAIRSFLR1_4_0_0
  0
3DFACE
  8
REARSTAIRSFLR1
 62
 43
 10
       52.47430
 20
       18.33740
 30
        3.35280
 11
       52.47430
 21
       18.33740
 31
        0.00000
 12
       52.47430
 22
       10.10780
 32
        0.00000
 13
       52.47430
 23
       10.10780
 33
        3.35280
999
REARSTAIRSFLR1:P_REARSTAIRSFLR1_5_0_0
  0
3DFACE
  8
REARSTAIRSFLR1
 62
 43
 10
       52.47430
 20
       10.10780
 30
        3.35280
 11
       52.47430
 21
       10.10780
 31
        0.00000
 12
       54.91330
 22
       10.10780
 32
        0.00000
 13
       54.91330
 23
       10.10780
 33
        3.35280
999
REARSTAIRSFLR1:W_REARSTAIRSFLR1_2_0_0
  0
3DFACE
  8
REARSTAIRSFLR1
 62
 43
 10
       54.91330
 20
       10.10780
 30
        3.35280
 11
       54.91330
 21
       10.10780
 31
        0.00000
 12
       54.91330
 22
       18.33740
 32
        0.00000
 13
       54.91330
 23
       18.33740
 33
        3.35280
999
REARSTAIRSFLR1:W_REARSTAIRSFLR1_3_0_0
  0
3DFACE
  8
REARSTAIRSFLR1
 62
 43
 10
       54.91330
 20
       18.33740
 30
        3.35280
 11
       54.91330
 21
       18.33740
 31
        0.00000
 12
       52.47430
 22
       18.33740
 32
        0.00000
 13
       52.47430
 23
       18.33740
 33
        3.35280
999
REARSTAIRSFLR1:S_REARSTAIRSFLR1_0_0_0
  0
3DFACE
  8
REARSTAIRSFLR1
 62
  8
 10
       54.91330
 20
       10.10780
 30
        0.00000
 11
       52.47430
 21
       10.10780
 31
        0.00000
 12
       52.47430
 22
       18.33740
 32
        0.00000
 13
       54.91330
 23
       18.33740
 33
        0.00000
999
REARSTAIRSFLR1:C_REARSTAIRSFLR1_1_0_0
  0
3DFACE
  8
REARSTAIRSFLR1
 62
 15
 10
       52.47430
 20
       10.10780
 30
        3.35280
 11
       54.91330
 21
       10.10780
 31
        3.35280
 12
       54.91330
 22
       18.33740
 32
        3.35280
 13
       52.47430
 23
       18.33740
 33
        3.35280
999
REARSTAIRSFLR2:P_REARSTAIRSFLR2_4_0_0
  0
3DFACE
  8
REARSTAIRSFLR2
 62
 43
 10
       52.47430
 20
       18.33740
 30
        6.09600
 11
       52.47430
 21
       18.33740
 31
        3.35280
 12
       52.47430
 22
       10.10780
 32
        3.35280
 13
       52.47430
 23
       10.10780
 33
        6.09600
999
REARSTAIRSFLR2:P_REARSTAIRSFLR2_5_0_0
  0
3DFACE
  8
REARSTAIRSFLR2
 62
 43
 10
       52.47430
 20
       10.10780
 30
        6.09600
 11
       52.47430
 21
       10.10780
 31
        3.35280
 12
       54.91330
 22
       10.10780
 32
        3.35280
 13
       54.91330
 23
       10.10780
 33
        6.09600
999
REARSTAIRSFLR2:W_REARSTAIRSFLR2_2_0_0
  0
3DFACE
  8
REARSTAIRSFLR2
 62
 43
 10
       54.91330
 20
       10.10780
 30
        6.09600
 11
       54.91330
 21
       10.10780
 31
        3.35280
 12
       54.91330
 22
       18.33740
 32
        3.35280
 13
       54.91330
 23
       18.33740
 33
        6.09600
999
REARSTAIRSFLR2:W_REARSTAIRSFLR2_3_0_0
  0
3DFACE
  8
REARSTAIRSFLR2
 62
 43
 10
       54.91330
 20
       18.33740
 30
        6.09600
 11
       54.91330
 21
       18.33740
 31
        3.35280
 12
       52.47430
 22
       18.33740
 32
        3.35280
 13
       52.47430
 23
       18.33740
 33
        6.09600
999
REARSTAIRSFLR2:F_REARSTAIRSFLR2_10001_0_10000
  0
3DFACE
  8
REARSTAIRSFLR2
 62
  8
 10
       54.91330
 20
       10.10780
 30
        3.35280
 11
       52.47430
 21
       10.10780
 31
        3.35280
 12
       52.47430
 22
       18.33740
 32
        3.35280
 13
       54.91330
 23
       18.33740
 33
        3.35280
999
REARSTAIRSFLR2:C_REARSTAIRSFLR2_1_0_0
  0
3DFACE
  8
REARSTAIRSFLR2
 62
 15
 10
       52.47430
 20
       10.10780
 30
        6.09600
 11
       54.91330
 21
       10.10780
 31
        6.09600
 12
       54.91330
 22
       18.33740
 32
        6.09600
 13
       52.47430
 23
       18.33740
 33
        6.09600
999
REARSTAIRSFLR3:P_REARSTAIRSFLR3_4_0_0
  0
3DFACE
  8
REARSTAIRSFLR3
 62
 43
 10
       52.47430
 20
       18.33740
 30
        8.83920
 11
       52.47430
 21
       18.33740
 31
        6.09600
 12
       52.47430
 22
       10.10780
 32
        6.09600
 13
       52.47430
 23
       10.10780
 33
        8.83920
999
REARSTAIRSFLR3:P_REARSTAIRSFLR3_5_0_0
  0
3DFACE
  8
REARSTAIRSFLR3
 62
 43
 10
       52.47430
 20
       10.10780
 30
        8.83920
 11
       52.47430
 21
       10.10780
 31
        6.09600
 12
       54.91330
 22
       10.10780
 32
        6.09600
 13
       54.91330
 23
       10.10780
 33
        8.83920
999
REARSTAIRSFLR3:W_REARSTAIRSFLR3_2_0_0
  0
3DFACE
  8
REARSTAIRSFLR3
 62
 43
 10
       54.91330
 20
       10.10780
 30
        8.83920
 11
       54.91330
 21
       10.10780
 31
        6.09600
 12
       54.91330
 22
       18.33740
 32
        6.09600
 13
       54.91330
 23
       18.33740
 33
        8.83920
999
REARSTAIRSFLR3:W_REARSTAIRSFLR3_3_0_0
  0
3DFACE
  8
REARSTAIRSFLR3
 62
 43
 10
       54.91330
 20
       18.33740
 30
        8.83920
 11
       54.91330
 21
       18.33740
 31
        6.09600
 12
       52.47430
 22
       18.33740
 32
        6.09600
 13
       52.47430
 23
       18.33740
 33
        8.83920
999
REARSTAIRSFLR3:F_REARSTAIRSFLR3_10098_0_10060
  0
3DFACE
  8
REARSTAIRSFLR3
 62
  8
 10
       54.91330
 20
       10.10780
 30
        6.09600
 11
       52.47430
 21
       10.10780
 31
        6.09600
 12
       52.47430
 22
       18.33740
 32
        6.09600
 13
       54.91330
 23
       18.33740
 33
        6.09600
999
REARSTAIRSFLR3:C_REARSTAIRSFLR3_1_0_0
  0
3DFACE
  8
REARSTAIRSFLR3
 62
 15
 10
       52.47430
 20
       10.10780
 30
        8.83920
 11
       54.91330
 21
       10.10780
 31
        8.83920
 12
       54.91330
 22
       18.33740
 32
        8.83920
 13
       52.47430
 23
       18.33740
 33
        8.83920
999
REARSTAIRSFLR4:P_REARSTAIRSFLR4_4_0_0
  0
3DFACE
  8
REARSTAIRSFLR4
 62
 43
 10
       52.47430
 20
       18.33740
 30
       11.58240
 11
       52.47430
 21
       18.33740
 31
        8.83920
 12
       52.47430
 22
       10.10780
 32
        8.83920
 13
       52.47430
 23
       10.10780
 33
       11.58240
999
REARSTAIRSFLR4:P_REARSTAIRSFLR4_5_0_0
  0
3DFACE
  8
REARSTAIRSFLR4
 62
 43
 10
       52.47430
 20
       10.10780
 30
       11.58240
 11
       52.47430
 21
       10.10780
 31
        8.83920
 12
       54.91330
 22
       10.10780
 32
        8.83920
 13
       54.91330
 23
       10.10780
 33
       11.58240
999
REARSTAIRSFLR4:W_REARSTAIRSFLR4_2_0_0
  0
3DFACE
  8
REARSTAIRSFLR4
 62
 43
 10
       54.91330
 20
       10.10780
 30
       11.58240
 11
       54.91330
 21
       10.10780
 31
        8.83920
 12
       54.91330
 22
       18.33740
 32
        8.83920
 13
       54.91330
 23
       18.33740
 33
       11.58240
999
REARSTAIRSFLR4:W_REARSTAIRSFLR4_3_0_0
  0
3DFACE
  8
REARSTAIRSFLR4
 62
 43
 10
       54.91330
 20
       18.33740
 30
       11.58240
 11
       54.91330
 21
       18.33740
 31
        8.83920
 12
       52.47430
 22
       18.33740
 32
        8.83920
 13
       52.47430
 23
       18.33740
 33
       11.58240
999
REARSTAIRSFLR4:F_REARSTAIRSFLR4_10196_0_10105
  0
3DFACE
  8
REARSTAIRSFLR4
 62
  8
 10
       54.91330
 20
       10.10780
 30
        8.83920
 11
       52.47430
 21
       10.10780
 31
        8.83920
 12
       52.47430
 22
       18.33740
 32
        8.83920
 13
       54.91330
 23
       18.33740
 33
        8.83920
999
REARSTAIRSFLR4:R_REARSTAIRSFLR4_1_0_0
  0
3DFACE
  8
REARSTAIRSFLR4
 62
 15
 10
       52.47430
 20
       10.10780
 30
       11.58240
 11
       54.91330
 21
       10.10780
 31
       11.58240
 12
       54.91330
 22
       18.33740
 32
       11.58240
 13
       52.47430
 23
       18.33740
 33
       11.58240
999
REARSTORAGEFLR1:P_REARSTORAGEFLR1_10027_0_10025
  0
3DFACE
  8
REARSTORAGEFLR1
 62
 43
 10
       54.91330
 20
        8.27900
 30
        3.35280
 11
       54.91330
 21
        8.27900
 31
        0.00000
 12
       52.47430
 22
        8.27900
 32
        0.00000
 13
       52.47430
 23
        8.27900
 33
        3.35280
999
REARSTORAGEFLR1:P_REARSTORAGEFLR1_4_0_0
  0
3DFACE
  8
REARSTORAGEFLR1
 62
 43
 10
       52.47430
 20
        8.27900
 30
        3.35280
 11
       52.47430
 21
        8.27900
 31
        0.00000
 12
       52.47430
 22
        0.04880
 32
        0.00000
 13
       52.47430
 23
        0.04880
 33
        3.35280
999
REARSTORAGEFLR1:W_REARSTORAGEFLR1_2_0_0
  0
3DFACE
  8
REARSTORAGEFLR1
 62
 43
 10
       54.91330
 20
        0.04880
 30
        3.35280
 11
       54.91330
 21
        0.04880
 31
        0.00000
 12
       54.91330
 22
        8.27900
 32
        0.00000
 13
       54.91330
 23
        8.27900
 33
        3.35280
999
REARSTORAGEFLR1:W_REARSTORAGEFLR1_5_0_0
  0
3DFACE
  8
REARSTORAGEFLR1
 62
 43
 10
       52.47430
 20
        0.04880
 30
        3.35280
 11
       52.47430
 21
        0.04880
 31
        0.00000
 12
       54.91330
 22
        0.04880
 32
        0.00000
 13
       54.91330
 23
        0.04880
 33
        3.35280
999
REARSTORAGEFLR1:S_REARSTORAGEFLR1_0_0_0
  0
3DFACE
  8
REARSTORAGEFLR1
 62
  8
 10
       54.91330
 20
        0.04880
 30
        0.00000
 11
       52.47430
 21
        0.04880
 31
        0.00000
 12
       52.47430
 22
        8.27900
 32
        0.00000
 13
       54.91330
 23
        8.27900
 33
        0.00000
999
REARSTORAGEFLR1:C_REARSTORAGEFLR1_1_0_0
  0
3DFACE
  8
REARSTORAGEFLR1
 62
 15
 10
       52.47430
 20
        0.04880
 30
        3.35280
 11
       54.91330
 21
        0.04880
 31
        3.35280
 12
       54.91330
 22
        8.27900
 32
        3.35280
 13
       52.47430
 23
        8.27900
 33
        3.35280
999
REARSTORAGEFLR2:P_REARSTORAGEFLR2_10119_0_10079
  0
3DFACE
  8
REARSTORAGEFLR2
 62
 43
 10
       54.91330
 20
        8.27900
 30
        6.09600
 11
       54.91330
 21
        8.27900
 31
        3.35280
 12
       52.47430
 22
        8.27900
 32
        3.35280
 13
       52.47430
 23
        8.27900
 33
        6.09600
999
REARSTORAGEFLR2:P_REARSTORAGEFLR2_4_0_0
  0
3DFACE
  8
REARSTORAGEFLR2
 62
 43
 10
       52.47430
 20
        8.27900
 30
        6.09600
 11
       52.47430
 21
        8.27900
 31
        3.35280
 12
       52.47430
 22
        0.04880
 32
        3.35280
 13
       52.47430
 23
        0.04880
 33
        6.09600
999
REARSTORAGEFLR2:W_REARSTORAGEFLR2_2_0_0
  0
3DFACE
  8
REARSTORAGEFLR2
 62
 43
 10
       54.91330
 20
        0.04880
 30
        6.09600
 11
       54.91330
 21
        0.04880
 31
        3.35280
 12
       54.91330
 22
        8.27900
 32
        3.35280
 13
       54.91330
 23
        8.27900
 33
        6.09600
999
REARSTORAGEFLR2:W_REARSTORAGEFLR2_5_0_0
  0
3DFACE
  8
REARSTORAGEFLR2
 62
 43
 10
       52.47430
 20
        0.04880
 30
        6.09600
 11
       52.47430
 21
        0.04880
 31
        3.35280
 12
       54.91330
 22
        0.04880
 32
        3.35280
 13
       54.91330
 23
        0.04880
 33
        6.09600
999
REARSTORAGEFLR2:F_REARSTORAGEFLR2_10028_0_10026
  0
3DFACE
  8
REARSTORAGEFLR2
 62
  8
 10
       54.91330
 20
        0.04880
 30
        3.35280
 11
       52.47430
 21
        0.04880
 31
        3.35280
 12
       52.47430
 22
        8.27900
 32
        3.35280
 13
       54.91330
 23
        8.27900
 33
        3.35280
999
REARSTORAGEFLR2:C_REARSTORAGEFLR2_1_0_0
  0
3DFACE
  8
REARSTORAGEFLR2
 62
 15
 10
       52.47430
 20
        0.04880
 30
        6.09600
 11
       54.91330
 21
        0.04880
 31
        6.09600
 12
       54.91330
 22
        8.27900
 32
        6.09600
 13
       52.47430
 23
        8.27900
 33
        6.09600
999
REARSTORAGEFLR3:P_REARSTORAGEFLR3_10217_0_10124
  0
3DFACE
  8
REARSTORAGEFLR3
 62
 43
 10
       54.91330
 20
        8.27900
 30
        8.83920
 11
       54.91330
 21
        8.27900
 31
        6.09600
 12
       52.47430
 22
        8.27900
 32
        6.09600
 13
       52.47430
 23
        8.27900
 33
        8.83920
999
REARSTORAGEFLR3:P_REARSTORAGEFLR3_4_0_0
  0
3DFACE
  8
REARSTORAGEFLR3
 62
 43
 10
       52.47430
 20
        8.27900
 30
        8.83920
 11
       52.47430
 21
        8.27900
 31
        6.09600
 12
       52.47430
 22
        0.04880
 32
        6.09600
 13
       52.47430
 23
        0.04880
 33
        8.83920
999
REARSTORAGEFLR3:W_REARSTORAGEFLR3_2_0_0
  0
3DFACE
  8
REARSTORAGEFLR3
 62
 43
 10
       54.91330
 20
        0.04880
 30
        8.83920
 11
       54.91330
 21
        0.04880
 31
        6.09600
 12
       54.91330
 22
        8.27900
 32
        6.09600
 13
       54.91330
 23
        8.27900
 33
        8.83920
999
REARSTORAGEFLR3:W_REARSTORAGEFLR3_5_0_0
  0
3DFACE
  8
REARSTORAGEFLR3
 62
 43
 10
       52.47430
 20
        0.04880
 30
        8.83920
 11
       52.47430
 21
        0.04880
 31
        6.09600
 12
       54.91330
 22
        0.04880
 32
        6.09600
 13
       54.91330
 23
        0.04880
 33
        8.83920
999
REARSTORAGEFLR3:F_REARSTORAGEFLR3_10121_0_10080
  0
3DFACE
  8
REARSTORAGEFLR3
 62
  8
 10
       54.91330
 20
        0.04880
 30
        6.09600
 11
       52.47430
 21
        0.04880
 31
        6.09600
 12
       52.47430
 22
        8.27900
 32
        6.09600
 13
       54.91330
 23
        8.27900
 33
        6.09600
999
REARSTORAGEFLR3:C_REARSTORAGEFLR3_1_0_0
  0
3DFACE
  8
REARSTORAGEFLR3
 62
 15
 10
       52.47430
 20
        0.04880
 30
        8.83920
 11
       54.91330
 21
        0.04880
 31
        8.83920
 12
       54.91330
 22
        8.27900
 32
        8.83920
 13
       52.47430
 23
        8.27900
 33
        8.83920
999
REARSTORAGEFLR4:P_REARSTORAGEFLR4_10305_0_10167
  0
3DFACE
  8
REARSTORAGEFLR4
 62
 43
 10
       54.91330
 20
        8.27900
 30
       11.58240
 11
       54.91330
 21
        8.27900
 31
        8.83920
 12
       52.47430
 22
        8.27900
 32
        8.83920
 13
       52.47430
 23
        8.27900
 33
       11.58240
999
REARSTORAGEFLR4:P_REARSTORAGEFLR4_4_0_0
  0
3DFACE
  8
REARSTORAGEFLR4
 62
 43
 10
       52.47430
 20
        8.27900
 30
       11.58240
 11
       52.47430
 21
        8.27900
 31
        8.83920
 12
       52.47430
 22
        0.04880
 32
        8.83920
 13
       52.47430
 23
        0.04880
 33
       11.58240
999
REARSTORAGEFLR4:W_REARSTORAGEFLR4_2_0_0
  0
3DFACE
  8
REARSTORAGEFLR4
 62
 43
 10
       54.91330
 20
        0.04880
 30
       11.58240
 11
       54.91330
 21
        0.04880
 31
        8.83920
 12
       54.91330
 22
        8.27900
 32
        8.83920
 13
       54.91330
 23
        8.27900
 33
       11.58240
999
REARSTORAGEFLR4:W_REARSTORAGEFLR4_5_0_0
  0
3DFACE
  8
REARSTORAGEFLR4
 62
 43
 10
       52.47430
 20
        0.04880
 30
       11.58240
 11
       52.47430
 21
        0.04880
 31
        8.83920
 12
       54.91330
 22
        0.04880
 32
        8.83920
 13
       54.91330
 23
        0.04880
 33
       11.58240
999
REARSTORAGEFLR4:F_REARSTORAGEFLR4_10219_0_10125
  0
3DFACE
  8
REARSTORAGEFLR4
 62
  8
 10
       54.91330
 20
        0.04880
 30
        8.83920
 11
       52.47430
 21
        0.04880
 31
        8.83920
 12
       52.47430
 22
        8.27900
 32
        8.83920
 13
       54.91330
 23
        8.27900
 33
        8.83920
999
REARSTORAGEFLR4:R_REARSTORAGEFLR4_1_0_0
  0
3DFACE
  8
REARSTORAGEFLR4
 62
 15
 10
       52.47430
 20
        0.04880
 30
       11.58240
 11
       54.91330
 21
        0.04880
 31
       11.58240
 12
       54.91330
 22
        8.27900
 32
       11.58240
 13
       52.47430
 23
        8.27900
 33
       11.58240
999
RESTROOMFLR1:P_RESTROOMFLR1_10019_0_10017
  0
3DFACE
  8
RESTROOMFLR1
 62
 43
 10
       23.82310
 20
        8.27900
 30
        3.35280
 11
       23.82310
 21
        8.27900
 31
        0.00000
 12
       19.86070
 22
        8.27900
 32
        0.00000
 13
       19.86070
 23
        8.27900
 33
        3.35280
999
RESTROOMFLR1:P_RESTROOMFLR1_10020_0_10018
  0
3DFACE
  8
RESTROOMFLR1
 62
 43
 10
       23.82310
 20
        0.04880
 30
        3.35280
 11
       23.82310
 21
        0.04880
 31
        0.00000
 12
       23.82310
 22
        8.27900
 32
        0.00000
 13
       23.82310
 23
        8.27900
 33
        3.35280
999
RESTROOMFLR1:P_RESTROOMFLR1_10033_0_10030
  0
3DFACE
  8
RESTROOMFLR1
 62
 43
 10
       19.86070
 20
        8.27900
 30
        3.35280
 11
       19.86070
 21
        8.27900
 31
        0.00000
 12
       19.86070
 22
        0.04880
 32
        0.00000
 13
       19.86070
 23
        0.04880
 33
        3.35280
999
RESTROOMFLR1:W_RESTROOMFLR1_5_0_0
  0
3DFACE
  8
RESTROOMFLR1
 62
 43
 10
       19.86070
 20
        0.04880
 30
        3.35280
 11
       19.86070
 21
        0.04880
 31
        0.00000
 12
       23.82310
 22
        0.04880
 32
        0.00000
 13
       23.82310
 23
        0.04880
 33
        3.35280
999
RESTROOMFLR1:S_RESTROOMFLR1_0_0_0
  0
3DFACE
  8
RESTROOMFLR1
 62
  8
 10
       23.82310
 20
        0.04880
 30
        0.00000
 11
       19.86070
 21
        0.04880
 31
        0.00000
 12
       19.86070
 22
        8.27900
 32
        0.00000
 13
       23.82310
 23
        8.27900
 33
        0.00000
999
RESTROOMFLR1:C_RESTROOMFLR1_1_0_0
  0
3DFACE
  8
RESTROOMFLR1
 62
 15
 10
       19.86070
 20
        0.04880
 30
        3.35280
 11
       23.82310
 21
        0.04880
 31
        3.35280
 12
       23.82310
 22
        8.27900
 32
        3.35280
 13
       19.86070
 23
        8.27900
 33
        3.35280
  0
ENDSEC
  0
EOF
