Time,PSZ-HEATCOOL:1:DesPer 1:Des Heat Mass Flow [kg/s],PSZ-HEATCOOL:1:DesPer 1:Des Heat Cap [W],PSZ-HEATCOOL:1:DesPer 1:Des Cool Mass Flow [kg/s],PSZ-HEATCOOL:1:DesPer 1:Des Sens Cool Cap [W],PSZ-HEATCOOL:1:DesPer 1:Des Tot Cool Cap [W],PSZ-HEATCOOL:1:DesPer 2:Des Heat Mass Flow [kg/s],PSZ-HEATCOOL:1:DesPer 2:Des Heat Cap [W],PSZ-HEATCOOL:1:DesPer 2:Des Cool Mass Flow [kg/s],PSZ-HEATCOOL:1:DesPer 2:Des Sens Cool Cap [W],PSZ-HEATCOOL:1:DesPer 2:Des Tot Cool Cap [W],PSZ-HEATCOOL:10:DesPer 1:Des Heat Mass Flow [kg/s],PSZ-HEATCOOL:10:DesPer 1:Des Heat Cap [W],PSZ-HEATCOOL:10:DesPer 1:Des Cool Mass Flow [kg/s],PSZ-HEATCOOL:10:DesPer 1:Des Sens Cool Cap [W],PSZ-HEATCOOL:10:DesPer 1:Des Tot Cool Cap [W],PSZ-HEATCOOL:10:DesPer 2:Des Heat Mass Flow [kg/s],PSZ-HEATCOOL:10:DesPer 2:Des Heat Cap [W],PSZ-HEATCOOL:10:DesPer 2:Des Cool Mass Flow [kg/s],PSZ-HEATCOOL:10:DesPer 2:Des Sens Cool Cap [W],PSZ-HEATCOOL:10:DesPer 2:Des Tot Cool Cap [W],PSZ-HEATCOOL:11:DesPer 1:Des Heat Mass Flow [kg/s],PSZ-HEATCOOL:11:DesPer 1:Des Heat Cap [W],PSZ-HEATCOOL:11:DesPer 1:Des Cool Mass Flow [kg/s],PSZ-HEATCOOL:11:DesPer 1:Des Sens Cool Cap [W],PSZ-HEATCOOL:11:DesPer 1:Des Tot Cool Cap [W],PSZ-HEATCOOL:11:DesPer 2:Des Heat Mass Flow [kg/s],PSZ-HEATCOOL:11:DesPer 2:Des Heat Cap [W],PSZ-HEATCOOL:11:DesPer 2:Des Cool Mass Flow [kg/s],PSZ-HEATCOOL:11:DesPer 2:Des Sens Cool Cap [W],PSZ-HEATCOOL:11:DesPer 2:Des Tot Cool Cap [W],PSZ-HEATCOOL:12:DesPer 1:Des Heat Mass Flow [kg/s],PSZ-HEATCOOL:12:DesPer 1:Des Heat Cap [W],PSZ-HEATCOOL:12:DesPer 1:Des Cool Mass Flow [kg/s],PSZ-HEATCOOL:12:DesPer 1:Des Sens Cool Cap [W],PSZ-HEATCOOL:12:DesPer 1:Des Tot Cool Cap [W],PSZ-HEATCOOL:12:DesPer 2:Des Heat Mass Flow [kg/s],PSZ-HEATCOOL:12:DesPer 2:Des Heat Cap [W],PSZ-HEATCOOL:12:DesPer 2:Des Cool Mass Flow [kg/s],PSZ-HEATCOOL:12:DesPer 2:Des Sens Cool Cap [W],PSZ-HEATCOOL:12:DesPer 2:Des Tot Cool Cap [W],PSZ-HEATCOOL:2:DesPer 1:Des Heat Mass Flow [kg/s],PSZ-HEATCOOL:2:DesPer 1:Des Heat Cap [W],PSZ-HEATCOOL:2:DesPer 1:Des Cool Mass Flow [kg/s],PSZ-HEATCOOL:2:DesPer 1:Des Sens Cool Cap [W],PSZ-HEATCOOL:2:DesPer 1:Des Tot Cool Cap [W],PSZ-HEATCOOL:2:DesPer 2:Des Heat Mass Flow [kg/s],PSZ-HEATCOOL:2:DesPer 2:Des Heat Cap [W],PSZ-HEATCOOL:2:DesPer 2:Des Cool Mass Flow [kg/s],PSZ-HEATCOOL:2:DesPer 2:Des Sens Cool Cap [W],PSZ-HEATCOOL:2:DesPer 2:Des Tot Cool Cap [W],PSZ-HEATCOOL:3:DesPer 1:Des Heat Mass Flow [kg/s],PSZ-HEATCOOL:3:DesPer 1:Des Heat Cap [W],PSZ-HEATCOOL:3:DesPer 1:Des Cool Mass Flow [kg/s],PSZ-HEATCOOL:3:DesPer 1:Des Sens Cool Cap [W],PSZ-HEATCOOL:3:DesPer 1:Des Tot Cool Cap [W],PSZ-HEATCOOL:3:DesPer 2:Des Heat Mass Flow [kg/s],PSZ-HEATCOOL:3:DesPer 2:Des Heat Cap [W],PSZ-HEATCOOL:3:DesPer 2:Des Cool Mass Flow [kg/s],PSZ-HEATCOOL:3:DesPer 2:Des Sens Cool Cap [W],PSZ-HEATCOOL:3:DesPer 2:Des Tot Cool Cap [W],PSZ-HEATCOOL:4:DesPer 1:Des Heat Mass Flow [kg/s],PSZ-HEATCOOL:4:DesPer 1:Des Heat Cap [W],PSZ-HEATCOOL:4:DesPer 1:Des Cool Mass Flow [kg/s],PSZ-HEATCOOL:4:DesPer 1:Des Sens Cool Cap [W],PSZ-HEATCOOL:4:DesPer 1:Des Tot Cool Cap [W],PSZ-HEATCOOL:4:DesPer 2:Des Heat Mass Flow [kg/s],PSZ-HEATCOOL:4:DesPer 2:Des Heat Cap [W],PSZ-HEATCOOL:4:DesPer 2:Des Cool Mass Flow [kg/s],PSZ-HEATCOOL:4:DesPer 2:Des Sens Cool Cap [W],PSZ-HEATCOOL:4:DesPer 2:Des Tot Cool Cap [W],PSZ-HEATCOOL:5:DesPer 1:Des Heat Mass Flow [kg/s],PSZ-HEATCOOL:5:DesPer 1:Des Heat Cap [W],PSZ-HEATCOOL:5:DesPer 1:Des Cool Mass Flow [kg/s],PSZ-HEATCOOL:5:DesPer 1:Des Sens Cool Cap [W],PSZ-HEATCOOL:5:DesPer 1:Des Tot Cool Cap [W],PSZ-HEATCOOL:5:DesPer 2:Des Heat Mass Flow [kg/s],PSZ-HEATCOOL:5:DesPer 2:Des Heat Cap [W],PSZ-HEATCOOL:5:DesPer 2:Des Cool Mass Flow [kg/s],PSZ-HEATCOOL:5:DesPer 2:Des Sens Cool Cap [W],PSZ-HEATCOOL:5:DesPer 2:Des Tot Cool Cap [W],PSZ-HEATCOOL:6:DesPer 1:Des Heat Mass Flow [kg/s],PSZ-HEATCOOL:6:DesPer 1:Des Heat Cap [W],PSZ-HEATCOOL:6:DesPer 1:Des Cool Mass Flow [kg/s],PSZ-HEATCOOL:6:DesPer 1:Des Sens Cool Cap [W],PSZ-HEATCOOL:6:DesPer 1:Des Tot Cool Cap [W],PSZ-HEATCOOL:6:DesPer 2:Des Heat Mass Flow [kg/s],PSZ-HEATCOOL:6:DesPer 2:Des Heat Cap [W],PSZ-HEATCOOL:6:DesPer 2:Des Cool Mass Flow [kg/s],PSZ-HEATCOOL:6:DesPer 2:Des Sens Cool Cap [W],PSZ-HEATCOOL:6:DesPer 2:Des Tot Cool Cap [W],PSZ-HEATCOOL:7:DesPer 1:Des Heat Mass Flow [kg/s],PSZ-HEATCOOL:7:DesPer 1:Des Heat Cap [W],PSZ-HEATCOOL:7:DesPer 1:Des Cool Mass Flow [kg/s],PSZ-HEATCOOL:7:DesPer 1:Des Sens Cool Cap [W],PSZ-HEATCOOL:7:DesPer 1:Des Tot Cool Cap [W],PSZ-HEATCOOL:7:DesPer 2:Des Heat Mass Flow [kg/s],PSZ-HEATCOOL:7:DesPer 2:Des Heat Cap [W],PSZ-HEATCOOL:7:DesPer 2:Des Cool Mass Flow [kg/s],PSZ-HEATCOOL:7:DesPer 2:Des Sens Cool Cap [W],PSZ-HEATCOOL:7:DesPer 2:Des Tot Cool Cap [W],PSZ-HEATCOOL:8:DesPer 1:Des Heat Mass Flow [kg/s],PSZ-HEATCOOL:8:DesPer 1:Des Heat Cap [W],PSZ-HEATCOOL:8:DesPer 1:Des Cool Mass Flow [kg/s],PSZ-HEATCOOL:8:DesPer 1:Des Sens Cool Cap [W],PSZ-HEATCOOL:8:DesPer 1:Des Tot Cool Cap [W],PSZ-HEATCOOL:8:DesPer 2:Des Heat Mass Flow [kg/s],PSZ-HEATCOOL:8:DesPer 2:Des Heat Cap [W],PSZ-HEATCOOL:8:DesPer 2:Des Cool Mass Flow [kg/s],PSZ-HEATCOOL:8:DesPer 2:Des Sens Cool Cap [W],PSZ-HEATCOOL:8:DesPer 2:Des Tot Cool Cap [W],PSZ-HEATCOOL:9:DesPer 1:Des Heat Mass Flow [kg/s],PSZ-HEATCOOL:9:DesPer 1:Des Heat Cap [W],PSZ-HEATCOOL:9:DesPer 1:Des Cool Mass Flow [kg/s],PSZ-HEATCOOL:9:DesPer 1:Des Sens Cool Cap [W],PSZ-HEATCOOL:9:DesPer 1:Des Tot Cool Cap [W],PSZ-HEATCOOL:9:DesPer 2:Des Heat Mass Flow [kg/s],PSZ-HEATCOOL:9:DesPer 2:Des Heat Cap [W],PSZ-HEATCOOL:9:DesPer 2:Des Cool Mass Flow [kg/s],PSZ-HEATCOOL:9:DesPer 2:Des Sens Cool Cap [W],PSZ-HEATCOOL:9:DesPer 2:Des Tot Cool Cap [W]
00:15:00,4.458798E-02,2.715159E+03,4.458798E-02,0.000000E+00,0.000000E+00,4.458798E-02,7.945874E+02,4.003213E-01,4.427595E+03,5.637042E+03,3.715625E-02,2.262609E+03,3.715625E-02,0.000000E+00,0.000000E+00,3.715625E-02,6.621491E+02,2.485313E-01,2.732276E+03,3.686315E+03,5.354837E-02,2.575577E+03,3.715625E-02,0.000000E+00,0.000000E+00,3.715625E-02,6.621491E+02,2.196332E-01,2.407050E+03,3.354309E+03,2.287551E-01,5.921081E+03,3.715625E-02,0.000000E+00,0.000000E+00,3.715625E-02,6.621491E+02,2.373110E-01,2.605794E+03,3.999544E+03,5.018829E-01,3.056187E+04,5.018829E-01,0.000000E+00,0.000000E+00,5.018829E-01,8.943886E+03,7.709578E-01,7.800641E+03,2.046005E+04,1.944146E-02,3.711960E+02,0.000000E+00,0.000000E+00,0.000000E+00,0.000000E+00,0.000000E+00,7.591101E-02,8.542730E+02,9.878119E+02,5.086957E-01,3.097674E+04,5.086957E-01,0.000000E+00,0.000000E+00,5.086957E-01,9.065296E+03,5.086957E-01,4.838454E+03,1.635595E+04,2.224039E-02,8.284896E+02,9.661245E-03,0.000000E+00,0.000000E+00,9.661245E-03,1.721698E+02,5.035042E-02,5.498088E+02,8.254779E+02,1.042814E-01,6.350159E+03,1.042814E-01,0.000000E+00,0.000000E+00,1.042814E-01,1.858365E+03,3.579102E-01,3.845174E+03,6.765799E+03,1.694574E-01,1.031901E+04,1.694574E-01,0.000000E+00,0.000000E+00,1.694574E-01,3.019843E+03,1.437222E+00,1.587745E+04,2.069699E+04,1.303518E-01,7.937699E+03,1.303518E-01,0.000000E+00,0.000000E+00,1.303518E-01,2.322956E+03,1.303518E-01,1.239840E+03,4.191165E+03,1.185016E-01,7.216090E+03,1.185016E-01,0.000000E+00,0.000000E+00,1.185016E-01,2.111778E+03,3.449098E-01,3.674894E+03,6.947197E+03
00:30:00,4.458798E-02,2.715159E+03,4.458798E-02,0.000000E+00,0.000000E+00,4.458798E-02,8.017785E+02,3.856218E-01,4.254968E+03,5.437635E+03,3.715625E-02,2.262609E+03,3.715625E-02,0.000000E+00,0.000000E+00,3.715625E-02,6.681416E+02,2.475452E-01,2.715184E+03,3.651421E+03,5.352862E-02,2.575201E+03,3.715625E-02,0.000000E+00,0.000000E+00,3.715625E-02,6.681416E+02,2.187013E-01,2.390568E+03,3.320058E+03,2.287074E-01,5.920200E+03,3.715625E-02,0.000000E+00,0.000000E+00,3.715625E-02,6.681416E+02,2.328897E-01,2.550036E+03,3.914117E+03,5.018829E-01,3.056187E+04,5.018829E-01,0.000000E+00,0.000000E+00,5.018829E-01,9.024830E+03,7.682238E-01,7.688840E+03,2.011233E+04,1.954473E-02,3.731691E+02,0.000000E+00,0.000000E+00,0.000000E+00,0.000000E+00,0.000000E+00,7.546692E-02,8.492707E+02,9.816875E+02,5.086957E-01,3.097674E+04,5.086957E-01,0.000000E+00,0.000000E+00,5.086957E-01,9.147339E+03,5.086957E-01,4.756412E+03,1.604702E+04,2.228163E-02,8.292780E+02,9.661245E-03,0.000000E+00,0.000000E+00,9.661245E-03,1.737280E+02,4.999483E-02,5.442476E+02,8.147635E+02,1.042814E-01,6.350159E+03,1.042814E-01,0.000000E+00,0.000000E+00,1.042814E-01,1.875183E+03,3.574189E-01,3.822778E+03,6.695821E+03,1.694574E-01,1.031901E+04,1.694574E-01,0.000000E+00,0.000000E+00,1.694574E-01,3.047173E+03,1.424746E+00,1.570965E+04,2.044627E+04,1.303518E-01,7.937699E+03,1.303518E-01,0.000000E+00,0.000000E+00,1.303518E-01,2.343979E+03,1.303518E-01,1.218817E+03,4.112003E+03,1.185016E-01,7.216090E+03,1.185016E-01,0.000000E+00,0.000000E+00,1.185016E-01,2.130890E+03,3.433211E-01,3.637877E+03,6.852842E+03
00:45:00,4.458798E-02,2.715159E+03,4.458798E-02,0.000000E+00,0.000000E+00,4.458798E-02,8.089697E+02,3.718825E-01,4.093149E+03,5.250938E+03,3.715625E-02,2.262609E+03,3.715625E-02,0.000000E+00,0.000000E+00,3.715625E-02,6.741342E+02,2.465118E-01,2.697560E+03,3.615433E+03,5.351436E-02,2.574929E+03,3.715625E-02,0.000000E+00,0.000000E+00,3.715625E-02,6.741342E+02,2.177747E-01,2.374146E+03,3.285354E+03,2.286978E-01,5.920043E+03,3.715625E-02,0.000000E+00,0.000000E+00,3.715625E-02,6.741342E+02,2.285980E-01,2.495738E+03,3.829767E+03,5.018829E-01,3.056187E+04,5.018829E-01,0.000000E+00,0.000000E+00,5.018829E-01,9.105773E+03,7.653214E-01,7.575149E+03,1.976487E+04,1.966386E-02,3.754449E+02,0.000000E+00,0.000000E+00,0.000000E+00,0.000000E+00,0.000000E+00,7.502160E-02,8.442551E+02,9.752460E+02,5.086957E-01,3.097674E+04,5.086957E-01,0.000000E+00,0.000000E+00,5.086957E-01,9.229381E+03,5.086957E-01,4.674369E+03,1.574018E+04,2.233146E-02,8.302302E+02,9.661245E-03,0.000000E+00,0.000000E+00,9.661245E-03,1.752861E+02,4.964394E-02,5.387395E+02,8.037950E+02,1.042814E-01,6.350159E+03,1.042814E-01,0.000000E+00,0.000000E+00,1.042814E-01,1.892002E+03,3.568919E-01,3.799961E+03,6.625661E+03,1.694574E-01,1.031901E+04,1.694574E-01,0.000000E+00,0.000000E+00,1.694574E-01,3.074503E+03,1.412973E+00,1.554971E+04,2.020653E+04,1.303518E-01,7.937699E+03,1.303518E-01,0.000000E+00,0.000000E+00,1.303518E-01,2.365002E+03,1.303518E-01,1.197794E+03,4.033375E+03,1.185016E-01,7.216090E+03,1.185016E-01,0.000000E+00,0.000000E+00,1.185016E-01,2.150002E+03,3.417599E-01,3.601172E+03,6.758905E+03
01:00:00,4.458798E-02,2.715159E+03,4.458798E-02,0.000000E+00,0.000000E+00,4.458798E-02,8.161608E+02,3.590179E-01,3.941176E+03,5.073742E+03,3.715625E-02,2.262609E+03,3.715625E-02,0.000000E+00,0.000000E+00,3.715625E-02,6.801267E+02,2.454386E-01,2.679489E+03,3.579679E+03,5.349927E-02,2.574641E+03,3.715625E-02,0.000000E+00,0.000000E+00,3.715625E-02,6.801267E+02,2.168596E-01,2.357854E+03,3.251443E+03,2.286865E-01,5.919845E+03,3.715625E-02,0.000000E+00,0.000000E+00,3.715625E-02,6.801267E+02,2.244698E-01,2.443286E+03,3.748502E+03,5.018829E-01,3.056187E+04,5.018829E-01,0.000000E+00,0.000000E+00,5.018829E-01,9.186717E+03,7.625446E-01,7.462905E+03,1.942096E+04,1.979098E-02,3.778728E+02,0.000000E+00,0.000000E+00,0.000000E+00,0.000000E+00,0.000000E+00,7.458794E-02,8.393725E+02,9.691994E+02,5.086957E-01,3.097674E+04,5.086957E-01,0.000000E+00,0.000000E+00,5.086957E-01,9.311423E+03,5.086957E-01,4.592327E+03,1.543540E+04,2.238381E-02,8.312302E+02,9.661245E-03,0.000000E+00,0.000000E+00,9.661245E-03,1.768443E+02,4.930352E-02,5.333497E+02,7.932515E+02,1.042814E-01,6.350159E+03,1.042814E-01,0.000000E+00,0.000000E+00,1.042814E-01,1.908820E+03,3.563793E-01,3.777327E+03,6.556290E+03,1.694574E-01,1.031901E+04,1.694574E-01,0.000000E+00,0.000000E+00,1.694574E-01,3.101833E+03,1.401899E+00,1.539767E+04,1.997417E+04,1.303518E-01,7.937699E+03,1.303518E-01,0.000000E+00,0.000000E+00,1.303518E-01,2.386025E+03,1.303518E-01,1.176770E+03,3.955276E+03,1.185016E-01,7.216090E+03,1.185016E-01,0.000000E+00,0.000000E+00,1.185016E-01,2.169114E+03,3.402906E-01,3.565511E+03,6.667045E+03
01:15:00,4.458798E-02,2.715159E+03,4.458798E-02,0.000000E+00,0.000000E+00,4.458798E-02,8.209549E+02,3.471029E-01,3.802279E+03,4.916849E+03,3.715625E-02,2.262609E+03,3.715625E-02,0.000000E+00,0.000000E+00,3.715625E-02,6.841218E+02,2.443626E-01,2.663379E+03,3.551281E+03,5.348192E-02,2.574311E+03,3.715625E-02,0.000000E+00,0.000000E+00,3.715625E-02,6.841218E+02,2.159926E-01,2.344097E+03,3.225473E+03,2.286488E-01,5.919187E+03,3.715625E-02,0.000000E+00,0.000000E+00,3.715625E-02,6.841218E+02,2.205673E-01,2.395348E+03,3.677900E+03,5.018829E-01,3.056187E+04,5.018829E-01,0.000000E+00,0.000000E+00,5.018829E-01,9.240679E+03,7.600628E-01,7.380811E+03,1.918319E+04,1.992239E-02,3.803846E+02,0.000000E+00,0.000000E+00,0.000000E+00,0.000000E+00,0.000000E+00,7.417404E-02,8.347053E+02,9.633719E+02,5.086957E-01,3.097674E+04,5.086957E-01,0.000000E+00,0.000000E+00,5.086957E-01,9.366118E+03,5.086957E-01,4.537632E+03,1.523335E+04,2.243652E-02,8.322383E+02,9.661245E-03,0.000000E+00,0.000000E+00,9.661245E-03,1.778831E+02,4.897827E-02,5.286483E+02,7.847777E+02,1.042814E-01,6.350159E+03,1.042814E-01,0.000000E+00,0.000000E+00,1.042814E-01,1.920033E+03,3.559332E-01,3.760928E+03,6.508729E+03,1.694574E-01,1.031901E+04,1.694574E-01,0.000000E+00,0.000000E+00,1.694574E-01,3.120053E+03,1.391650E+00,1.526380E+04,1.978567E+04,1.303518E-01,7.937699E+03,1.303518E-01,0.000000E+00,0.000000E+00,1.303518E-01,2.400041E+03,1.303518E-01,1.162755E+03,3.903501E+03,1.185016E-01,7.216090E+03,1.185016E-01,0.000000E+00,0.000000E+00,1.185016E-01,2.181855E+03,3.389530E-01,3.537664E+03,6.600822E+03
01:30:00,4.458798E-02,2.715159E+03,4.458798E-02,0.000000E+00,0.000000E+00,4.458798E-02,8.257490E+02,3.366685E-01,3.680051E+03,4.777107E+03,3.715625E-02,2.262609E+03,3.715625E-02,0.000000E+00,0.000000E+00,3.715625E-02,6.881168E+02,2.432533E-01,2.646898E+03,3.522841E+03,5.346991E-02,2.574082E+03,3.715625E-02,0.000000E+00,0.000000E+00,3.715625E-02,6.881168E+02,2.151367E-01,2.330468E+03,3.199961E+03,2.286511E-01,5.919268E+03,3.715625E-02,0.000000E+00,0.000000E+00,3.715625E-02,6.881168E+02,2.167988E-01,2.348933E+03,3.609968E+03,5.018829E-01,3.056187E+04,5.018829E-01,0.000000E+00,0.000000E+00,5.018829E-01,9.294641E+03,7.574527E-01,7.297354E+03,1.894401E+04,2.006026E-02,3.830184E+02,0.000000E+00,0.000000E+00,0.000000E+00,0.000000E+00,0.000000E+00,7.376851E-02,8.301366E+02,9.578006E+02,5.086957E-01,3.097674E+04,5.086957E-01,0.000000E+00,0.000000E+00,5.086957E-01,9.420813E+03,5.086957E-01,4.482937E+03,1.503220E+04,2.249386E-02,8.333339E+02,9.661245E-03,0.000000E+00,0.000000E+00,9.661245E-03,1.789218E+02,4.866188E-02,5.240478E+02,7.765664E+02,1.042814E-01,6.350159E+03,1.042814E-01,0.000000E+00,0.000000E+00,1.042814E-01,1.931245E+03,3.554552E-01,3.744216E+03,6.460997E+03,1.694574E-01,1.031901E+04,1.694574E-01,0.000000E+00,0.000000E+00,1.694574E-01,3.138273E+03,1.382616E+00,1.514367E+04,1.961149E+04,1.303518E-01,7.937699E+03,1.303518E-01,0.000000E+00,0.000000E+00,1.303518E-01,2.414056E+03,1.303518E-01,1.148740E+03,3.851959E+03,1.185016E-01,7.216090E+03,1.185016E-01,0.000000E+00,0.000000E+00,1.185016E-01,2.194596E+03,3.376307E-01,3.510012E+03,6.535295E+03
01:45:00,4.458798E-02,2.715159E+03,4.458798E-02,0.000000E+00,0.000000E+00,4.458798E-02,8.305431E+02,3.279049E-01,3.576621E+03,4.657259E+03,3.715625E-02,2.262609E+03,3.715625E-02,0.000000E+00,0.000000E+00,3.715625E-02,6.921118E+02,2.421283E-01,2.630238E+03,3.494241E+03,5.345220E-02,2.573745E+03,3.715625E-02,0.000000E+00,0.000000E+00,3.715625E-02,6.921118E+02,2.143049E-01,2.317107E+03,3.174735E+03,2.286116E-01,5.918577E+03,3.715625E-02,0.000000E+00,0.000000E+00,3.715625E-02,6.921118E+02,2.132435E-01,2.304906E+03,3.545355E+03,5.018829E-01,3.056187E+04,5.018829E-01,0.000000E+00,0.000000E+00,5.018829E-01,9.348604E+03,7.552818E-01,7.218737E+03,1.871281E+04,2.019325E-02,3.855607E+02,0.000000E+00,0.000000E+00,0.000000E+00,0.000000E+00,0.000000E+00,7.339239E-02,8.258939E+02,9.526045E+02,5.086957E-01,3.097674E+04,5.086957E-01,0.000000E+00,0.000000E+00,5.086957E-01,9.475508E+03,5.086957E-01,4.428242E+03,1.483196E+04,2.254657E-02,8.343422E+02,9.661245E-03,0.000000E+00,0.000000E+00,9.661245E-03,1.799606E+02,4.836436E-02,5.196583E+02,7.685692E+02,1.042814E-01,6.350159E+03,1.042814E-01,0.000000E+00,0.000000E+00,1.042814E-01,1.942457E+03,3.550636E-01,3.728424E+03,6.414532E+03,1.694574E-01,1.031901E+04,1.694574E-01,0.000000E+00,0.000000E+00,1.694574E-01,3.156493E+03,1.375096E+00,1.504048E+04,1.945558E+04,1.303518E-01,7.937699E+03,1.303518E-01,0.000000E+00,0.000000E+00,1.303518E-01,2.428071E+03,1.303518E-01,1.134724E+03,3.800646E+03,1.185016E-01,7.216090E+03,1.185016E-01,0.000000E+00,0.000000E+00,1.185016E-01,2.207338E+03,3.364520E-01,3.483946E+03,6.471960E+03
02:00:00,4.458798E-02,2.715159E+03,4.458798E-02,0.000000E+00,0.000000E+00,4.458798E-02,8.353372E+02,3.204359E-01,3.487764E+03,4.552493E+03,3.715625E-02,2.262609E+03,3.715625E-02,0.000000E+00,0.000000E+00,3.715625E-02,6.961069E+02,2.409828E-01,2.613348E+03,3.465576E+03,5.343879E-02,2.573489E+03,3.715625E-02,0.000000E+00,0.000000E+00,3.715625E-02,6.961069E+02,2.134869E-01,2.303904E+03,3.149838E+03,2.285982E-01,5.918372E+03,3.715625E-02,0.000000E+00,0.000000E+00,3.715625E-02,6.961069E+02,2.098266E-01,2.262442E+03,3.482982E+03,5.018829E-01,3.056187E+04,5.018829E-01,0.000000E+00,0.000000E+00,5.018829E-01,9.402566E+03,7.530589E-01,7.139572E+03,1.848172E+04,2.032558E-02,3.880900E+02,0.000000E+00,0.000000E+00,0.000000E+00,0.000000E+00,0.000000E+00,7.303147E-02,8.218241E+02,9.476563E+02,5.086957E-01,3.097674E+04,5.086957E-01,0.000000E+00,0.000000E+00,5.086957E-01,9.530203E+03,5.086957E-01,4.373547E+03,1.463261E+04,2.260073E-02,8.353779E+02,9.661245E-03,0.000000E+00,0.000000E+00,9.661245E-03,1.809994E+02,4.807817E-02,5.153969E+02,7.607861E+02,1.042814E-01,6.350159E+03,1.042814E-01,0.000000E+00,0.000000E+00,1.042814E-01,1.953669E+03,3.546668E-01,3.712598E+03,6.368233E+03,1.694574E-01,1.031901E+04,1.694574E-01,0.000000E+00,0.000000E+00,1.694574E-01,3.174713E+03,1.368640E+00,1.494931E+04,1.931236E+04,1.303518E-01,7.937699E+03,1.303518E-01,0.000000E+00,0.000000E+00,1.303518E-01,2.442087E+03,1.303518E-01,1.120709E+03,3.749564E+03,1.185016E-01,7.216090E+03,1.185016E-01,0.000000E+00,0.000000E+00,1.185016E-01,2.220079E+03,3.352968E-01,3.458155E+03,6.409263E+03
02:15:00,4.458798E-02,2.715159E+03,4.458798E-02,0.000000E+00,0.000000E+00,4.458798E-02,8.389328E+02,3.139347E-01,3.410998E+03,4.463386E+03,3.715625E-02,2.262609E+03,3.715625E-02,0.000000E+00,0.000000E+00,3.715625E-02,6.991032E+02,2.398212E-01,2.597276E+03,3.440471E+03,5.342620E-02,2.573250E+03,3.715625E-02,0.000000E+00,0.000000E+00,3.715625E-02,6.991032E+02,2.126814E-01,2.291841E+03,3.128826E+03,2.285887E-01,5.918226E+03,3.715625E-02,0.000000E+00,0.000000E+00,3.715625E-02,6.991032E+02,2.065431E-01,2.222485E+03,3.426359E+03,5.018829E-01,3.056187E+04,5.018829E-01,0.000000E+00,0.000000E+00,5.018829E-01,9.443038E+03,7.509239E-01,7.074944E+03,1.830198E+04,2.045168E-02,3.904995E+02,0.000000E+00,0.000000E+00,0.000000E+00,0.000000E+00,0.000000E+00,7.268950E-02,8.179701E+02,9.429894E+02,5.086957E-01,3.097674E+04,5.086957E-01,0.000000E+00,0.000000E+00,5.086957E-01,9.571224E+03,5.086957E-01,4.332526E+03,1.448368E+04,2.265251E-02,8.363676E+02,9.661245E-03,0.000000E+00,0.000000E+00,9.661245E-03,1.817785E+02,4.780406E-02,5.115318E+02,7.541444E+02,1.042814E-01,6.350159E+03,1.042814E-01,0.000000E+00,0.000000E+00,1.042814E-01,1.962079E+03,3.542876E-01,3.699816E+03,6.332607E+03,1.694574E-01,1.031901E+04,1.694574E-01,0.000000E+00,0.000000E+00,1.694574E-01,3.188378E+03,1.362996E+00,1.487191E+04,1.919564E+04,1.303518E-01,7.937699E+03,1.303518E-01,0.000000E+00,0.000000E+00,1.303518E-01,2.452598E+03,1.303518E-01,1.110197E+03,3.711401E+03,1.185016E-01,7.216090E+03,1.185016E-01,0.000000E+00,0.000000E+00,1.185016E-01,2.229635E+03,3.341953E-01,3.436168E+03,6.359137E+03
02:30:00,4.458798E-02,2.715159E+03,4.458798E-02,0.000000E+00,0.000000E+00,4.458798E-02,8.425283E+02,3.081556E-01,3.342361E+03,4.382757E+03,3.715625E-02,2.262609E+03,3.715625E-02,0.000000E+00,0.000000E+00,3.715625E-02,7.020994E+02,2.386464E-01,2.581058E+03,3.415343E+03,5.341707E-02,2.573076E+03,3.715625E-02,0.000000E+00,0.000000E+00,3.715625E-02,7.020994E+02,2.118856E-01,2.279887E+03,3.108049E+03,2.285973E-01,5.918409E+03,3.715625E-02,0.000000E+00,0.000000E+00,3.715625E-02,7.020994E+02,2.033711E-01,2.183792E+03,3.371679E+03,5.018829E-01,3.056187E+04,5.018829E-01,0.000000E+00,0.000000E+00,5.018829E-01,9.483510E+03,7.487465E-01,7.009904E+03,1.812220E+04,2.057118E-02,3.927822E+02,0.000000E+00,0.000000E+00,0.000000E+00,0.000000E+00,0.000000E+00,7.236134E-02,8.142746E+02,9.385552E+02,5.086957E-01,3.097674E+04,5.086957E-01,0.000000E+00,0.000000E+00,5.086957E-01,9.612245E+03,5.086957E-01,4.291505E+03,1.433525E+04,2.270297E-02,8.373317E+02,9.661245E-03,0.000000E+00,0.000000E+00,9.661245E-03,1.825576E+02,4.753964E-02,5.077766E+02,7.476791E+02,1.042814E-01,6.350159E+03,1.042814E-01,0.000000E+00,0.000000E+00,1.042814E-01,1.970488E+03,3.539048E-01,3.687034E+03,6.297124E+03,1.694574E-01,1.031901E+04,1.694574E-01,0.000000E+00,0.000000E+00,1.694574E-01,3.202043E+03,1.357928E+00,1.480107E+04,1.908610E+04,1.303518E-01,7.937699E+03,1.303518E-01,0.000000E+00,0.000000E+00,1.303518E-01,2.463110E+03,1.303518E-01,1.099686E+03,3.673366E+03,1.185016E-01,7.216090E+03,1.185016E-01,0.000000E+00,0.000000E+00,1.185016E-01,2.239191E+03,3.331124E-01,3.414409E+03,6.309530E+03
02:45:00,4.458798E-02,2.715159E+03,4.458798E-02,0.000000E+00,0.000000E+00,4.458798E-02,8.461239E+02,3.029342E-01,3.280004E+03,4.308668E+03,3.715625E-02,2.262609E+03,3.715625E-02,0.000000E+00,0.000000E+00,3.715625E-02,7.050957E+02,2.374663E-01,2.564781E+03,3.390260E+03,5.340860E-02,2.572914E+03,3.715625E-02,0.000000E+00,0.000000E+00,3.715625E-02,7.050957E+02,2.111018E-01,2.268071E+03,3.087514E+03,2.286061E-01,5.918578E+03,3.715625E-02,0.000000E+00,0.000000E+00,3.715625E-02,7.050957E+02,2.003234E-01,2.146505E+03,3.318977E+03,5.018829E-01,3.056187E+04,5.018829E-01,0.000000E+00,0.000000E+00,5.018829E-01,9.523982E+03,7.466497E-01,6.945848E+03,1.794428E+04,2.068057E-02,3.948709E+02,0.000000E+00,0.000000E+00,0.000000E+00,0.000000E+00,0.000000E+00,7.204992E-02,8.107706E+02,9.343730E+02,5.086957E-01,3.097674E+04,5.086957E-01,0.000000E+00,0.000000E+00,5.086957E-01,9.653266E+03,5.086957E-01,4.250484E+03,1.418731E+04,2.274949E-02,8.382199E+02,9.661245E-03,0.000000E+00,0.000000E+00,9.661245E-03,1.833366E+02,4.728660E-02,5.041503E+02,7.414015E+02,1.042814E-01,6.350159E+03,1.042814E-01,0.000000E+00,0.000000E+00,1.042814E-01,1.978897E+03,3.535364E-01,3.674469E+03,6.261982E+03,1.694574E-01,1.031901E+04,1.694574E-01,0.000000E+00,0.000000E+00,1.694574E-01,3.215708E+03,1.353317E+00,1.473549E+04,1.898221E+04,1.303518E-01,7.937699E+03,1.303518E-01,0.000000E+00,0.000000E+00,1.303518E-01,2.473622E+03,1.303518E-01,1.089174E+03,3.635458E+03,1.185016E-01,7.216090E+03,1.185016E-01,0.000000E+00,0.000000E+00,1.185016E-01,2.248747E+03,3.320772E-01,3.393206E+03,6.260791E+03
03:00:00,4.458798E-02,2.715159E+03,4.458798E-02,0.000000E+00,0.000000E+00,4.458798E-02,8.497195E+02,2.981494E-01,3.222561E+03,4.239684E+03,3.715625E-02,2.262609E+03,3.715625E-02,0.000000E+00,0.000000E+00,3.715625E-02,7.080920E+02,2.362863E-01,2.548506E+03,3.365259E+03,5.340070E-02,2.572763E+03,3.715625E-02,0.000000E+00,0.000000E+00,3.715625E-02,7.080920E+02,2.103306E-01,2.256397E+03,3.067204E+03,2.286120E-01,5.918691E+03,3.715625E-02,0.000000E+00,0.000000E+00,3.715625E-02,7.080920E+02,1.973986E-01,2.110601E+03,3.268088E+03,5.018829E-01,3.056187E+04,5.018829E-01,0.000000E+00,0.000000E+00,5.018829E-01,9.564453E+03,7.446486E-01,6.882875E+03,1.776831E+04,2.077918E-02,3.967537E+02,0.000000E+00,0.000000E+00,0.000000E+00,0.000000E+00,0.000000E+00,7.175412E-02,8.074425E+02,9.304076E+02,5.086957E-01,3.097674E+04,5.086957E-01,0.000000E+00,0.000000E+00,5.086957E-01,9.694288E+03,5.086957E-01,4.209463E+03,1.403987E+04,2.279179E-02,8.390277E+02,9.661245E-03,0.000000E+00,0.000000E+00,9.661245E-03,1.841157E+02,4.704457E-02,5.006477E+02,7.352952E+02,1.042814E-01,6.350159E+03,1.042814E-01,0.000000E+00,0.000000E+00,1.042814E-01,1.987306E+03,3.531884E-01,3.662144E+03,6.227206E+03,1.694574E-01,1.031901E+04,1.694574E-01,0.000000E+00,0.000000E+00,1.694574E-01,3.229373E+03,1.349071E+00,1.467405E+04,1.888275E+04,1.303518E-01,7.937699E+03,1.303518E-01,0.000000E+00,0.000000E+00,1.303518E-01,2.484133E+03,1.303518E-01,1.078663E+03,3.597676E+03,1.185016E-01,7.216090E+03,1.185016E-01,0.000000E+00,0.000000E+00,1.185016E-01,2.258303E+03,3.310872E-01,3.372513E+03,6.212821E+03
03:15:00,4.458798E-02,2.715159E+03,4.458798E-02,0.000000E+00,0.000000E+00,4.458798E-02,8.533150E+02,2.937057E-01,3.168957E+03,4.174611E+03,3.715625E-02,2.262609E+03,3.715625E-02,0.000000E+00,0.000000E+00,3.715625E-02,7.110883E+02,2.351080E-01,2.532250E+03,3.340398E+03,5.339354E-02,2.572626E+03,3.715625E-02,0.000000E+00,0.000000E+00,3.715625E-02,7.110883E+02,2.095695E-01,2.244835E+03,3.047145E+03,2.286161E-01,5.918769E+03,3.715625E-02,0.000000E+00,0.000000E+00,3.715625E-02,7.110883E+02,1.945870E-01,2.075970E+03,3.218682E+03,5.018829E-01,3.056187E+04,5.018829E-01,0.000000E+00,0.000000E+00,5.018829E-01,9.604925E+03,7.428911E-01,6.822642E+03,1.759634E+04,2.086747E-02,3.984395E+02,0.000000E+00,0.000000E+00,0.000000E+00,0.000000E+00,0.000000E+00,7.147576E-02,8.043106E+02,9.266936E+02,5.086957E-01,3.097674E+04,5.086957E-01,0.000000E+00,0.000000E+00,5.086957E-01,9.735309E+03,5.086957E-01,4.168441E+03,1.389292E+04,2.283004E-02,8.397580E+02,9.661245E-03,0.000000E+00,0.000000E+00,9.661245E-03,1.848948E+02,4.681338E-02,4.972672E+02,7.293881E+02,1.042814E-01,6.350159E+03,1.042814E-01,0.000000E+00,0.000000E+00,1.042814E-01,1.995716E+03,3.528818E-01,3.650286E+03,6.193052E+03,1.694574E-01,1.031901E+04,1.694574E-01,0.000000E+00,0.000000E+00,1.694574E-01,3.243038E+03,1.345141E+00,1.461617E+04,1.878698E+04,1.303518E-01,7.937699E+03,1.303518E-01,0.000000E+00,0.000000E+00,1.303518E-01,2.494645E+03,1.303518E-01,1.068151E+03,3.560021E+03,1.185016E-01,7.216090E+03,1.185016E-01,0.000000E+00,0.000000E+00,1.185016E-01,2.267859E+03,3.301690E-01,3.352627E+03,6.165955E+03
03:30:00,4.458798E-02,2.715159E+03,4.458798E-02,0.000000E+00,0.000000E+00,4.458798E-02,8.569106E+02,2.895312E-01,3.118375E+03,4.112753E+03,3.715625E-02,2.262609E+03,3.715625E-02,0.000000E+00,0.000000E+00,3.715625E-02,7.140845E+02,2.339317E-01,2.516013E+03,3.315552E+03,5.338356E-02,2.572436E+03,3.715625E-02,0.000000E+00,0.000000E+00,3.715625E-02,7.140845E+02,2.088153E-01,2.233349E+03,3.027147E+03,2.285994E-01,5.918450E+03,3.715625E-02,0.000000E+00,0.000000E+00,3.715625E-02,7.140845E+02,1.918681E-01,2.042366E+03,3.170620E+03,5.018829E-01,3.056187E+04,5.018829E-01,0.000000E+00,0.000000E+00,5.018829E-01,9.645397E+03,7.412539E-01,6.763583E+03,1.742622E+04,2.094404E-02,3.999015E+02,0.000000E+00,0.000000E+00,0.000000E+00,0.000000E+00,0.000000E+00,7.120888E-02,8.012993E+02,9.230859E+02,5.086957E-01,3.097674E+04,5.086957E-01,0.000000E+00,0.000000E+00,5.086957E-01,9.776330E+03,5.086957E-01,4.127420E+03,1.374646E+04,2.286193E-02,8.403669E+02,9.661245E-03,0.000000E+00,0.000000E+00,9.661245E-03,1.856739E+02,4.658985E-02,4.939706E+02,7.235545E+02,1.042814E-01,6.350159E+03,1.042814E-01,0.000000E+00,0.000000E+00,1.042814E-01,2.004125E+03,3.526015E-01,3.638645E+03,6.159147E+03,1.694574E-01,1.031901E+04,1.694574E-01,0.000000E+00,0.000000E+00,1.694574E-01,3.256703E+03,1.341457E+00,1.456089E+04,1.869419E+04,1.303518E-01,7.937699E+03,1.303518E-01,0.000000E+00,0.000000E+00,1.303518E-01,2.505156E+03,1.303518E-01,1.057639E+03,3.522491E+03,1.185016E-01,7.216090E+03,1.185016E-01,0.000000E+00,0.000000E+00,1.185016E-01,2.277415E+03,3.292838E-01,3.333057E+03,6.119497E+03
03:45:00,4.458798E-02,2.715159E+03,4.458798E-02,0.000000E+00,0.000000E+00,4.458798E-02,8.605062E+02,2.855744E-01,3.070244E+03,4.053439E+03,3.715625E-02,2.262609E+03,3.715625E-02,0.000000E+00,0.000000E+00,3.715625E-02,7.170808E+02,2.327586E-01,2.499811E+03,3.290792E+03,5.337435E-02,2.572261E+03,3.715625E-02,0.000000E+00,0.000000E+00,3.715625E-02,7.170808E+02,2.080665E-01,2.221922E+03,3.007260E+03,2.285787E-01,5.918094E+03,3.715625E-02,0.000000E+00,0.000000E+00,3.715625E-02,7.170808E+02,1.892329E-01,2.009703E+03,3.123687E+03,5.018829E-01,3.056187E+04,5.018829E-01,0.000000E+00,0.000000E+00,5.018829E-01,9.685869E+03,7.396746E-01,6.705132E+03,1.725739E+04,2.101340E-02,4.012290E+02,0.000000E+00,0.000000E+00,0.000000E+00,0.000000E+00,0.000000E+00,7.095094E-02,7.983875E+02,9.195894E+02,5.086957E-01,3.097674E+04,5.086957E-01,0.000000E+00,0.000000E+00,5.086957E-01,9.817351E+03,5.086957E-01,4.086399E+03,1.360049E+04,2.289079E-02,8.409198E+02,9.661245E-03,0.000000E+00,0.000000E+00,9.661245E-03,1.864530E+02,4.637264E-02,4.907449E+02,7.178170E+02,1.042814E-01,6.350159E+03,1.042814E-01,0.000000E+00,0.000000E+00,1.042814E-01,2.012534E+03,3.523362E-01,3.627141E+03,6.125496E+03,1.694574E-01,1.031901E+04,1.694574E-01,0.000000E+00,0.000000E+00,1.694574E-01,3.270368E+03,1.337967E+00,1.450773E+04,1.860375E+04,1.303518E-01,7.937699E+03,1.303518E-01,0.000000E+00,0.000000E+00,1.303518E-01,2.515668E+03,1.303518E-01,1.047128E+03,3.485086E+03,1.185016E-01,7.216090E+03,1.185016E-01,0.000000E+00,0.000000E+00,1.185016E-01,2.286971E+03,3.284209E-01,3.313729E+03,6.073443E+03
04:00:00,4.458798E-02,2.715159E+03,4.458798E-02,0.000000E+00,0.000000E+00,4.458798E-02,8.641017E+02,2.817993E-01,3.024157E+03,3.996250E+03,3.715625E-02,2.262609E+03,3.715625E-02,0.000000E+00,0.000000E+00,3.715625E-02,7.200771E+02,2.315905E-01,2.483667E+03,3.266135E+03,5.336673E-02,2.572116E+03,3.715625E-02,0.000000E+00,0.000000E+00,3.715625E-02,7.200771E+02,2.073227E-01,2.210552E+03,2.987477E+03,2.285604E-01,5.917787E+03,3.715625E-02,0.000000E+00,0.000000E+00,3.715625E-02,7.200771E+02,1.866780E-01,1.977943E+03,3.077832E+03,5.018829E-01,3.056187E+04,5.018829E-01,0.000000E+00,0.000000E+00,5.018829E-01,9.726340E+03,7.381421E-01,6.647200E+03,1.709002E+04,2.107736E-02,4.024535E+02,0.000000E+00,0.000000E+00,0.000000E+00,0.000000E+00,0.000000E+00,7.070104E-02,7.955660E+02,9.161949E+02,5.086957E-01,3.097674E+04,5.086957E-01,0.000000E+00,0.000000E+00,5.086957E-01,9.858372E+03,5.086957E-01,4.045378E+03,1.345500E+04,2.291754E-02,8.414326E+02,9.661245E-03,0.000000E+00,0.000000E+00,9.661245E-03,1.872321E+02,4.616127E-02,4.875850E+02,7.121676E+02,1.042814E-01,6.350159E+03,1.042814E-01,0.000000E+00,0.000000E+00,1.042814E-01,2.020943E+03,3.520817E-01,3.615745E+03,6.092140E+03,1.694574E-01,1.031901E+04,1.694574E-01,0.000000E+00,0.000000E+00,1.694574E-01,3.284033E+03,1.334639E+00,1.445635E+04,1.851534E+04,1.303518E-01,7.937699E+03,1.303518E-01,0.000000E+00,0.000000E+00,1.303518E-01,2.526179E+03,1.303518E-01,1.036616E+03,3.447805E+03,1.185016E-01,7.216090E+03,1.185016E-01,0.000000E+00,0.000000E+00,1.185016E-01,2.296527E+03,3.275788E-01,3.294635E+03,6.027805E+03
04:15:00,4.458798E-02,2.715159E+03,4.458798E-02,0.000000E+00,0.000000E+00,4.458798E-02,8.664988E+02,2.784096E-01,2.983623E+03,3.947975E+03,3.715625E-02,2.262609E+03,3.715625E-02,0.000000E+00,0.000000E+00,3.715625E-02,7.220746E+02,2.304206E-01,2.468508E+03,3.244909E+03,5.337337E-02,2.572242E+03,3.715625E-02,0.000000E+00,0.000000E+00,3.715625E-02,7.220746E+02,2.065750E-01,2.200146E+03,2.971065E+03,2.286325E-01,5.919082E+03,3.715625E-02,0.000000E+00,0.000000E+00,3.715625E-02,7.220746E+02,1.841329E-01,1.947340E+03,3.036071E+03,5.018829E-01,3.056187E+04,5.018829E-01,0.000000E+00,0.000000E+00,5.018829E-01,9.753322E+03,7.357719E-01,6.593841E+03,1.696003E+04,2.114618E-02,4.037638E+02,0.000000E+00,0.000000E+00,0.000000E+00,0.000000E+00,0.000000E+00,7.043628E-02,7.925993E+02,9.126015E+02,5.086957E-01,3.097674E+04,5.086957E-01,0.000000E+00,0.000000E+00,5.086957E-01,9.885720E+03,5.086957E-01,4.018030E+03,1.335828E+04,2.295174E-02,8.420833E+02,9.661245E-03,0.000000E+00,0.000000E+00,9.661245E-03,1.877514E+02,4.594665E-02,4.846535E+02,7.073199E+02,1.042814E-01,6.350159E+03,1.042814E-01,0.000000E+00,0.000000E+00,1.042814E-01,2.026550E+03,3.516588E-01,3.605609E+03,6.067427E+03,1.694574E-01,1.031901E+04,1.694574E-01,0.000000E+00,0.000000E+00,1.694574E-01,3.293143E+03,1.331442E+00,1.441172E+04,1.844581E+04,1.303518E-01,7.937699E+03,1.303518E-01,0.000000E+00,0.000000E+00,1.303518E-01,2.533187E+03,1.303518E-01,1.029609E+03,3.423021E+03,1.185016E-01,7.216090E+03,1.185016E-01,0.000000E+00,0.000000E+00,1.185016E-01,2.302897E+03,3.265762E-01,3.277056E+03,5.991675E+03
04:30:00,4.458798E-02,2.715159E+03,4.458798E-02,0.000000E+00,0.000000E+00,4.458798E-02,8.688958E+02,2.760985E-01,2.955235E+03,3.912248E+03,3.715625E-02,2.262609E+03,3.715625E-02,0.000000E+00,0.000000E+00,3.715625E-02,7.240721E+02,2.292737E-01,2.453614E+03,3.224287E+03,5.337299E-02,2.572233E+03,3.715625E-02,0.000000E+00,0.000000E+00,3.715625E-02,7.240721E+02,2.058475E-01,2.189970E+03,2.955292E+03,2.286491E-01,5.919294E+03,3.715625E-02,0.000000E+00,0.000000E+00,3.715625E-02,7.240721E+02,1.817478E-01,1.918557E+03,2.996143E+03,5.018829E-01,3.056187E+04,5.018829E-01,0.000000E+00,0.000000E+00,5.018829E-01,9.780303E+03,7.339308E-01,6.546689E+03,1.683715E+04,2.120430E-02,4.048685E+02,0.000000E+00,0.000000E+00,0.000000E+00,0.000000E+00,0.000000E+00,7.019927E-02,7.899568E+02,9.095169E+02,5.086957E-01,3.097674E+04,5.086957E-01,0.000000E+00,0.000000E+00,5.086957E-01,9.913067E+03,5.086957E-01,3.990683E+03,1.326177E+04,2.297805E-02,8.425826E+02,9.661245E-03,0.000000E+00,0.000000E+00,9.661245E-03,1.882708E+02,4.574864E-02,4.819119E+02,7.029099E+02,1.042814E-01,6.350159E+03,1.042814E-01,0.000000E+00,0.000000E+00,1.042814E-01,2.032156E+03,3.513229E-01,3.596600E+03,6.043803E+03,1.694574E-01,1.031901E+04,1.694574E-01,0.000000E+00,0.000000E+00,1.694574E-01,3.302253E+03,1.329313E+00,1.437941E+04,1.838902E+04,1.303518E-01,7.937699E+03,1.303518E-01,0.000000E+00,0.000000E+00,1.303518E-01,2.540195E+03,1.303518E-01,1.022601E+03,3.398291E+03,1.185016E-01,7.216090E+03,1.185016E-01,0.000000E+00,0.000000E+00,1.185016E-01,2.309268E+03,3.257332E-01,3.261349E+03,5.957868E+03
04:45:00,4.458798E-02,2.715159E+03,4.458798E-02,0.000000E+00,0.000000E+00,4.458798E-02,8.712929E+02,2.752187E-01,2.942940E+03,3.893142E+03,3.715625E-02,2.262609E+03,3.715625E-02,0.000000E+00,0.000000E+00,3.715625E-02,7.260696E+02,2.281707E-01,2.439206E+03,3.204061E+03,5.337625E-02,2.572295E+03,3.715625E-02,0.000000E+00,0.000000E+00,3.715625E-02,7.260696E+02,2.051578E-01,2.180213E+03,2.939782E+03,2.286683E-01,5.919637E+03,3.715625E-02,0.000000E+00,0.000000E+00,3.715625E-02,7.260696E+02,1.794884E-01,1.891148E+03,2.958585E+03,5.018829E-01,3.056187E+04,5.018829E-01,0.000000E+00,0.000000E+00,5.018829E-01,9.807284E+03,7.321726E-01,6.500103E+03,1.671546E+04,2.125948E-02,4.059204E+02,0.000000E+00,0.000000E+00,0.000000E+00,0.000000E+00,0.000000E+00,6.997579E-02,7.874486E+02,9.065244E+02,5.086957E-01,3.097674E+04,5.086957E-01,0.000000E+00,0.000000E+00,5.086957E-01,9.940415E+03,5.086957E-01,3.963336E+03,1.316548E+04,2.300457E-02,8.430879E+02,9.661245E-03,0.000000E+00,0.000000E+00,9.661245E-03,1.887902E+02,4.556039E-02,4.792756E+02,6.984989E+02,1.042814E-01,6.350159E+03,1.042814E-01,0.000000E+00,0.000000E+00,1.042814E-01,2.037762E+03,3.510487E-01,3.588047E+03,6.020484E+03,1.694574E-01,1.031901E+04,1.694574E-01,0.000000E+00,0.000000E+00,1.694574E-01,3.311363E+03,1.328519E+00,1.436168E+04,1.834587E+04,1.303518E-01,7.937699E+03,1.303518E-01,0.000000E+00,0.000000E+00,1.303518E-01,2.547202E+03,1.303518E-01,1.015593E+03,3.373615E+03,1.185016E-01,7.216090E+03,1.185016E-01,0.000000E+00,0.000000E+00,1.185016E-01,2.315639E+03,3.249686E-01,3.246418E+03,5.925017E+03
05:00:00,4.458798E-02,2.715159E+03,4.458798E-02,0.000000E+00,0.000000E+00,4.458798E-02,8.736899E+02,2.761931E-01,2.951515E+03,3.895933E+03,3.715625E-02,2.262609E+03,3.715625E-02,0.000000E+00,0.000000E+00,3.715625E-02,7.280672E+02,2.274213E-01,2.428778E+03,3.188124E+03,5.337666E-02,2.572302E+03,3.715625E-02,0.000000E+00,0.000000E+00,3.715625E-02,7.280672E+02,2.048094E-01,2.174298E+03,2.928478E+03,2.286690E-01,5.919607E+03,3.715625E-02,0.000000E+00,0.000000E+00,3.715625E-02,7.280672E+02,1.776829E-01,1.868851E+03,2.926916E+03,5.018829E-01,3.056187E+04,5.018829E-01,0.000000E+00,0.000000E+00,5.018829E-01,9.834265E+03,7.309086E-01,6.459131E+03,1.660106E+04,2.130512E-02,4.067886E+02,0.000000E+00,0.000000E+00,0.000000E+00,0.000000E+00,0.000000E+00,6.977866E-02,7.852402E+02,9.039262E+02,5.086957E-01,3.097674E+04,5.086957E-01,0.000000E+00,0.000000E+00,5.086957E-01,9.967762E+03,5.086957E-01,3.935988E+03,1.306940E+04,2.302554E-02,8.434863E+02,9.661245E-03,0.000000E+00,0.000000E+00,9.661245E-03,1.893096E+02,4.538767E-02,4.768149E+02,6.943958E+02,1.042814E-01,6.350159E+03,1.042814E-01,0.000000E+00,0.000000E+00,1.042814E-01,2.043368E+03,3.510433E-01,3.582508E+03,6.000657E+03,1.694574E-01,1.031901E+04,1.694574E-01,0.000000E+00,0.000000E+00,1.694574E-01,3.320473E+03,1.329515E+00,1.436408E+04,1.832497E+04,1.303518E-01,7.937699E+03,1.303518E-01,0.000000E+00,0.000000E+00,1.303518E-01,2.554210E+03,1.303518E-01,1.008586E+03,3.348995E+03,1.185016E-01,7.216090E+03,1.185016E-01,0.000000E+00,0.000000E+00,1.185016E-01,2.322009E+03,3.250296E-01,3.240798E+03,5.903562E+03
05:15:00,4.458798E-02,2.715159E+03,4.458798E-02,0.000000E+00,0.000000E+00,4.458798E-02,8.712929E+02,2.796751E-01,2.993099E+03,3.944057E+03,3.715625E-02,2.262609E+03,3.715625E-02,0.000000E+00,0.000000E+00,3.715625E-02,7.260696E+02,2.273508E-01,2.429982E+03,3.193932E+03,5.337744E-02,2.572317E+03,3.715625E-02,0.000000E+00,0.000000E+00,3.715625E-02,7.260696E+02,2.051185E-01,2.179775E+03,2.938620E+03,2.286630E-01,5.919493E+03,3.715625E-02,0.000000E+00,0.000000E+00,3.715625E-02,7.260696E+02,1.767077E-01,1.859875E+03,2.920603E+03,5.018829E-01,3.056187E+04,5.018829E-01,0.000000E+00,0.000000E+00,5.018829E-01,9.807284E+03,7.303654E-01,6.480011E+03,1.668777E+04,2.134346E-02,4.075205E+02,0.000000E+00,0.000000E+00,0.000000E+00,0.000000E+00,0.000000E+00,6.962034E-02,7.834588E+02,9.018455E+02,5.086957E-01,3.097674E+04,5.086957E-01,0.000000E+00,0.000000E+00,5.086957E-01,9.940415E+03,5.086957E-01,3.963336E+03,1.316548E+04,2.304338E-02,8.438270E+02,9.661245E-03,0.000000E+00,0.000000E+00,9.661245E-03,1.887902E+02,4.523941E-02,4.756660E+02,6.941852E+02,1.042814E-01,6.350159E+03,1.042814E-01,0.000000E+00,0.000000E+00,1.042814E-01,2.037762E+03,3.514479E-01,3.592674E+03,6.024004E+03,1.694574E-01,1.031901E+04,1.694574E-01,0.000000E+00,0.000000E+00,1.694574E-01,3.311363E+03,1.332704E+00,1.440909E+04,1.839098E+04,1.303518E-01,7.937699E+03,1.303518E-01,0.000000E+00,0.000000E+00,1.303518E-01,2.547202E+03,1.303518E-01,1.015593E+03,3.373615E+03,1.185016E-01,7.216090E+03,1.185016E-01,0.000000E+00,0.000000E+00,1.185016E-01,2.315639E+03,3.262336E-01,3.260717E+03,5.939639E+03
05:30:00,4.458798E-02,2.715159E+03,4.458798E-02,0.000000E+00,0.000000E+00,4.458798E-02,8.688958E+02,2.865339E-01,3.072681E+03,4.032486E+03,3.715625E-02,2.262609E+03,3.715625E-02,0.000000E+00,0.000000E+00,3.715625E-02,7.240721E+02,2.281256E-01,2.440697E+03,3.209906E+03,5.338482E-02,2.572458E+03,3.715625E-02,0.000000E+00,0.000000E+00,3.715625E-02,7.240721E+02,2.062473E-01,2.194473E+03,2.958698E+03,2.286868E-01,5.919991E+03,3.715625E-02,0.000000E+00,0.000000E+00,3.715625E-02,7.240721E+02,1.767225E-01,1.862025E+03,2.928031E+03,5.018829E-01,3.056187E+04,5.018829E-01,0.000000E+00,0.000000E+00,5.018829E-01,9.780303E+03,7.303797E-01,6.507018E+03,1.678285E+04,2.137825E-02,4.081868E+02,0.000000E+00,0.000000E+00,0.000000E+00,0.000000E+00,0.000000E+00,6.950443E-02,7.821484E+02,9.004604E+02,5.086957E-01,3.097674E+04,5.086957E-01,0.000000E+00,0.000000E+00,5.086957E-01,9.913067E+03,5.086957E-01,3.990683E+03,1.326177E+04,2.306227E-02,8.441889E+02,9.661245E-03,0.000000E+00,0.000000E+00,9.661245E-03,1.882708E+02,4.511801E-02,4.748177E+02,6.944973E+02,1.042814E-01,6.350159E+03,1.042814E-01,0.000000E+00,0.000000E+00,1.042814E-01,2.032156E+03,3.522182E-01,3.606832E+03,6.052875E+03,1.694574E-01,1.031901E+04,1.694574E-01,0.000000E+00,0.000000E+00,1.694574E-01,3.302253E+03,1.338428E+00,1.448239E+04,1.848870E+04,1.303518E-01,7.937699E+03,1.303518E-01,0.000000E+00,0.000000E+00,1.303518E-01,2.540195E+03,1.303518E-01,1.022601E+03,3.398291E+03,1.185016E-01,7.216090E+03,1.185016E-01,0.000000E+00,0.000000E+00,1.185016E-01,2.309268E+03,3.285211E-01,3.292790E+03,5.991209E+03
05:45:00,4.458798E-02,2.715159E+03,4.458798E-02,0.000000E+00,0.000000E+00,4.458798E-02,8.664988E+02,2.968275E-01,3.190933E+03,4.160139E+03,3.715625E-02,2.262609E+03,3.715625E-02,0.000000E+00,0.000000E+00,3.715625E-02,7.220746E+02,2.297082E-01,2.460511E+03,3.235322E+03,5.339362E-02,2.572625E+03,3.715625E-02,0.000000E+00,0.000000E+00,3.715625E-02,7.220746E+02,2.081546E-01,2.217941E+03,2.987848E+03,2.287283E-01,5.920699E+03,3.715625E-02,0.000000E+00,0.000000E+00,3.715625E-02,7.220746E+02,1.777127E-01,1.875194E+03,2.949021E+03,5.018829E-01,3.056187E+04,5.018829E-01,0.000000E+00,0.000000E+00,5.018829E-01,9.753322E+03,7.309929E-01,6.541192E+03,1.688763E+04,2.140391E-02,4.086716E+02,0.000000E+00,0.000000E+00,0.000000E+00,0.000000E+00,0.000000E+00,6.944749E-02,7.815219E+02,8.999692E+02,5.086957E-01,3.097674E+04,5.086957E-01,0.000000E+00,0.000000E+00,5.086957E-01,9.885720E+03,5.086957E-01,4.018030E+03,1.335828E+04,2.307759E-02,8.444784E+02,9.661245E-03,0.000000E+00,0.000000E+00,9.661245E-03,1.877514E+02,4.503260E-02,4.743794E+02,6.953343E+02,1.042814E-01,6.350159E+03,1.042814E-01,0.000000E+00,0.000000E+00,1.042814E-01,2.026550E+03,3.532036E-01,3.623699E+03,6.084597E+03,1.694574E-01,1.031901E+04,1.694574E-01,0.000000E+00,0.000000E+00,1.694574E-01,3.293143E+03,1.346330E+00,1.458074E+04,1.861116E+04,1.303518E-01,7.937699E+03,1.303518E-01,0.000000E+00,0.000000E+00,1.303518E-01,2.533187E+03,1.303518E-01,1.029609E+03,3.423021E+03,1.185016E-01,7.216090E+03,1.185016E-01,0.000000E+00,0.000000E+00,1.185016E-01,2.302897E+03,3.314875E-01,3.332628E+03,6.050971E+03
06:00:00,4.458798E-02,2.715159E+03,4.458798E-02,0.000000E+00,0.000000E+00,4.458798E-02,8.641017E+02,3.094526E-01,3.335421E+03,4.315849E+03,3.715625E-02,2.262609E+03,3.715625E-02,0.000000E+00,0.000000E+00,3.715625E-02,7.200771E+02,2.317555E-01,2.485552E+03,3.266279E+03,5.340058E-02,2.572757E+03,3.715625E-02,0.000000E+00,0.000000E+00,3.715625E-02,7.200771E+02,2.104950E-01,2.246281E+03,3.022228E+03,2.287406E-01,5.920891E+03,3.715625E-02,0.000000E+00,0.000000E+00,3.715625E-02,7.200771E+02,1.793648E-01,1.895796E+03,2.979095E+03,5.018829E-01,3.056187E+04,5.018829E-01,0.000000E+00,0.000000E+00,5.018829E-01,9.726340E+03,7.322150E-01,6.582078E+03,1.700191E+04,2.141865E-02,4.089510E+02,0.000000E+00,0.000000E+00,0.000000E+00,0.000000E+00,0.000000E+00,6.945932E-02,7.816617E+02,9.002841E+02,5.086957E-01,3.097674E+04,5.086957E-01,0.000000E+00,0.000000E+00,5.086957E-01,9.858372E+03,5.086957E-01,4.045378E+03,1.345500E+04,2.308766E-02,8.446693E+02,9.661245E-03,0.000000E+00,0.000000E+00,9.661245E-03,1.872321E+02,4.498788E-02,4.743970E+02,6.966951E+02,1.042814E-01,6.350159E+03,1.042814E-01,0.000000E+00,0.000000E+00,1.042814E-01,2.020943E+03,3.541874E-01,3.640516E+03,6.117060E+03,1.694574E-01,1.031901E+04,1.694574E-01,0.000000E+00,0.000000E+00,1.694574E-01,3.284033E+03,1.355180E+00,1.468973E+04,1.874726E+04,1.303518E-01,7.937699E+03,1.303518E-01,0.000000E+00,0.000000E+00,1.303518E-01,2.526179E+03,1.303518E-01,1.036616E+03,3.447805E+03,1.185016E-01,7.216090E+03,1.185016E-01,0.000000E+00,0.000000E+00,1.185016E-01,2.296527E+03,3.341547E-01,3.369052E+03,6.108278E+03
06:15:00,4.458798E-02,2.715159E+03,4.458798E-02,0.000000E+00,0.000000E+00,4.458798E-02,8.557121E+02,3.239023E-01,3.506429E+03,4.512178E+03,3.715625E-02,2.262609E+03,3.715625E-02,0.000000E+00,0.000000E+00,3.715625E-02,7.130858E+02,2.338907E-01,2.516573E+03,3.316126E+03,5.340405E-02,2.572823E+03,3.715625E-02,0.000000E+00,0.000000E+00,3.715625E-02,7.130858E+02,2.128909E-01,2.280236E+03,3.075027E+03,2.287259E-01,5.920603E+03,3.715625E-02,0.000000E+00,0.000000E+00,3.715625E-02,7.130858E+02,1.813191E-01,1.924780E+03,3.031806E+03,5.018829E-01,3.056187E+04,5.018829E-01,0.000000E+00,0.000000E+00,5.018829E-01,9.631906E+03,7.339534E-01,6.696096E+03,1.736426E+04,2.142019E-02,4.089798E+02,0.000000E+00,0.000000E+00,0.000000E+00,0.000000E+00,0.000000E+00,6.954046E-02,7.825759E+02,9.017499E+02,5.086957E-01,3.097674E+04,5.086957E-01,0.000000E+00,0.000000E+00,5.086957E-01,9.762656E+03,5.086957E-01,4.141094E+03,1.379523E+04,2.309061E-02,8.447254E+02,9.661245E-03,0.000000E+00,0.000000E+00,9.661245E-03,1.854142E+02,4.498525E-02,4.761856E+02,7.033858E+02,1.042814E-01,6.350159E+03,1.042814E-01,0.000000E+00,0.000000E+00,1.042814E-01,2.001322E+03,3.549672E-01,3.668930E+03,6.196969E+03,1.694574E-01,1.031901E+04,1.694574E-01,0.000000E+00,0.000000E+00,1.694574E-01,3.252148E+03,1.364612E+00,1.482780E+04,1.897083E+04,1.303518E-01,7.937699E+03,1.303518E-01,0.000000E+00,0.000000E+00,1.303518E-01,2.501652E+03,1.303518E-01,1.061143E+03,3.534987E+03,1.185016E-01,7.216090E+03,1.185016E-01,0.000000E+00,0.000000E+00,1.185016E-01,2.274229E+03,3.360449E-01,3.412627E+03,6.211400E+03
06:30:00,4.458798E-02,2.715159E+03,4.458798E-02,0.000000E+00,0.000000E+00,4.458798E-02,8.473224E+02,3.408308E-01,3.705342E+03,4.740436E+03,3.715625E-02,2.262609E+03,3.715625E-02,0.000000E+00,0.000000E+00,3.715625E-02,7.060945E+02,2.358614E-01,2.545746E+03,3.364380E+03,5.340390E-02,2.572820E+03,3.715625E-02,0.000000E+00,0.000000E+00,3.715625E-02,7.060945E+02,2.150824E-01,2.311893E+03,3.125850E+03,2.286861E-01,5.919800E+03,3.715625E-02,0.000000E+00,0.000000E+00,3.715625E-02,7.060945E+02,1.833218E-01,1.954323E+03,3.085832E+03,5.018829E-01,3.056187E+04,5.018829E-01,0.000000E+00,0.000000E+00,5.018829E-01,9.537472E+03,7.360263E-01,6.813985E+03,1.773582E+04,2.140724E-02,4.087307E+02,0.000000E+00,0.000000E+00,0.000000E+00,0.000000E+00,0.000000E+00,6.968762E-02,7.842380E+02,9.039318E+02,5.086957E-01,3.097674E+04,5.086957E-01,0.000000E+00,0.000000E+00,5.086957E-01,9.666940E+03,5.086957E-01,4.236810E+03,1.413811E+04,2.308593E-02,8.446348E+02,9.661245E-03,0.000000E+00,0.000000E+00,9.661245E-03,1.835963E+02,4.502235E-02,4.784223E+02,7.105387E+02,1.042814E-01,6.350159E+03,1.042814E-01,0.000000E+00,0.000000E+00,1.042814E-01,1.981700E+03,3.554596E-01,3.694205E+03,6.274088E+03,1.694574E-01,1.031901E+04,1.694574E-01,0.000000E+00,0.000000E+00,1.694574E-01,3.220263E+03,1.375511E+00,1.498254E+04,1.921561E+04,1.303518E-01,7.937699E+03,1.303518E-01,0.000000E+00,0.000000E+00,1.303518E-01,2.477125E+03,1.303518E-01,1.085670E+03,3.622850E+03,1.185016E-01,7.216090E+03,1.185016E-01,0.000000E+00,0.000000E+00,1.185016E-01,2.251932E+03,3.370452E-01,3.446220E+03,6.304842E+03
06:45:00,4.458798E-02,2.715159E+03,4.458798E-02,0.000000E+00,0.000000E+00,4.458798E-02,8.389328E+02,3.605755E-01,3.935943E+03,4.997646E+03,3.715625E-02,2.262609E+03,3.715625E-02,0.000000E+00,0.000000E+00,3.715625E-02,6.991032E+02,2.375855E-01,2.572142E+03,3.410723E+03,5.341347E-02,2.573002E+03,3.715625E-02,0.000000E+00,0.000000E+00,3.715625E-02,6.991032E+02,2.169804E-01,2.340246E+03,3.174065E+03,2.286975E-01,5.920003E+03,3.715625E-02,0.000000E+00,0.000000E+00,3.715625E-02,6.991032E+02,1.852324E-01,1.982818E+03,3.142924E+03,5.018829E-01,3.056187E+04,5.018829E-01,0.000000E+00,0.000000E+00,5.018829E-01,9.443038E+03,7.379467E-01,6.930055E+03,1.810656E+04,2.138625E-02,4.083296E+02,0.000000E+00,0.000000E+00,0.000000E+00,0.000000E+00,0.000000E+00,6.988293E-02,7.864369E+02,9.074037E+02,5.086957E-01,3.097674E+04,5.086957E-01,0.000000E+00,0.000000E+00,5.086957E-01,9.571224E+03,5.086957E-01,4.332526E+03,1.448368E+04,2.308197E-02,8.445590E+02,9.661245E-03,0.000000E+00,0.000000E+00,9.661245E-03,1.817785E+02,4.508999E-02,4.810016E+02,7.186564E+02,1.042814E-01,6.350159E+03,1.042814E-01,0.000000E+00,0.000000E+00,1.042814E-01,1.962079E+03,3.556732E-01,3.716281E+03,6.348952E+03,1.694574E-01,1.031901E+04,1.694574E-01,0.000000E+00,0.000000E+00,1.694574E-01,3.188378E+03,1.388494E+00,1.516062E+04,1.947766E+04,1.303518E-01,7.937699E+03,1.303518E-01,0.000000E+00,0.000000E+00,1.303518E-01,2.452598E+03,1.303518E-01,1.110197E+03,3.711401E+03,1.185016E-01,7.216090E+03,1.185016E-01,0.000000E+00,0.000000E+00,1.185016E-01,2.229635E+03,3.373551E-01,3.472012E+03,6.391557E+03
07:00:00,4.458798E-02,2.715159E+03,4.458798E-02,0.000000E+00,0.000000E+00,4.458798E-02,8.305431E+02,3.826029E-01,4.192237E+03,5.283870E+03,3.715625E-02,2.262609E+03,3.715625E-02,0.000000E+00,0.000000E+00,3.715625E-02,6.921118E+02,2.390582E-01,2.595710E+03,3.454123E+03,5.342621E-02,2.573245E+03,3.715625E-02,0.000000E+00,0.000000E+00,3.715625E-02,6.921118E+02,2.185735E-01,2.365168E+03,3.218810E+03,2.287261E-01,5.920521E+03,3.715625E-02,0.000000E+00,0.000000E+00,3.715625E-02,6.921118E+02,1.870713E-01,2.010511E+03,3.198214E+03,5.018829E-01,3.056187E+04,5.018829E-01,0.000000E+00,0.000000E+00,5.018829E-01,9.348604E+03,7.399817E-01,7.047479E+03,1.848266E+04,2.134671E-02,4.075729E+02,0.000000E+00,0.000000E+00,0.000000E+00,0.000000E+00,0.000000E+00,7.013435E-02,7.892705E+02,9.112697E+02,5.086957E-01,3.097674E+04,5.086957E-01,0.000000E+00,0.000000E+00,5.086957E-01,9.475508E+03,5.086957E-01,4.428242E+03,1.483196E+04,2.307168E-02,8.443615E+02,9.661245E-03,0.000000E+00,0.000000E+00,9.661245E-03,1.799606E+02,4.519262E-02,4.839753E+02,7.270497E+02,1.042814E-01,6.350159E+03,1.042814E-01,0.000000E+00,0.000000E+00,1.042814E-01,1.942457E+03,3.557433E-01,3.736755E+03,6.422018E+03,1.694574E-01,1.031901E+04,1.694574E-01,0.000000E+00,0.000000E+00,1.694574E-01,3.156493E+03,1.403487E+00,1.536132E+04,1.976904E+04,1.303518E-01,7.937699E+03,1.303518E-01,0.000000E+00,0.000000E+00,1.303518E-01,2.428071E+03,1.303518E-01,1.134724E+03,3.800646E+03,1.185016E-01,7.216090E+03,1.185016E-01,0.000000E+00,0.000000E+00,1.185016E-01,2.207338E+03,3.373879E-01,3.494707E+03,6.475060E+03
07:15:00,4.458798E-02,2.715159E+03,4.458798E-02,0.000000E+00,0.000000E+00,4.458798E-02,8.101682E+02,4.060168E-01,4.476118E+03,5.630459E+03,3.715625E-02,2.262609E+03,3.715625E-02,0.000000E+00,0.000000E+00,3.715625E-02,6.751329E+02,2.403574E-01,2.627309E+03,3.533296E+03,5.343462E-02,2.573405E+03,3.715625E-02,0.000000E+00,0.000000E+00,3.715625E-02,6.751329E+02,2.199316E-01,2.397432E+03,3.298555E+03,2.287184E-01,5.920364E+03,3.715625E-02,0.000000E+00,0.000000E+00,3.715625E-02,6.751329E+02,1.890337E-01,2.049574E+03,3.296332E+03,5.018829E-01,3.056187E+04,5.018829E-01,0.000000E+00,0.000000E+00,5.018829E-01,9.119264E+03,7.426002E-01,7.306305E+03,1.937089E+04,2.127874E-02,4.062747E+02,0.000000E+00,0.000000E+00,0.000000E+00,0.000000E+00,0.000000E+00,7.045532E-02,7.928835E+02,9.165229E+02,5.086957E-01,3.097674E+04,5.086957E-01,0.000000E+00,0.000000E+00,5.086957E-01,9.243055E+03,5.086957E-01,4.660696E+03,1.568924E+04,2.304762E-02,8.439020E+02,9.661245E-03,0.000000E+00,0.000000E+00,9.661245E-03,1.755458E+02,4.534433E-02,4.900976E+02,7.460717E+02,1.042814E-01,6.350159E+03,1.042814E-01,0.000000E+00,0.000000E+00,1.042814E-01,1.894805E+03,3.558655E-01,3.785802E+03,6.600637E+03,1.694574E-01,1.031901E+04,1.694574E-01,0.000000E+00,0.000000E+00,1.694574E-01,3.079058E+03,1.420031E+00,1.562496E+04,2.025093E+04,1.303518E-01,7.937699E+03,1.303518E-01,0.000000E+00,0.000000E+00,1.303518E-01,2.368506E+03,1.303518E-01,1.194290E+03,4.020322E+03,1.185016E-01,7.216090E+03,1.185016E-01,0.000000E+00,0.000000E+00,1.185016E-01,2.153187E+03,3.376068E-01,3.551329E+03,6.681147E+03
07:30:00,4.458798E-02,2.715159E+03,4.458798E-02,0.000000E+00,0.000000E+00,4.458798E-02,7.897933E+02,4.291342E-01,4.756652E+03,5.977053E+03,3.715625E-02,2.262609E+03,3.715625E-02,0.000000E+00,0.000000E+00,3.715625E-02,6.581540E+02,2.415579E-01,2.657796E+03,3.612913E+03,5.345115E-02,2.573721E+03,3.715625E-02,0.000000E+00,0.000000E+00,3.715625E-02,6.581540E+02,2.211206E-01,2.427789E+03,3.377922E+03,2.287520E-01,5.921038E+03,3.715625E-02,0.000000E+00,0.000000E+00,3.715625E-02,6.581540E+02,1.911345E-01,2.090178E+03,3.399944E+03,5.018829E-01,3.056187E+04,5.018829E-01,0.000000E+00,0.000000E+00,5.018829E-01,8.889924E+03,7.452692E-01,7.565566E+03,2.027647E+04,2.118997E-02,4.045811E+02,0.000000E+00,0.000000E+00,0.000000E+00,0.000000E+00,0.000000E+00,7.081606E-02,7.969380E+02,9.225488E+02,5.086957E-01,3.097674E+04,5.086957E-01,0.000000E+00,0.000000E+00,5.086957E-01,9.010601E+03,5.086957E-01,4.893149E+03,1.656307E+04,2.301763E-02,8.433301E+02,9.661245E-03,0.000000E+00,0.000000E+00,9.661245E-03,1.711310E+02,4.553513E-02,4.966584E+02,7.660403E+02,1.042814E-01,6.350159E+03,1.042814E-01,0.000000E+00,0.000000E+00,1.042814E-01,1.847152E+03,3.560543E-01,3.835491E+03,6.783270E+03,1.694574E-01,1.031901E+04,1.694574E-01,0.000000E+00,0.000000E+00,1.694574E-01,3.001623E+03,1.436731E+00,1.589013E+04,2.074158E+04,1.303518E-01,7.937699E+03,1.303518E-01,0.000000E+00,0.000000E+00,1.303518E-01,2.308940E+03,1.303518E-01,1.253855E+03,4.244238E+03,1.185016E-01,7.216090E+03,1.185016E-01,0.000000E+00,0.000000E+00,1.185016E-01,2.099037E+03,3.381748E-01,3.611842E+03,6.896119E+03
07:45:00,4.458798E-02,2.715159E+03,4.458798E-02,0.000000E+00,0.000000E+00,4.458798E-02,7.694184E+02,4.512103E-01,5.025475E+03,6.313455E+03,3.715625E-02,2.262609E+03,3.715625E-02,0.000000E+00,0.000000E+00,3.715625E-02,6.411751E+02,2.427581E-01,2.688282E+03,3.694678E+03,5.345915E-02,2.573874E+03,3.715625E-02,0.000000E+00,0.000000E+00,3.715625E-02,6.411751E+02,2.222303E-01,2.457257E+03,3.458485E+03,2.287337E-01,5.920685E+03,3.715625E-02,0.000000E+00,0.000000E+00,3.715625E-02,6.411751E+02,1.935497E-01,2.134332E+03,3.514614E+03,5.018829E-01,3.056187E+04,5.018829E-01,0.000000E+00,0.000000E+00,5.018829E-01,8.660583E+03,7.491965E-01,7.839099E+03,2.121891E+04,2.106955E-02,4.022815E+02,0.000000E+00,0.000000E+00,0.000000E+00,0.000000E+00,0.000000E+00,7.122675E-02,8.015599E+02,9.298967E+02,5.086957E-01,3.097674E+04,5.086957E-01,0.000000E+00,0.000000E+00,5.086957E-01,8.778148E+03,5.086957E-01,5.125602E+03,1.745384E+04,2.296987E-02,8.424179E+02,9.661245E-03,0.000000E+00,0.000000E+00,9.661245E-03,1.667162E+02,4.577230E-02,5.037423E+02,7.874145E+02,1.042814E-01,6.350159E+03,1.042814E-01,0.000000E+00,0.000000E+00,1.042814E-01,1.799500E+03,3.564876E-01,3.888010E+03,6.972800E+03,1.694574E-01,1.031901E+04,1.694574E-01,0.000000E+00,0.000000E+00,1.694574E-01,2.924187E+03,1.453173E+00,1.615256E+04,2.123454E+04,1.303518E-01,7.937699E+03,1.303518E-01,0.000000E+00,0.000000E+00,1.303518E-01,2.249375E+03,1.303518E-01,1.313421E+03,4.472497E+03,1.185016E-01,7.216090E+03,1.185016E-01,0.000000E+00,0.000000E+00,1.185016E-01,2.044886E+03,3.395145E-01,3.681073E+03,7.126872E+03
08:00:00,4.458798E-02,2.715159E+03,4.458798E-02,0.000000E+00,0.000000E+00,4.458798E-02,7.490435E+02,4.726192E-01,5.286786E+03,6.644527E+03,3.715625E-02,2.262609E+03,3.715625E-02,0.000000E+00,0.000000E+00,3.715625E-02,6.241962E+02,2.440247E-01,2.719514E+03,3.778411E+03,5.346919E-02,2.574066E+03,3.715625E-02,0.000000E+00,0.000000E+00,3.715625E-02,6.241962E+02,2.233202E-01,2.486500E+03,3.540051E+03,2.287226E-01,5.920476E+03,3.715625E-02,0.000000E+00,0.000000E+00,3.715625E-02,6.241962E+02,1.963344E-01,2.182639E+03,3.635720E+03,5.018829E-01,3.056187E+04,5.018829E-01,0.000000E+00,0.000000E+00,5.018829E-01,8.431243E+03,7.542972E-01,8.125803E+03,2.219532E+04,2.093038E-02,3.996243E+02,0.000000E+00,0.000000E+00,0.000000E+00,0.000000E+00,0.000000E+00,7.166912E-02,8.065367E+02,9.376107E+02,5.086957E-01,3.097674E+04,5.086957E-01,0.000000E+00,0.000000E+00,5.086957E-01,8.545695E+03,5.086957E-01,5.358055E+03,1.836198E+04,2.291430E-02,8.413571E+02,9.661245E-03,0.000000E+00,0.000000E+00,9.661245E-03,1.623014E+02,4.605016E-02,5.112835E+02,8.096176E+02,1.042814E-01,6.350159E+03,1.042814E-01,0.000000E+00,0.000000E+00,1.042814E-01,1.751848E+03,3.571029E-01,3.942571E+03,7.167869E+03,1.694574E-01,1.031901E+04,1.694574E-01,0.000000E+00,0.000000E+00,1.694574E-01,2.846752E+03,1.469523E+00,1.641392E+04,2.173280E+04,1.303518E-01,7.937699E+03,1.303518E-01,0.000000E+00,0.000000E+00,1.303518E-01,2.189809E+03,1.303518E-01,1.372986E+03,4.705205E+03,1.185016E-01,7.216090E+03,1.185016E-01,0.000000E+00,0.000000E+00,1.185016E-01,1.990736E+03,3.414616E-01,3.757127E+03,7.369266E+03
08:15:00,4.458798E-02,2.715159E+03,4.458798E-02,0.000000E+00,0.000000E+00,4.458798E-02,7.262716E+02,4.931701E-01,5.540829E+03,6.943749E+03,3.715625E-02,2.262609E+03,3.715625E-02,0.000000E+00,0.000000E+00,3.715625E-02,6.052198E+02,2.453519E-01,2.753422E+03,3.844765E+03,5.347698E-02,2.574215E+03,3.715625E-02,0.000000E+00,0.000000E+00,3.715625E-02,6.052198E+02,2.243815E-01,2.517417E+03,3.603233E+03,2.286895E-01,5.919880E+03,3.715625E-02,0.000000E+00,0.000000E+00,3.715625E-02,6.052198E+02,1.993999E-01,2.236086E+03,3.743803E+03,5.018829E-01,3.056187E+04,5.018829E-01,0.000000E+00,0.000000E+00,5.018829E-01,8.174922E+03,7.609502E-01,8.456830E+03,2.294650E+04,2.077475E-02,3.966541E+02,0.000000E+00,0.000000E+00,0.000000E+00,0.000000E+00,0.000000E+00,7.213762E-02,8.118019E+02,9.458002E+02,5.086957E-01,3.097674E+04,5.086957E-01,0.000000E+00,0.000000E+00,5.086957E-01,8.285894E+03,5.086957E-01,5.617856E+03,1.902009E+04,2.284379E-02,8.400116E+02,9.661245E-03,0.000000E+00,0.000000E+00,9.661245E-03,1.573673E+02,4.637283E-02,5.198472E+02,8.278253E+02,1.042814E-01,6.350159E+03,1.042814E-01,0.000000E+00,0.000000E+00,1.042814E-01,1.698589E+03,3.579299E-01,4.005024E+03,7.313743E+03,1.694574E-01,1.031901E+04,1.694574E-01,0.000000E+00,0.000000E+00,1.694574E-01,2.760207E+03,1.490438E+00,1.673557E+04,2.219574E+04,1.303518E-01,7.937699E+03,1.303518E-01,0.000000E+00,0.000000E+00,1.303518E-01,2.123236E+03,1.303518E-01,1.439559E+03,4.873843E+03,1.185016E-01,7.216090E+03,1.185016E-01,0.000000E+00,0.000000E+00,1.185016E-01,1.930215E+03,3.438109E-01,3.844046E+03,7.558700E+03
08:30:00,4.458798E-02,2.715159E+03,4.458798E-02,0.000000E+00,0.000000E+00,4.458798E-02,7.034996E+02,5.117871E-01,5.773108E+03,7.185118E+03,3.715625E-02,2.262609E+03,3.715625E-02,0.000000E+00,0.000000E+00,3.715625E-02,5.862434E+02,2.467326E-01,2.787933E+03,3.882523E+03,5.348696E-02,2.574406E+03,3.715625E-02,0.000000E+00,0.000000E+00,3.715625E-02,5.862434E+02,2.254088E-01,2.547951E+03,3.636888E+03,2.286718E-01,5.919570E+03,3.715625E-02,0.000000E+00,0.000000E+00,3.715625E-02,5.862434E+02,2.027511E-01,2.292749E+03,3.822199E+03,5.018829E-01,3.056187E+04,5.018829E-01,0.000000E+00,0.000000E+00,5.018829E-01,7.918601E+03,7.691897E-01,8.805720E+03,2.333576E+04,2.061170E-02,3.935422E+02,0.000000E+00,0.000000E+00,0.000000E+00,0.000000E+00,0.000000E+00,7.263129E-02,8.173514E+02,9.536122E+02,5.086957E-01,3.097674E+04,5.086957E-01,0.000000E+00,0.000000E+00,5.086957E-01,8.026093E+03,5.086957E-01,5.877657E+03,1.929020E+04,2.275766E-02,8.383680E+02,9.661245E-03,0.000000E+00,0.000000E+00,9.661245E-03,1.524331E+02,4.675502E-02,5.290806E+02,8.390382E+02,1.042814E-01,6.350159E+03,1.042814E-01,0.000000E+00,0.000000E+00,1.042814E-01,1.645330E+03,3.588810E-01,4.068897E+03,7.380493E+03,1.694574E-01,1.031901E+04,1.694574E-01,0.000000E+00,0.000000E+00,1.694574E-01,2.673662E+03,1.511271E+00,1.705633E+04,2.252556E+04,1.303518E-01,7.937699E+03,1.303518E-01,0.000000E+00,0.000000E+00,1.303518E-01,2.056663E+03,1.305186E-01,1.508009E+03,4.945880E+03,1.185016E-01,7.216090E+03,1.185016E-01,0.000000E+00,0.000000E+00,1.185016E-01,1.869694E+03,3.462833E-01,3.932356E+03,7.657301E+03
08:45:00,4.458798E-02,2.715159E+03,4.458798E-02,0.000000E+00,0.000000E+00,4.458798E-02,6.807277E+02,5.279741E-01,5.978032E+03,7.396245E+03,3.715625E-02,2.262609E+03,3.715625E-02,0.000000E+00,0.000000E+00,3.715625E-02,5.672670E+02,2.481669E-01,2.823045E+03,3.920177E+03,5.349512E-02,2.574563E+03,3.715625E-02,0.000000E+00,0.000000E+00,3.715625E-02,5.672670E+02,2.264069E-01,2.578154E+03,3.669561E+03,2.286384E-01,5.918984E+03,3.715625E-02,0.000000E+00,0.000000E+00,3.715625E-02,5.672670E+02,2.064402E-01,2.353201E+03,3.900100E+03,5.018829E-01,3.056187E+04,5.018829E-01,0.000000E+00,0.000000E+00,5.018829E-01,7.662279E+03,7.788995E-01,9.171047E+03,2.374260E+04,2.044491E-02,3.903598E+02,0.000000E+00,0.000000E+00,0.000000E+00,0.000000E+00,0.000000E+00,7.315859E-02,8.232750E+02,9.612023E+02,5.086957E-01,3.097674E+04,5.086957E-01,0.000000E+00,0.000000E+00,5.086957E-01,7.766292E+03,5.086957E-01,6.137458E+03,1.956030E+04,2.265651E-02,8.364380E+02,9.661245E-03,0.000000E+00,0.000000E+00,9.661245E-03,1.474989E+02,4.719903E-02,5.390087E+02,8.507281E+02,1.042814E-01,6.350159E+03,1.042814E-01,0.000000E+00,0.000000E+00,1.042814E-01,1.592072E+03,3.599150E-01,4.133635E+03,7.447489E+03,1.694574E-01,1.031901E+04,1.694574E-01,0.000000E+00,0.000000E+00,1.694574E-01,2.587117E+03,1.530489E+00,1.735878E+04,2.283660E+04,1.303518E-01,7.937699E+03,1.303518E-01,0.000000E+00,0.000000E+00,1.303518E-01,1.990090E+03,1.321278E-01,1.592681E+03,5.042225E+03,1.185016E-01,7.216090E+03,1.185016E-01,0.000000E+00,0.000000E+00,1.185016E-01,1.809173E+03,3.486989E-01,4.020003E+03,7.753010E+03
09:00:00,4.458798E-02,2.715159E+03,4.458798E-02,0.000000E+00,0.000000E+00,4.458798E-02,6.579557E+02,5.421580E-01,6.160418E+03,7.582964E+03,3.715625E-02,2.262609E+03,3.715625E-02,0.000000E+00,0.000000E+00,3.715625E-02,5.482906E+02,2.496246E-01,2.858422E+03,3.957374E+03,5.350614E-02,2.574773E+03,3.715625E-02,0.000000E+00,0.000000E+00,3.715625E-02,5.482906E+02,2.273531E-01,2.607775E+03,3.700946E+03,2.286275E-01,5.918810E+03,3.715625E-02,0.000000E+00,0.000000E+00,3.715625E-02,5.482906E+02,2.104277E-01,2.417019E+03,3.976891E+03,5.018829E-01,3.056187E+04,5.018829E-01,0.000000E+00,0.000000E+00,5.018829E-01,7.405958E+03,7.896485E-01,9.548121E+03,2.416239E+04,2.028312E-02,3.872719E+02,0.000000E+00,0.000000E+00,0.000000E+00,0.000000E+00,0.000000E+00,7.371226E-02,8.294983E+02,9.685012E+02,5.086957E-01,3.097674E+04,5.086957E-01,0.000000E+00,0.000000E+00,5.086957E-01,7.506492E+03,5.086957E-01,6.397259E+03,1.983041E+04,2.254860E-02,8.343785E+02,9.661245E-03,0.000000E+00,0.000000E+00,9.661245E-03,1.425647E+02,4.769490E-02,5.495210E+02,8.626711E+02,1.042814E-01,6.350159E+03,1.042814E-01,0.000000E+00,0.000000E+00,1.042814E-01,1.538813E+03,3.609377E-01,4.198292E+03,7.514359E+03,1.694574E-01,1.031901E+04,1.694574E-01,0.000000E+00,0.000000E+00,1.694574E-01,2.500572E+03,1.548326E+00,1.764578E+04,2.313295E+04,1.303518E-01,7.937699E+03,1.303518E-01,0.000000E+00,0.000000E+00,1.303518E-01,1.923517E+03,1.335225E-01,1.674941E+03,5.134778E+03,1.185016E-01,7.216090E+03,1.185016E-01,0.000000E+00,0.000000E+00,1.185016E-01,1.748652E+03,3.510151E-01,4.106548E+03,7.845739E+03
09:15:00,4.458798E-02,2.715159E+03,4.458798E-02,0.000000E+00,0.000000E+00,4.458798E-02,6.375808E+02,5.538219E-01,6.312068E+03,7.737145E+03,3.715625E-02,2.262609E+03,3.715625E-02,0.000000E+00,0.000000E+00,3.715625E-02,5.313117E+02,2.510653E-01,2.891617E+03,3.991900E+03,5.352211E-02,2.575078E+03,3.715625E-02,0.000000E+00,0.000000E+00,3.715625E-02,5.313117E+02,2.282173E-01,2.634482E+03,3.728952E+03,2.286603E-01,5.919404E+03,3.715625E-02,0.000000E+00,0.000000E+00,3.715625E-02,5.313117E+02,2.145947E-01,2.480900E+03,4.049764E+03,5.018829E-01,3.056187E+04,5.018829E-01,0.000000E+00,0.000000E+00,5.018829E-01,7.176618E+03,8.009200E-01,9.904360E+03,2.455799E+04,2.013180E-02,3.843815E+02,0.000000E+00,0.000000E+00,0.000000E+00,0.000000E+00,0.000000E+00,7.427854E-02,8.358755E+02,9.755064E+02,5.086957E-01,3.097674E+04,5.086957E-01,0.000000E+00,0.000000E+00,5.086957E-01,7.274038E+03,5.086957E-01,6.629712E+03,2.007209E+04,2.244591E-02,8.324170E+02,9.661245E-03,0.000000E+00,0.000000E+00,9.661245E-03,1.381499E+02,4.821251E-02,5.597619E+02,8.740943E+02,1.042814E-01,6.350159E+03,1.042814E-01,0.000000E+00,0.000000E+00,1.042814E-01,1.491161E+03,3.618343E-01,4.256120E+03,7.574194E+03,1.694574E-01,1.031901E+04,1.694574E-01,0.000000E+00,0.000000E+00,1.694574E-01,2.423137E+03,1.559319E+00,1.784711E+04,2.333961E+04,1.303518E-01,7.937699E+03,1.303518E-01,0.000000E+00,0.000000E+00,1.303518E-01,1.863951E+03,1.315979E-01,1.712860E+03,5.164459E+03,1.185016E-01,7.216090E+03,1.185016E-01,0.000000E+00,0.000000E+00,1.185016E-01,1.694501E+03,3.531498E-01,4.184747E+03,7.928312E+03
09:30:00,4.458798E-02,2.715159E+03,4.458798E-02,0.000000E+00,0.000000E+00,4.458798E-02,6.172059E+02,5.610783E-01,6.414127E+03,7.841604E+03,3.715625E-02,2.262609E+03,3.715625E-02,0.000000E+00,0.000000E+00,3.715625E-02,5.143328E+02,2.524682E-01,2.924389E+03,4.025808E+03,5.352874E-02,2.575204E+03,3.715625E-02,0.000000E+00,0.000000E+00,3.715625E-02,5.143328E+02,2.289894E-01,2.660154E+03,3.755574E+03,2.286363E-01,5.918887E+03,3.715625E-02,0.000000E+00,0.000000E+00,3.715625E-02,5.143328E+02,2.190389E-01,2.547920E+03,4.128240E+03,5.018829E-01,3.056187E+04,5.018829E-01,0.000000E+00,0.000000E+00,5.018829E-01,6.947278E+03,8.130092E-01,1.026993E+04,2.497712E+04,1.998573E-02,3.815902E+02,0.000000E+00,0.000000E+00,0.000000E+00,0.000000E+00,0.000000E+00,7.487220E-02,8.425660E+02,9.829877E+02,5.086957E-01,3.097674E+04,5.086957E-01,0.000000E+00,0.000000E+00,5.086957E-01,7.041585E+03,5.086957E-01,6.862165E+03,2.031376E+04,2.234883E-02,8.305619E+02,9.661245E-03,0.000000E+00,0.000000E+00,9.661245E-03,1.337351E+02,4.874428E-02,5.701635E+02,8.854747E+02,1.042814E-01,6.350159E+03,1.042814E-01,0.000000E+00,0.000000E+00,1.042814E-01,1.443509E+03,3.627118E-01,4.313815E+03,7.634692E+03,1.694574E-01,1.031901E+04,1.694574E-01,0.000000E+00,0.000000E+00,1.694574E-01,2.345701E+03,1.565563E+00,1.799519E+04,2.349291E+04,1.303518E-01,7.937699E+03,1.303518E-01,0.000000E+00,0.000000E+00,1.303518E-01,1.804386E+03,1.303518E-01,1.758410E+03,5.205342E+03,1.185016E-01,7.216090E+03,1.185016E-01,0.000000E+00,0.000000E+00,1.185016E-01,1.640351E+03,3.553144E-01,4.263314E+03,8.012548E+03
09:45:00,4.458798E-02,2.715159E+03,4.458798E-02,0.000000E+00,0.000000E+00,4.458798E-02,5.968310E+02,5.632935E-01,6.459435E+03,7.887528E+03,3.715625E-02,2.262609E+03,3.715625E-02,0.000000E+00,0.000000E+00,3.715625E-02,4.973539E+02,2.538127E-01,2.956500E+03,4.058649E+03,5.354279E-02,2.575472E+03,3.715625E-02,0.000000E+00,0.000000E+00,3.715625E-02,4.973539E+02,2.296613E-01,2.684695E+03,3.780835E+03,2.286538E-01,5.919217E+03,3.715625E-02,0.000000E+00,0.000000E+00,3.715625E-02,4.973539E+02,2.236422E-01,2.616695E+03,4.199763E+03,5.018829E-01,3.056187E+04,5.018829E-01,0.000000E+00,0.000000E+00,5.018829E-01,6.717938E+03,8.250252E-01,1.063444E+04,2.537344E+04,1.986253E-02,3.792382E+02,0.000000E+00,0.000000E+00,0.000000E+00,0.000000E+00,0.000000E+00,7.545187E-02,8.490883E+02,9.894511E+02,5.086957E-01,3.097674E+04,5.086957E-01,0.000000E+00,0.000000E+00,5.086957E-01,6.809132E+03,5.086957E-01,7.094619E+03,2.055544E+04,2.227208E-02,8.290966E+02,9.661245E-03,0.000000E+00,0.000000E+00,9.661245E-03,1.293203E+02,4.927248E-02,5.805221E+02,8.965298E+02,1.042814E-01,6.350159E+03,1.042814E-01,0.000000E+00,0.000000E+00,1.042814E-01,1.395856E+03,3.634541E-01,4.369846E+03,7.691723E+03,1.694574E-01,1.031901E+04,1.694574E-01,0.000000E+00,0.000000E+00,1.694574E-01,2.268266E+03,1.567344E+00,1.809276E+04,2.359568E+04,1.303518E-01,7.937699E+03,1.303518E-01,0.000000E+00,0.000000E+00,1.303518E-01,1.744820E+03,1.303518E-01,1.817975E+03,5.267272E+03,1.185016E-01,7.216090E+03,1.185016E-01,0.000000E+00,0.000000E+00,1.185016E-01,1.586200E+03,3.572731E-01,4.339499E+03,8.090821E+03
10:00:00,4.458798E-02,2.715159E+03,4.458798E-02,0.000000E+00,0.000000E+00,4.458798E-02,5.764561E+02,5.613129E-01,6.457529E+03,7.885341E+03,3.715625E-02,2.262609E+03,3.715625E-02,0.000000E+00,0.000000E+00,3.715625E-02,4.803750E+02,2.550881E-01,2.987834E+03,4.090879E+03,5.354808E-02,2.575573E+03,3.715625E-02,0.000000E+00,0.000000E+00,3.715625E-02,4.803750E+02,2.302388E-01,2.708175E+03,3.804991E+03,2.286259E-01,5.918660E+03,3.715625E-02,0.000000E+00,0.000000E+00,3.715625E-02,4.803750E+02,2.284926E-01,2.688269E+03,4.281516E+03,5.018829E-01,3.056187E+04,5.018829E-01,0.000000E+00,0.000000E+00,5.018829E-01,6.488598E+03,8.374329E-01,1.100347E+04,2.579452E+04,1.975447E-02,3.771739E+02,0.000000E+00,0.000000E+00,0.000000E+00,0.000000E+00,0.000000E+00,7.603153E-02,8.556161E+02,9.965524E+02,5.086957E-01,3.097674E+04,5.086957E-01,0.000000E+00,0.000000E+00,5.086957E-01,6.576678E+03,5.086957E-01,7.327072E+03,2.079712E+04,2.220326E-02,8.277820E+02,9.661245E-03,0.000000E+00,0.000000E+00,9.661245E-03,1.249055E+02,4.981600E-02,5.910547E+02,9.078507E+02,1.042814E-01,6.350159E+03,1.042814E-01,0.000000E+00,0.000000E+00,1.042814E-01,1.348204E+03,3.641587E-01,4.425501E+03,7.749742E+03,1.694574E-01,1.031901E+04,1.694574E-01,0.000000E+00,0.000000E+00,1.694574E-01,2.190831E+03,1.565631E+00,1.815110E+04,2.365564E+04,1.303518E-01,7.937699E+03,1.303518E-01,0.000000E+00,0.000000E+00,1.303518E-01,1.685255E+03,1.303518E-01,1.877541E+03,5.329201E+03,1.185016E-01,7.216090E+03,1.185016E-01,0.000000E+00,0.000000E+00,1.185016E-01,1.532050E+03,3.592146E-01,4.415524E+03,8.171603E+03
10:15:00,4.458798E-02,2.715159E+03,4.458798E-02,0.000000E+00,0.000000E+00,4.458798E-02,5.584783E+02,5.556582E-01,6.411867E+03,7.838861E+03,3.715625E-02,2.262609E+03,3.715625E-02,0.000000E+00,0.000000E+00,3.715625E-02,4.653936E+02,2.562551E-01,3.015949E+03,4.119386E+03,5.355929E-02,2.575787E+03,3.715625E-02,0.000000E+00,0.000000E+00,3.715625E-02,4.653936E+02,2.306985E-01,2.728329E+03,3.825512E+03,2.286322E-01,5.918790E+03,3.715625E-02,0.000000E+00,0.000000E+00,3.715625E-02,4.653936E+02,2.334690E-01,2.759241E+03,4.352261E+03,5.018829E-01,3.056187E+04,5.018829E-01,0.000000E+00,0.000000E+00,5.018829E-01,6.286239E+03,8.494270E-01,1.134070E+04,2.616025E+04,1.967622E-02,3.756806E+02,0.000000E+00,0.000000E+00,0.000000E+00,0.000000E+00,0.000000E+00,7.658200E-02,8.618084E+02,1.002433E+03,5.086957E-01,3.097674E+04,5.086957E-01,0.000000E+00,0.000000E+00,5.086957E-01,6.371572E+03,5.086957E-01,7.532178E+03,2.101037E+04,2.215697E-02,8.268986E+02,9.661245E-03,0.000000E+00,0.000000E+00,9.661245E-03,1.210101E+02,5.036048E-02,6.010768E+02,9.182311E+02,1.042814E-01,6.350159E+03,1.042814E-01,0.000000E+00,0.000000E+00,1.042814E-01,1.306158E+03,3.647487E-01,4.474166E+03,7.799641E+03,1.694574E-01,1.031901E+04,1.694574E-01,0.000000E+00,0.000000E+00,1.694574E-01,2.122506E+03,1.560882E+00,1.816595E+04,2.367242E+04,1.303518E-01,7.937699E+03,1.303518E-01,0.000000E+00,0.000000E+00,1.303518E-01,1.632697E+03,1.303518E-01,1.930099E+03,5.383847E+03,1.185016E-01,7.216090E+03,1.185016E-01,0.000000E+00,0.000000E+00,1.185016E-01,1.484270E+03,3.609832E-01,4.483192E+03,8.240759E+03
10:30:00,4.458798E-02,2.715159E+03,4.458798E-02,0.000000E+00,0.000000E+00,4.458798E-02,5.405004E+02,5.463885E-01,6.325518E+03,7.750435E+03,3.715625E-02,2.262609E+03,3.715625E-02,0.000000E+00,0.000000E+00,3.715625E-02,4.504122E+02,2.573034E-01,3.042726E+03,4.146735E+03,5.357733E-02,2.576132E+03,3.715625E-02,0.000000E+00,0.000000E+00,3.715625E-02,4.504122E+02,2.310525E-01,2.747293E+03,3.844884E+03,2.286910E-01,5.919933E+03,3.715625E-02,0.000000E+00,0.000000E+00,3.715625E-02,4.504122E+02,2.385477E-01,2.831358E+03,4.430133E+03,5.018829E-01,3.056187E+04,5.018829E-01,0.000000E+00,0.000000E+00,5.018829E-01,6.083880E+03,8.608829E-01,1.167183E+04,2.653059E+04,1.962924E-02,3.747844E+02,0.000000E+00,0.000000E+00,0.000000E+00,0.000000E+00,0.000000E+00,7.710064E-02,8.676413E+02,1.008418E+03,5.086957E-01,3.097674E+04,5.086957E-01,0.000000E+00,0.000000E+00,5.086957E-01,6.166467E+03,5.086957E-01,7.737284E+03,2.122362E+04,2.213675E-02,8.265130E+02,9.661245E-03,0.000000E+00,0.000000E+00,9.661245E-03,1.171147E+02,5.090332E-02,6.110802E+02,9.287384E+02,1.042814E-01,6.350159E+03,1.042814E-01,0.000000E+00,0.000000E+00,1.042814E-01,1.264111E+03,3.651833E-01,4.521043E+03,7.848175E+03,1.694574E-01,1.031901E+04,1.694574E-01,0.000000E+00,0.000000E+00,1.694574E-01,2.054181E+03,1.553006E+00,1.814554E+04,2.365294E+04,1.303518E-01,7.937699E+03,1.303518E-01,0.000000E+00,0.000000E+00,1.303518E-01,1.580139E+03,1.303518E-01,1.982656E+03,5.438491E+03,1.185016E-01,7.216090E+03,1.185016E-01,0.000000E+00,0.000000E+00,1.185016E-01,1.436490E+03,3.625359E-01,4.548423E+03,8.308869E+03
10:45:00,4.458798E-02,2.715159E+03,4.458798E-02,0.000000E+00,0.000000E+00,4.458798E-02,5.225226E+02,5.336220E-01,6.199840E+03,7.622679E+03,3.715625E-02,2.262609E+03,3.715625E-02,0.000000E+00,0.000000E+00,3.715625E-02,4.354308E+02,2.582089E-01,3.067905E+03,4.172363E+03,5.358720E-02,2.576319E+03,3.715625E-02,0.000000E+00,0.000000E+00,3.715625E-02,4.354308E+02,2.312954E-01,2.765014E+03,3.862931E+03,2.287164E-01,5.920355E+03,3.715625E-02,0.000000E+00,0.000000E+00,3.715625E-02,4.354308E+02,2.437888E-01,2.905362E+03,4.507832E+03,5.018829E-01,3.056187E+04,5.018829E-01,0.000000E+00,0.000000E+00,5.018829E-01,5.881521E+03,8.721956E-01,1.200177E+04,2.689599E+04,1.960433E-02,3.743060E+02,0.000000E+00,0.000000E+00,0.000000E+00,0.000000E+00,0.000000E+00,7.761449E-02,8.734365E+02,1.014212E+03,5.086957E-01,3.097674E+04,5.086957E-01,0.000000E+00,0.000000E+00,5.086957E-01,5.961361E+03,5.086957E-01,7.942389E+03,2.143687E+04,2.213158E-02,8.264125E+02,9.661245E-03,0.000000E+00,0.000000E+00,9.661245E-03,1.132193E+02,5.146247E-02,6.212718E+02,9.393263E+02,1.042814E-01,6.350159E+03,1.042814E-01,0.000000E+00,0.000000E+00,1.042814E-01,1.222065E+03,3.655561E-01,4.567446E+03,7.896062E+03,1.694574E-01,1.031901E+04,1.694574E-01,0.000000E+00,0.000000E+00,1.694574E-01,1.985856E+03,1.542274E+00,1.809343E+04,2.360263E+04,1.303518E-01,7.937699E+03,1.303518E-01,0.000000E+00,0.000000E+00,1.303518E-01,1.527581E+03,1.303518E-01,2.035214E+03,5.493135E+03,1.185016E-01,7.216090E+03,1.185016E-01,0.000000E+00,0.000000E+00,1.185016E-01,1.388710E+03,3.640827E-01,4.613683E+03,8.376638E+03
11:00:00,4.458798E-02,2.715159E+03,4.458798E-02,0.000000E+00,0.000000E+00,4.458798E-02,5.045447E+02,5.178599E-01,6.040432E+03,7.459825E+03,3.715625E-02,2.262609E+03,3.715625E-02,0.000000E+00,0.000000E+00,3.715625E-02,4.204494E+02,2.589514E-01,3.091244E+03,4.196150E+03,5.360002E-02,2.576564E+03,3.715625E-02,0.000000E+00,0.000000E+00,3.715625E-02,4.204494E+02,2.314242E-01,2.781446E+03,3.879664E+03,2.287560E-01,5.921100E+03,3.715625E-02,0.000000E+00,0.000000E+00,3.715625E-02,4.204494E+02,2.491118E-01,2.980249E+03,4.587884E+03,5.018829E-01,3.056187E+04,5.018829E-01,0.000000E+00,0.000000E+00,5.018829E-01,5.679162E+03,8.828365E-01,1.232390E+04,2.725299E+04,1.961220E-02,3.744558E+02,0.000000E+00,0.000000E+00,0.000000E+00,0.000000E+00,0.000000E+00,7.811274E-02,8.790457E+02,1.019922E+03,5.086957E-01,3.097674E+04,5.086957E-01,0.000000E+00,0.000000E+00,5.086957E-01,5.756255E+03,5.086957E-01,8.147495E+03,2.165012E+04,2.214881E-02,8.267412E+02,9.661245E-03,0.000000E+00,0.000000E+00,9.661245E-03,1.093239E+02,5.203202E-02,6.315773E+02,9.500705E+02,1.042814E-01,6.350159E+03,1.042814E-01,0.000000E+00,0.000000E+00,1.042814E-01,1.180019E+03,3.658508E-01,4.612847E+03,7.942747E+03,1.694574E-01,1.031901E+04,1.694574E-01,0.000000E+00,0.000000E+00,1.694574E-01,1.917531E+03,1.529141E+00,1.801407E+04,2.352182E+04,1.303518E-01,7.937699E+03,1.303518E-01,0.000000E+00,0.000000E+00,1.303518E-01,1.475024E+03,1.303518E-01,2.087772E+03,5.547781E+03,1.185016E-01,7.216090E+03,1.185016E-01,0.000000E+00,0.000000E+00,1.185016E-01,1.340931E+03,3.655008E-01,4.677432E+03,8.442978E+03
11:15:00,4.458798E-02,2.715159E+03,4.458798E-02,0.000000E+00,0.000000E+00,4.458798E-02,4.925595E+02,5.007458E-01,5.859807E+03,7.275260E+03,3.715625E-02,2.262609E+03,3.715625E-02,0.000000E+00,0.000000E+00,3.715625E-02,4.104619E+02,2.595355E-01,3.107803E+03,4.212956E+03,5.359957E-02,2.576555E+03,3.715625E-02,0.000000E+00,0.000000E+00,3.715625E-02,4.104619E+02,2.314626E-01,2.791864E+03,3.890219E+03,2.287171E-01,5.920380E+03,3.715625E-02,0.000000E+00,0.000000E+00,3.715625E-02,4.104619E+02,2.545604E-01,3.051534E+03,4.662814E+03,5.018829E-01,3.056187E+04,5.018829E-01,0.000000E+00,0.000000E+00,5.018829E-01,5.544256E+03,8.933698E-01,1.257720E+04,2.753674E+04,1.964085E-02,3.750034E+02,0.000000E+00,0.000000E+00,0.000000E+00,0.000000E+00,0.000000E+00,7.862420E-02,8.847981E+02,1.025698E+03,5.086957E-01,3.097674E+04,5.086957E-01,0.000000E+00,0.000000E+00,5.086957E-01,5.619518E+03,5.086957E-01,8.284233E+03,2.179228E+04,2.217098E-02,8.271649E+02,9.661245E-03,0.000000E+00,0.000000E+00,9.661245E-03,1.067269E+02,5.262866E-02,6.408879E+02,9.597192E+02,1.042814E-01,6.350159E+03,1.042814E-01,0.000000E+00,0.000000E+00,1.042814E-01,1.151988E+03,3.661888E-01,4.644608E+03,7.975491E+03,1.694574E-01,1.031901E+04,1.694574E-01,0.000000E+00,0.000000E+00,1.694574E-01,1.871981E+03,1.515185E+00,1.790243E+04,2.340676E+04,1.303518E-01,7.937699E+03,1.303518E-01,0.000000E+00,0.000000E+00,1.303518E-01,1.439985E+03,1.303518E-01,2.122811E+03,5.584210E+03,1.185016E-01,7.216090E+03,1.185016E-01,0.000000E+00,0.000000E+00,1.185016E-01,1.309077E+03,3.669419E-01,4.725484E+03,8.493057E+03
11:30:00,4.458798E-02,2.715159E+03,4.458798E-02,0.000000E+00,0.000000E+00,4.458798E-02,4.805743E+02,4.854263E-01,5.699375E+03,7.110871E+03,3.715625E-02,2.262609E+03,3.715625E-02,0.000000E+00,0.000000E+00,3.715625E-02,4.004743E+02,2.599758E-01,3.122741E+03,4.228138E+03,5.359896E-02,2.576544E+03,3.715625E-02,0.000000E+00,0.000000E+00,3.715625E-02,4.004743E+02,2.314366E-01,2.801555E+03,3.900048E+03,2.286826E-01,5.919760E+03,3.715625E-02,0.000000E+00,0.000000E+00,3.715625E-02,4.004743E+02,2.600410E-01,3.123163E+03,4.739036E+03,5.018829E-01,3.056187E+04,5.018829E-01,0.000000E+00,0.000000E+00,5.018829E-01,5.409350E+03,9.031181E-01,1.282155E+04,2.781051E+04,1.969732E-02,3.760834E+02,0.000000E+00,0.000000E+00,0.000000E+00,0.000000E+00,0.000000E+00,7.913822E-02,8.905751E+02,1.031577E+03,5.086957E-01,3.097674E+04,5.086957E-01,0.000000E+00,0.000000E+00,5.086957E-01,5.482780E+03,5.086957E-01,8.420970E+03,2.193445E+04,2.220157E-02,8.277501E+02,9.661245E-03,0.000000E+00,0.000000E+00,9.661245E-03,1.041300E+02,5.324730E-02,6.504446E+02,9.696625E+02,1.042814E-01,6.350159E+03,1.042814E-01,0.000000E+00,0.000000E+00,1.042814E-01,1.123957E+03,3.664776E-01,4.675774E+03,8.007625E+03,1.694574E-01,1.031901E+04,1.694574E-01,0.000000E+00,0.000000E+00,1.694574E-01,1.826431E+03,1.503003E+00,1.781066E+04,2.331091E+04,1.303518E-01,7.937699E+03,1.303518E-01,0.000000E+00,0.000000E+00,1.303518E-01,1.404947E+03,1.303518E-01,2.157849E+03,5.620640E+03,1.185016E-01,7.216090E+03,1.185016E-01,0.000000E+00,0.000000E+00,1.185016E-01,1.277224E+03,3.682435E-01,4.771941E+03,8.541583E+03
11:45:00,4.458798E-02,2.715159E+03,4.458798E-02,0.000000E+00,0.000000E+00,4.458798E-02,4.685890E+02,4.735327E-01,5.577488E+03,6.986000E+03,3.715625E-02,2.262609E+03,3.715625E-02,0.000000E+00,0.000000E+00,3.715625E-02,3.904867E+02,2.603306E-01,3.136713E+03,4.242349E+03,5.359354E-02,2.576442E+03,3.715625E-02,0.000000E+00,0.000000E+00,3.715625E-02,3.904867E+02,2.314151E-01,2.811293E+03,3.909941E+03,2.286216E-01,5.918678E+03,3.715625E-02,0.000000E+00,0.000000E+00,3.715625E-02,3.904867E+02,2.656273E-01,3.195948E+03,4.817067E+03,5.018829E-01,3.056187E+04,5.018829E-01,0.000000E+00,0.000000E+00,5.018829E-01,5.274444E+03,9.122802E-01,1.305906E+04,2.807643E+04,1.977118E-02,3.774971E+02,0.000000E+00,0.000000E+00,0.000000E+00,0.000000E+00,0.000000E+00,7.967468E-02,8.965963E+02,1.037771E+03,5.086957E-01,3.097674E+04,5.086957E-01,0.000000E+00,0.000000E+00,5.086957E-01,5.346043E+03,5.086957E-01,8.557707E+03,2.207662E+04,2.223377E-02,8.283670E+02,9.661245E-03,0.000000E+00,0.000000E+00,9.661245E-03,1.015331E+02,5.389002E-02,6.602698E+02,9.799130E+02,1.042814E-01,6.350159E+03,1.042814E-01,0.000000E+00,0.000000E+00,1.042814E-01,1.095926E+03,3.667921E-01,4.707117E+03,8.039984E+03,1.694574E-01,1.031901E+04,1.694574E-01,0.000000E+00,0.000000E+00,1.694574E-01,1.780880E+03,1.493958E+00,1.775396E+04,2.325119E+04,1.303518E-01,7.937699E+03,1.303518E-01,0.000000E+00,0.000000E+00,1.303518E-01,1.369908E+03,1.303518E-01,2.192888E+03,5.657071E+03,1.185016E-01,7.216090E+03,1.185016E-01,0.000000E+00,0.000000E+00,1.185016E-01,1.245371E+03,3.694945E-01,4.817780E+03,8.589582E+03
12:00:00,4.458798E-02,2.715159E+03,4.458798E-02,0.000000E+00,0.000000E+00,4.458798E-02,4.566038E+02,4.646454E-01,5.489435E+03,6.896401E+03,3.715625E-02,2.262609E+03,3.715625E-02,0.000000E+00,0.000000E+00,3.715625E-02,3.804991E+02,2.606782E-01,3.150606E+03,4.256455E+03,5.359108E-02,2.576396E+03,3.715625E-02,0.000000E+00,0.000000E+00,3.715625E-02,3.804991E+02,2.314787E-01,2.821990E+03,3.920818E+03,2.285918E-01,5.918179E+03,3.715625E-02,0.000000E+00,0.000000E+00,3.715625E-02,3.804991E+02,2.713117E-01,3.269843E+03,4.894027E+03,5.018829E-01,3.056187E+04,5.018829E-01,0.000000E+00,0.000000E+00,5.018829E-01,5.139538E+03,9.203962E-01,1.328482E+04,2.832463E+04,1.985936E-02,3.791841E+02,0.000000E+00,0.000000E+00,0.000000E+00,0.000000E+00,0.000000E+00,8.022542E-02,9.027792E+02,1.043979E+03,5.086957E-01,3.097674E+04,5.086957E-01,0.000000E+00,0.000000E+00,5.086957E-01,5.209306E+03,5.086957E-01,8.694444E+03,2.221879E+04,2.227073E-02,8.290747E+02,9.661245E-03,0.000000E+00,0.000000E+00,9.661245E-03,9.893611E+01,5.454419E-02,6.702241E+02,9.901703E+02,1.042814E-01,6.350159E+03,1.042814E-01,0.000000E+00,0.000000E+00,1.042814E-01,1.067896E+03,3.670636E-01,4.737994E+03,8.071666E+03,1.694574E-01,1.031901E+04,1.694574E-01,0.000000E+00,0.000000E+00,1.694574E-01,1.735330E+03,1.487378E+00,1.772503E+04,2.322068E+04,1.303518E-01,7.937699E+03,1.303518E-01,0.000000E+00,0.000000E+00,1.303518E-01,1.334870E+03,1.303518E-01,2.227926E+03,5.693501E+03,1.185016E-01,7.216090E+03,1.185016E-01,0.000000E+00,0.000000E+00,1.185016E-01,1.213518E+03,3.706270E-01,4.862290E+03,8.635674E+03
12:15:00,4.458798E-02,2.715159E+03,4.458798E-02,0.000000E+00,0.000000E+00,4.458798E-02,4.470156E+02,4.581613E-01,5.426035E+03,6.831888E+03,3.715625E-02,2.262609E+03,3.715625E-02,0.000000E+00,0.000000E+00,3.715625E-02,3.725090E+02,2.611685E-01,3.164107E+03,4.270190E+03,5.359444E-02,2.576460E+03,3.715625E-02,0.000000E+00,0.000000E+00,3.715625E-02,3.725090E+02,2.317720E-01,2.833275E+03,3.932329E+03,2.286148E-01,5.918616E+03,3.715625E-02,0.000000E+00,0.000000E+00,3.715625E-02,3.725090E+02,2.772938E-01,3.345096E+03,4.973002E+03,5.018829E-01,3.056187E+04,5.018829E-01,0.000000E+00,0.000000E+00,5.018829E-01,5.031614E+03,9.276300E-01,1.347371E+04,2.853373E+04,1.995634E-02,3.810358E+02,0.000000E+00,0.000000E+00,0.000000E+00,0.000000E+00,0.000000E+00,8.080029E-02,9.092354E+02,1.050513E+03,5.086957E-01,3.097674E+04,5.086957E-01,0.000000E+00,0.000000E+00,5.086957E-01,5.099916E+03,5.086957E-01,8.803834E+03,2.233253E+04,2.231510E-02,8.299219E+02,9.661245E-03,0.000000E+00,0.000000E+00,9.661245E-03,9.685856E+01,5.520574E-02,6.797426E+02,9.999919E+02,1.042814E-01,6.350159E+03,1.042814E-01,0.000000E+00,0.000000E+00,1.042814E-01,1.045471E+03,3.673396E-01,4.763338E+03,8.097765E+03,1.694574E-01,1.031901E+04,1.694574E-01,0.000000E+00,0.000000E+00,1.694574E-01,1.698890E+03,1.482629E+00,1.770763E+04,2.320218E+04,1.303518E-01,7.937699E+03,1.303518E-01,0.000000E+00,0.000000E+00,1.303518E-01,1.306839E+03,1.303518E-01,2.255957E+03,5.722647E+03,1.185016E-01,7.216090E+03,1.185016E-01,0.000000E+00,0.000000E+00,1.185016E-01,1.188035E+03,3.717197E-01,4.899991E+03,8.674857E+03
12:30:00,4.458798E-02,2.715159E+03,4.458798E-02,0.000000E+00,0.000000E+00,4.458798E-02,4.374274E+02,4.534444E-01,5.382526E+03,6.787685E+03,3.715625E-02,2.262609E+03,3.715625E-02,0.000000E+00,0.000000E+00,3.715625E-02,3.645190E+02,2.619016E-01,3.180343E+03,4.286741E+03,5.359254E-02,2.576424E+03,3.715625E-02,0.000000E+00,0.000000E+00,3.715625E-02,3.645190E+02,2.323855E-01,2.848165E+03,3.947556E+03,2.286079E-01,5.918488E+03,3.715625E-02,0.000000E+00,0.000000E+00,3.715625E-02,3.645190E+02,2.836306E-01,3.424353E+03,5.056208E+03,5.018829E-01,3.056187E+04,5.018829E-01,0.000000E+00,0.000000E+00,5.018829E-01,4.923689E+03,9.338383E-01,1.365116E+04,2.872914E+04,2.004941E-02,3.828133E+02,0.000000E+00,0.000000E+00,0.000000E+00,0.000000E+00,0.000000E+00,8.139102E-02,9.158732E+02,1.057240E+03,5.086957E-01,3.097674E+04,5.086957E-01,0.000000E+00,0.000000E+00,5.086957E-01,4.990526E+03,5.086957E-01,8.913224E+03,2.244627E+04,2.236074E-02,8.307936E+02,9.661245E-03,0.000000E+00,0.000000E+00,9.661245E-03,9.478101E+01,5.586017E-02,6.891820E+02,1.009715E+03,1.042814E-01,6.350159E+03,1.042814E-01,0.000000E+00,0.000000E+00,1.042814E-01,1.023046E+03,3.676060E-01,4.788617E+03,8.123846E+03,1.694574E-01,1.031901E+04,1.694574E-01,0.000000E+00,0.000000E+00,1.694574E-01,1.662450E+03,1.479150E+00,1.770461E+04,2.319859E+04,1.303518E-01,7.937699E+03,1.303518E-01,0.000000E+00,0.000000E+00,1.303518E-01,1.278808E+03,1.303518E-01,2.283988E+03,5.751792E+03,1.185016E-01,7.216090E+03,1.185016E-01,0.000000E+00,0.000000E+00,1.185016E-01,1.162553E+03,3.727476E-01,4.936981E+03,8.713325E+03
12:45:00,4.458798E-02,2.715159E+03,4.458798E-02,0.000000E+00,0.000000E+00,4.458798E-02,4.278392E+02,4.499842E-01,5.353166E+03,6.757769E+03,3.715625E-02,2.262609E+03,3.715625E-02,0.000000E+00,0.000000E+00,3.715625E-02,3.565289E+02,2.629252E-01,3.199850E+03,4.306725E+03,5.358864E-02,2.576350E+03,3.715625E-02,0.000000E+00,0.000000E+00,3.715625E-02,3.565289E+02,2.333566E-01,2.867083E+03,3.966998E+03,2.285942E-01,5.918245E+03,3.715625E-02,0.000000E+00,0.000000E+00,3.715625E-02,3.565289E+02,2.903550E-01,3.507992E+03,5.146500E+03,5.018829E-01,3.056187E+04,5.018829E-01,0.000000E+00,0.000000E+00,5.018829E-01,4.815764E+03,9.390889E-01,1.381798E+04,2.891332E+04,2.013820E-02,3.845096E+02,0.000000E+00,0.000000E+00,0.000000E+00,0.000000E+00,0.000000E+00,8.199458E-02,9.226607E+02,1.064287E+03,5.086957E-01,3.097674E+04,5.086957E-01,0.000000E+00,0.000000E+00,5.086957E-01,4.881136E+03,5.086957E-01,9.022614E+03,2.256000E+04,2.240905E-02,8.317166E+02,9.661245E-03,0.000000E+00,0.000000E+00,9.661245E-03,9.270346E+01,5.650415E-02,6.985054E+02,1.019410E+03,1.042814E-01,6.350159E+03,1.042814E-01,0.000000E+00,0.000000E+00,1.042814E-01,1.000622E+03,3.678778E-01,4.814022E+03,8.150185E+03,1.694574E-01,1.031901E+04,1.694574E-01,0.000000E+00,0.000000E+00,1.694574E-01,1.626010E+03,1.476582E+00,1.771196E+04,2.320548E+04,1.303518E-01,7.937699E+03,1.303518E-01,0.000000E+00,0.000000E+00,1.303518E-01,1.250777E+03,1.303518E-01,2.312019E+03,5.780935E+03,1.185016E-01,7.216090E+03,1.185016E-01,0.000000E+00,0.000000E+00,1.185016E-01,1.137070E+03,3.737493E-01,4.973708E+03,8.751864E+03
13:00:00,4.458798E-02,2.715159E+03,4.458798E-02,0.000000E+00,0.000000E+00,4.458798E-02,4.182511E+02,4.473262E-01,5.332829E+03,6.737205E+03,3.715625E-02,2.262609E+03,3.715625E-02,0.000000E+00,0.000000E+00,3.715625E-02,3.485388E+02,2.642243E-01,3.222456E+03,4.329817E+03,5.358396E-02,2.576261E+03,3.715625E-02,0.000000E+00,0.000000E+00,3.715625E-02,3.485388E+02,2.346611E-01,2.889749E+03,3.990222E+03,2.285792E-01,5.917996E+03,3.715625E-02,0.000000E+00,0.000000E+00,3.715625E-02,3.485388E+02,2.974223E-01,3.595467E+03,5.238141E+03,5.018829E-01,3.056187E+04,5.018829E-01,0.000000E+00,0.000000E+00,5.018829E-01,4.707839E+03,9.433632E-01,1.397368E+04,2.908144E+04,2.022203E-02,3.861134E+02,0.000000E+00,0.000000E+00,0.000000E+00,0.000000E+00,0.000000E+00,8.260162E-02,9.294807E+02,1.071185E+03,5.086957E-01,3.097674E+04,5.086957E-01,0.000000E+00,0.000000E+00,5.086957E-01,4.771747E+03,5.086957E-01,9.132004E+03,2.267374E+04,2.245912E-02,8.326745E+02,9.661245E-03,0.000000E+00,0.000000E+00,9.661245E-03,9.062591E+01,5.713278E-02,7.076537E+02,1.028802E+03,1.042814E-01,6.350159E+03,1.042814E-01,0.000000E+00,0.000000E+00,1.042814E-01,9.781970E+02,3.681632E-01,4.839557E+03,8.176420E+03,1.694574E-01,1.031901E+04,1.694574E-01,0.000000E+00,0.000000E+00,1.694574E-01,1.589570E+03,1.474674E+00,1.772671E+04,2.322028E+04,1.303518E-01,7.937699E+03,1.303518E-01,0.000000E+00,0.000000E+00,1.303518E-01,1.222746E+03,1.303518E-01,2.340049E+03,5.810081E+03,1.185016E-01,7.216090E+03,1.185016E-01,0.000000E+00,0.000000E+00,1.185016E-01,1.111587E+03,3.747225E-01,5.010071E+03,8.789625E+03
13:15:00,4.458798E-02,2.715159E+03,4.458798E-02,0.000000E+00,0.000000E+00,4.458798E-02,4.122584E+02,4.451990E-01,5.314871E+03,6.719006E+03,3.715625E-02,2.262609E+03,3.715625E-02,0.000000E+00,0.000000E+00,3.715625E-02,3.435450E+02,2.657048E-01,3.244107E+03,4.351916E+03,5.358576E-02,2.576295E+03,3.715625E-02,0.000000E+00,0.000000E+00,3.715625E-02,3.435450E+02,2.361981E-01,2.912036E+03,4.013039E+03,2.286068E-01,5.918506E+03,3.715625E-02,0.000000E+00,0.000000E+00,3.715625E-02,3.435450E+02,3.046679E-01,3.681946E+03,5.328491E+03,5.018829E-01,3.056187E+04,5.018829E-01,0.000000E+00,0.000000E+00,5.018829E-01,4.640386E+03,9.465508E-01,1.407661E+04,2.919292E+04,2.030569E-02,3.877101E+02,0.000000E+00,0.000000E+00,0.000000E+00,0.000000E+00,0.000000E+00,8.319894E-02,9.361896E+02,1.077956E+03,5.086957E-01,3.097674E+04,5.086957E-01,0.000000E+00,0.000000E+00,5.086957E-01,4.703378E+03,5.086957E-01,9.200372E+03,2.274482E+04,2.250576E-02,8.335646E+02,9.661245E-03,0.000000E+00,0.000000E+00,9.661245E-03,8.932744E+01,5.775838E-02,7.159883E+02,1.037357E+03,1.042814E-01,6.350159E+03,1.042814E-01,0.000000E+00,0.000000E+00,1.042814E-01,9.641816E+02,3.684516E-01,4.856694E+03,8.194025E+03,1.694574E-01,1.031901E+04,1.694574E-01,0.000000E+00,0.000000E+00,1.694574E-01,1.566795E+03,1.473224E+00,1.773290E+04,2.322635E+04,1.303518E-01,7.937699E+03,1.303518E-01,0.000000E+00,0.000000E+00,1.303518E-01,1.205227E+03,1.303518E-01,2.357569E+03,5.828295E+03,1.185016E-01,7.216090E+03,1.185016E-01,0.000000E+00,0.000000E+00,1.185016E-01,1.095661E+03,3.757058E-01,5.036979E+03,8.817695E+03
13:30:00,4.458798E-02,2.715159E+03,4.458798E-02,0.000000E+00,0.000000E+00,4.458798E-02,4.062658E+02,4.435311E-01,5.302080E+03,6.706063E+03,3.715625E-02,2.262609E+03,3.715625E-02,0.000000E+00,0.000000E+00,3.715625E-02,3.385512E+02,2.672793E-01,3.266815E+03,4.375096E+03,5.358481E-02,2.576277E+03,3.715625E-02,0.000000E+00,0.000000E+00,3.715625E-02,3.385512E+02,2.378749E-01,2.935896E+03,4.037457E+03,2.286171E-01,5.918688E+03,3.715625E-02,0.000000E+00,0.000000E+00,3.715625E-02,3.385512E+02,3.119650E-01,3.769001E+03,5.419430E+03,5.018829E-01,3.056187E+04,5.018829E-01,0.000000E+00,0.000000E+00,5.018829E-01,4.572933E+03,9.486081E-01,1.416681E+04,2.928996E+04,2.038155E-02,3.891583E+02,0.000000E+00,0.000000E+00,0.000000E+00,0.000000E+00,0.000000E+00,8.377733E-02,9.426852E+02,1.084517E+03,5.086957E-01,3.097674E+04,5.086957E-01,0.000000E+00,0.000000E+00,5.086957E-01,4.635009E+03,5.086957E-01,9.268741E+03,2.281591E+04,2.253131E-02,8.340521E+02,9.661245E-03,0.000000E+00,0.000000E+00,9.661245E-03,8.802897E+01,5.839612E-02,7.244594E+02,1.046066E+03,1.042814E-01,6.350159E+03,1.042814E-01,0.000000E+00,0.000000E+00,1.042814E-01,9.501662E+02,3.687351E-01,4.873766E+03,8.211690E+03,1.694574E-01,1.031901E+04,1.694574E-01,0.000000E+00,0.000000E+00,1.694574E-01,1.544020E+03,1.472092E+00,1.774264E+04,2.323620E+04,1.303518E-01,7.937699E+03,1.303518E-01,0.000000E+00,0.000000E+00,1.303518E-01,1.187708E+03,1.303518E-01,2.375088E+03,5.846512E+03,1.185016E-01,7.216090E+03,1.185016E-01,0.000000E+00,0.000000E+00,1.185016E-01,1.079734E+03,3.767601E-01,5.064684E+03,8.846781E+03
13:45:00,4.458798E-02,2.715159E+03,4.458798E-02,0.000000E+00,0.000000E+00,4.458798E-02,4.002732E+02,4.421492E-01,5.292508E+03,6.696340E+03,3.715625E-02,2.262609E+03,3.715625E-02,0.000000E+00,0.000000E+00,3.715625E-02,3.335574E+02,2.688787E-01,3.289804E+03,4.398547E+03,5.358329E-02,2.576248E+03,3.715625E-02,0.000000E+00,0.000000E+00,3.715625E-02,3.335574E+02,2.396174E-01,2.960496E+03,4.062609E+03,2.286224E-01,5.918789E+03,3.715625E-02,0.000000E+00,0.000000E+00,3.715625E-02,3.335574E+02,3.191846E-01,3.855185E+03,5.509239E+03,5.018829E-01,3.056187E+04,5.018829E-01,0.000000E+00,0.000000E+00,5.018829E-01,4.505480E+03,9.493416E-01,1.424212E+04,2.936911E+04,2.045075E-02,3.904796E+02,0.000000E+00,0.000000E+00,0.000000E+00,0.000000E+00,0.000000E+00,8.432414E-02,9.488255E+02,1.090707E+03,5.086957E-01,3.097674E+04,5.086957E-01,0.000000E+00,0.000000E+00,5.086957E-01,4.566641E+03,5.086957E-01,9.337109E+03,2.288699E+04,2.253788E-02,8.341776E+02,9.661245E-03,0.000000E+00,0.000000E+00,9.661245E-03,8.673050E+01,5.903301E-02,7.329209E+02,1.054752E+03,1.042814E-01,6.350159E+03,1.042814E-01,0.000000E+00,0.000000E+00,1.042814E-01,9.361508E+02,3.689820E-01,4.890422E+03,8.228904E+03,1.694574E-01,1.031901E+04,1.694574E-01,0.000000E+00,0.000000E+00,1.694574E-01,1.521245E+03,1.471141E+00,1.775440E+04,2.324812E+04,1.303518E-01,7.937699E+03,1.303518E-01,0.000000E+00,0.000000E+00,1.303518E-01,1.170188E+03,1.303518E-01,2.392607E+03,5.864726E+03,1.185016E-01,7.216090E+03,1.185016E-01,0.000000E+00,0.000000E+00,1.185016E-01,1.063808E+03,3.778210E-01,5.092462E+03,8.875864E+03
14:00:00,4.458798E-02,2.715159E+03,4.458798E-02,0.000000E+00,0.000000E+00,4.458798E-02,3.942806E+02,4.408906E-01,5.284334E+03,6.688012E+03,3.715625E-02,2.262609E+03,3.715625E-02,0.000000E+00,0.000000E+00,3.715625E-02,3.285636E+02,2.704570E-01,3.312559E+03,4.421748E+03,5.358156E-02,2.576215E+03,3.715625E-02,0.000000E+00,0.000000E+00,3.715625E-02,3.285636E+02,2.413754E-01,2.985273E+03,4.087919E+03,2.286266E-01,5.918870E+03,3.715625E-02,0.000000E+00,0.000000E+00,3.715625E-02,3.285636E+02,3.262567E-01,3.939747E+03,5.597102E+03,5.018829E-01,3.056187E+04,5.018829E-01,0.000000E+00,0.000000E+00,5.018829E-01,4.438027E+03,9.488579E-01,1.430403E+04,2.943210E+04,2.051284E-02,3.916650E+02,0.000000E+00,0.000000E+00,0.000000E+00,0.000000E+00,0.000000E+00,8.484057E-02,9.546350E+02,1.096553E+03,5.086957E-01,3.097674E+04,5.086957E-01,0.000000E+00,0.000000E+00,5.086957E-01,4.498272E+03,5.086957E-01,9.405478E+03,2.295809E+04,2.252927E-02,8.340132E+02,9.661245E-03,0.000000E+00,0.000000E+00,9.661245E-03,8.543203E+01,5.965620E-02,7.412320E+02,1.063273E+03,1.042814E-01,6.350159E+03,1.042814E-01,0.000000E+00,0.000000E+00,1.042814E-01,9.221353E+02,3.692007E-01,4.906841E+03,8.245846E+03,1.694574E-01,1.031901E+04,1.694574E-01,0.000000E+00,0.000000E+00,1.694574E-01,1.498470E+03,1.470311E+00,1.776768E+04,2.326161E+04,1.303518E-01,7.937699E+03,1.303518E-01,0.000000E+00,0.000000E+00,1.303518E-01,1.152669E+03,1.303518E-01,2.410126E+03,5.882943E+03,1.185016E-01,7.216090E+03,1.185016E-01,0.000000E+00,0.000000E+00,1.185016E-01,1.047881E+03,3.788851E-01,5.120346E+03,8.905037E+03
14:15:00,4.458798E-02,2.715159E+03,4.458798E-02,0.000000E+00,0.000000E+00,4.458798E-02,3.942806E+02,4.395208E-01,5.268918E+03,6.672240E+03,3.715625E-02,2.262609E+03,3.715625E-02,0.000000E+00,0.000000E+00,3.715625E-02,3.285636E+02,2.719723E-01,3.329613E+03,4.439096E+03,5.356704E-02,2.575940E+03,3.715625E-02,0.000000E+00,0.000000E+00,3.715625E-02,3.285636E+02,2.431028E-01,3.004714E+03,4.107740E+03,2.285418E-01,5.917375E+03,3.715625E-02,0.000000E+00,0.000000E+00,3.715625E-02,3.285636E+02,3.330816E-01,4.016540E+03,5.676649E+03,5.018829E-01,3.056187E+04,5.018829E-01,0.000000E+00,0.000000E+00,5.018829E-01,4.438027E+03,9.471839E-01,1.428519E+04,2.940935E+04,2.055844E-02,3.925426E+02,0.000000E+00,0.000000E+00,0.000000E+00,0.000000E+00,0.000000E+00,8.532266E-02,9.600597E+02,1.101995E+03,5.086957E-01,3.097674E+04,5.086957E-01,0.000000E+00,0.000000E+00,5.086957E-01,4.498272E+03,5.086957E-01,9.405478E+03,2.295809E+04,2.250588E-02,8.335706E+02,9.661245E-03,0.000000E+00,0.000000E+00,9.661245E-03,8.543203E+01,6.023667E-02,7.477643E+02,1.069949E+03,1.042814E-01,6.350159E+03,1.042814E-01,0.000000E+00,0.000000E+00,1.042814E-01,9.221353E+02,3.693909E-01,4.908958E+03,8.248063E+03,1.694574E-01,1.031901E+04,1.694574E-01,0.000000E+00,0.000000E+00,1.694574E-01,1.498470E+03,1.469537E+00,1.775889E+04,2.325250E+04,1.303518E-01,7.937699E+03,1.303518E-01,0.000000E+00,0.000000E+00,1.303518E-01,1.152669E+03,1.303518E-01,2.410126E+03,5.882943E+03,1.185016E-01,7.216090E+03,1.185016E-01,0.000000E+00,0.000000E+00,1.185016E-01,1.047881E+03,3.798674E-01,5.131396E+03,8.916788E+03
14:30:00,4.458798E-02,2.715159E+03,4.458798E-02,0.000000E+00,0.000000E+00,4.458798E-02,3.942806E+02,4.378638E-01,5.250270E+03,6.653181E+03,3.715625E-02,2.262609E+03,3.715625E-02,0.000000E+00,0.000000E+00,3.715625E-02,3.285636E+02,2.733969E-01,3.345645E+03,4.455413E+03,5.356201E-02,2.575846E+03,3.715625E-02,0.000000E+00,0.000000E+00,3.715625E-02,3.285636E+02,2.447688E-01,3.023462E+03,4.126855E+03,2.285211E-01,5.917078E+03,3.715625E-02,0.000000E+00,0.000000E+00,3.715625E-02,3.285636E+02,3.395917E-01,4.089792E+03,5.752705E+03,5.018829E-01,3.056187E+04,5.018829E-01,0.000000E+00,0.000000E+00,5.018829E-01,4.438027E+03,9.443716E-01,1.425358E+04,2.937180E+04,2.060414E-02,3.934207E+02,0.000000E+00,0.000000E+00,0.000000E+00,0.000000E+00,0.000000E+00,8.576714E-02,9.650615E+02,1.107022E+03,5.086957E-01,3.097674E+04,5.086957E-01,0.000000E+00,0.000000E+00,5.086957E-01,4.498272E+03,5.086957E-01,9.405478E+03,2.295809E+04,2.249299E-02,8.333280E+02,9.661245E-03,0.000000E+00,0.000000E+00,9.661245E-03,8.543203E+01,6.075095E-02,7.535518E+02,1.075846E+03,1.042814E-01,6.350159E+03,1.042814E-01,0.000000E+00,0.000000E+00,1.042814E-01,9.221353E+02,3.695504E-01,4.910743E+03,8.250001E+03,1.694574E-01,1.031901E+04,1.694574E-01,0.000000E+00,0.000000E+00,1.694574E-01,1.498470E+03,1.468781E+00,1.775034E+04,2.324379E+04,1.303518E-01,7.937699E+03,1.303518E-01,0.000000E+00,0.000000E+00,1.303518E-01,1.152669E+03,1.303518E-01,2.410126E+03,5.882943E+03,1.185016E-01,7.216090E+03,1.185016E-01,0.000000E+00,0.000000E+00,1.185016E-01,1.047881E+03,3.806966E-01,5.140725E+03,8.926748E+03
14:45:00,4.458798E-02,2.715159E+03,4.458798E-02,0.000000E+00,0.000000E+00,4.458798E-02,3.942806E+02,4.358818E-01,5.227965E+03,6.630380E+03,3.715625E-02,2.262609E+03,3.715625E-02,0.000000E+00,0.000000E+00,3.715625E-02,3.285636E+02,2.747100E-01,3.360423E+03,4.470450E+03,5.356192E-02,2.575845E+03,3.715625E-02,0.000000E+00,0.000000E+00,3.715625E-02,3.285636E+02,2.463482E-01,3.041238E+03,4.144971E+03,2.285325E-01,5.917340E+03,3.715625E-02,0.000000E+00,0.000000E+00,3.715625E-02,3.285636E+02,3.457260E-01,4.158816E+03,5.824338E+03,5.018829E-01,3.056187E+04,5.018829E-01,0.000000E+00,0.000000E+00,5.018829E-01,4.438027E+03,9.404918E-01,1.420997E+04,2.931983E+04,2.064729E-02,3.942480E+02,0.000000E+00,0.000000E+00,0.000000E+00,0.000000E+00,0.000000E+00,8.616822E-02,9.695751E+02,1.111554E+03,5.086957E-01,3.097674E+04,5.086957E-01,0.000000E+00,0.000000E+00,5.086957E-01,4.498272E+03,5.086957E-01,9.405478E+03,2.295809E+04,2.248809E-02,8.332363E+02,9.661245E-03,0.000000E+00,0.000000E+00,9.661245E-03,8.543203E+01,6.119655E-02,7.585664E+02,1.080934E+03,1.042814E-01,6.350159E+03,1.042814E-01,0.000000E+00,0.000000E+00,1.042814E-01,9.221353E+02,3.696777E-01,4.912172E+03,8.251556E+03,1.694574E-01,1.031901E+04,1.694574E-01,0.000000E+00,0.000000E+00,1.694574E-01,1.498470E+03,1.468014E+00,1.774169E+04,2.323496E+04,1.303518E-01,7.937699E+03,1.303518E-01,0.000000E+00,0.000000E+00,1.303518E-01,1.152669E+03,1.303518E-01,2.410126E+03,5.882943E+03,1.185016E-01,7.216090E+03,1.185016E-01,0.000000E+00,0.000000E+00,1.185016E-01,1.047881E+03,3.813644E-01,5.148239E+03,8.934745E+03
15:00:00,4.458798E-02,2.715159E+03,4.458798E-02,0.000000E+00,0.000000E+00,4.458798E-02,3.942806E+02,4.335956E-01,5.202237E+03,6.604073E+03,3.715625E-02,2.262609E+03,3.715625E-02,0.000000E+00,0.000000E+00,3.715625E-02,3.285636E+02,2.759209E-01,3.374050E+03,4.484317E+03,5.356251E-02,2.575856E+03,3.715625E-02,0.000000E+00,0.000000E+00,3.715625E-02,3.285636E+02,2.478480E-01,3.058116E+03,4.162170E+03,2.285462E-01,5.917608E+03,3.715625E-02,0.000000E+00,0.000000E+00,3.715625E-02,3.285636E+02,3.514597E-01,4.223333E+03,5.891203E+03,5.018829E-01,3.056187E+04,5.018829E-01,0.000000E+00,0.000000E+00,5.018829E-01,4.438027E+03,9.357224E-01,1.415636E+04,2.925576E+04,2.068627E-02,3.949923E+02,0.000000E+00,0.000000E+00,0.000000E+00,0.000000E+00,0.000000E+00,8.651745E-02,9.735051E+02,1.115485E+03,5.086957E-01,3.097674E+04,5.086957E-01,0.000000E+00,0.000000E+00,5.086957E-01,4.498272E+03,5.086957E-01,9.405478E+03,2.295809E+04,2.248693E-02,8.332141E+02,9.661245E-03,0.000000E+00,0.000000E+00,9.661245E-03,8.543203E+01,6.157740E-02,7.628525E+02,1.085263E+03,1.042814E-01,6.350159E+03,1.042814E-01,0.000000E+00,0.000000E+00,1.042814E-01,9.221353E+02,3.697531E-01,4.913018E+03,8.252442E+03,1.694574E-01,1.031901E+04,1.694574E-01,0.000000E+00,0.000000E+00,1.694574E-01,1.498470E+03,1.467157E+00,1.773204E+04,2.322507E+04,1.303518E-01,7.937699E+03,1.303518E-01,0.000000E+00,0.000000E+00,1.303518E-01,1.152669E+03,1.307202E-01,2.414268E+03,5.889137E+03,1.185016E-01,7.216090E+03,1.185016E-01,0.000000E+00,0.000000E+00,1.185016E-01,1.047881E+03,3.818167E-01,5.153328E+03,8.939981E+03
15:15:00,4.458798E-02,2.715159E+03,4.458798E-02,0.000000E+00,0.000000E+00,4.458798E-02,4.014717E+02,4.309823E-01,5.165636E+03,6.566620E+03,3.715625E-02,2.262609E+03,3.715625E-02,0.000000E+00,0.000000E+00,3.715625E-02,3.345562E+02,2.769890E-01,3.380079E+03,4.490394E+03,5.356307E-02,2.575867E+03,3.715625E-02,0.000000E+00,0.000000E+00,3.715625E-02,3.345562E+02,2.492258E-01,3.067630E+03,4.171811E+03,2.285570E-01,5.917814E+03,3.715625E-02,0.000000E+00,0.000000E+00,3.715625E-02,3.345562E+02,3.567042E-01,4.276353E+03,5.945915E+03,5.018829E-01,3.056187E+04,5.018829E-01,0.000000E+00,0.000000E+00,5.018829E-01,4.518971E+03,9.300721E-01,1.401190E+04,2.909543E+04,2.072191E-02,3.956729E+02,0.000000E+00,0.000000E+00,0.000000E+00,0.000000E+00,0.000000E+00,8.680310E-02,9.767197E+02,1.118671E+03,5.086957E-01,3.097674E+04,5.086957E-01,0.000000E+00,0.000000E+00,5.086957E-01,4.580314E+03,5.086957E-01,9.323436E+03,2.287278E+04,2.249165E-02,8.333044E+02,9.661245E-03,0.000000E+00,0.000000E+00,9.661245E-03,8.699019E+01,6.188524E-02,7.647588E+02,1.087133E+03,1.042814E-01,6.350159E+03,1.042814E-01,0.000000E+00,0.000000E+00,1.042814E-01,9.389538E+02,3.697815E-01,4.896520E+03,8.235543E+03,1.694574E-01,1.031901E+04,1.694574E-01,0.000000E+00,0.000000E+00,1.694574E-01,1.525800E+03,1.466223E+00,1.769420E+04,2.318640E+04,1.303518E-01,7.937699E+03,1.303518E-01,0.000000E+00,0.000000E+00,1.303518E-01,1.173692E+03,1.310218E-01,2.396635E+03,5.872344E+03,1.185016E-01,7.216090E+03,1.185016E-01,0.000000E+00,0.000000E+00,1.185016E-01,1.066993E+03,3.820878E-01,5.137268E+03,8.923421E+03
15:30:00,4.458798E-02,2.715159E+03,4.458798E-02,0.000000E+00,0.000000E+00,4.458798E-02,4.086629E+02,4.280489E-01,5.125433E+03,6.525550E+03,3.715625E-02,2.262609E+03,3.715625E-02,0.000000E+00,0.000000E+00,3.715625E-02,3.405487E+02,2.778973E-01,3.384308E+03,4.494660E+03,5.356371E-02,2.575879E+03,3.715625E-02,0.000000E+00,0.000000E+00,3.715625E-02,3.405487E+02,2.504628E-01,3.075559E+03,4.179853E+03,2.285654E-01,5.917974E+03,3.715625E-02,0.000000E+00,0.000000E+00,3.715625E-02,3.405487E+02,3.614118E-01,4.323333E+03,5.994739E+03,5.018829E-01,3.056187E+04,5.018829E-01,0.000000E+00,0.000000E+00,5.018829E-01,4.599915E+03,9.236669E-01,1.385896E+04,2.892555E+04,2.075521E-02,3.963087E+02,0.000000E+00,0.000000E+00,0.000000E+00,0.000000E+00,0.000000E+00,8.701569E-02,9.791124E+02,1.121038E+03,5.086957E-01,3.097674E+04,5.086957E-01,0.000000E+00,0.000000E+00,5.086957E-01,4.662357E+03,5.086957E-01,9.241393E+03,2.278748E+04,2.250557E-02,8.335701E+02,9.661245E-03,0.000000E+00,0.000000E+00,9.661245E-03,8.854835E+01,6.210970E-02,7.657268E+02,1.088041E+03,1.042814E-01,6.350159E+03,1.042814E-01,0.000000E+00,0.000000E+00,1.042814E-01,9.557723E+02,3.697663E-01,4.879531E+03,8.218167E+03,1.694574E-01,1.031901E+04,1.694574E-01,0.000000E+00,0.000000E+00,1.694574E-01,1.553130E+03,1.465209E+00,1.765546E+04,2.314692E+04,1.303518E-01,7.937699E+03,1.303518E-01,0.000000E+00,0.000000E+00,1.303518E-01,1.194715E+03,1.312310E-01,2.377963E+03,5.853999E+03,1.185016E-01,7.216090E+03,1.185016E-01,0.000000E+00,0.000000E+00,1.185016E-01,1.086105E+03,3.821972E-01,5.119389E+03,8.905016E+03
15:45:00,4.458798E-02,2.715159E+03,4.458798E-02,0.000000E+00,0.000000E+00,4.458798E-02,4.158540E+02,4.248368E-01,5.082093E+03,6.481309E+03,3.715625E-02,2.262609E+03,3.715625E-02,0.000000E+00,0.000000E+00,3.715625E-02,3.465413E+02,2.786313E-01,3.386576E+03,4.496938E+03,5.356457E-02,2.575895E+03,3.715625E-02,0.000000E+00,0.000000E+00,3.715625E-02,3.465413E+02,2.515445E-01,3.081739E+03,4.186120E+03,2.285719E-01,5.918100E+03,3.715625E-02,0.000000E+00,0.000000E+00,3.715625E-02,3.465413E+02,3.655410E-01,4.363806E+03,6.036891E+03,5.018829E-01,3.056187E+04,5.018829E-01,0.000000E+00,0.000000E+00,5.018829E-01,4.680858E+03,9.167131E-01,1.369984E+04,2.874817E+04,2.078690E-02,3.969138E+02,0.000000E+00,0.000000E+00,0.000000E+00,0.000000E+00,0.000000E+00,8.714850E-02,9.806072E+02,1.122493E+03,5.086957E-01,3.097674E+04,5.086957E-01,0.000000E+00,0.000000E+00,5.086957E-01,4.744399E+03,5.086957E-01,9.159351E+03,2.270217E+04,2.252786E-02,8.339958E+02,9.661245E-03,0.000000E+00,0.000000E+00,9.661245E-03,9.010652E+01,6.224833E-02,7.657289E+02,1.087961E+03,1.042814E-01,6.350159E+03,1.042814E-01,0.000000E+00,0.000000E+00,1.042814E-01,9.725908E+02,3.697063E-01,4.862038E+03,8.200215E+03,1.694574E-01,1.031901E+04,1.694574E-01,0.000000E+00,0.000000E+00,1.694574E-01,1.580460E+03,1.464107E+00,1.761573E+04,2.310637E+04,1.303518E-01,7.937699E+03,1.303518E-01,0.000000E+00,0.000000E+00,1.303518E-01,1.215739E+03,1.313641E-01,2.358437E+03,5.834375E+03,1.185016E-01,7.216090E+03,1.185016E-01,0.000000E+00,0.000000E+00,1.185016E-01,1.105217E+03,3.821447E-01,5.099687E+03,8.884621E+03
16:00:00,4.458798E-02,2.715159E+03,4.458798E-02,0.000000E+00,0.000000E+00,4.458798E-02,4.230451E+02,4.213994E-01,5.036218E+03,6.434484E+03,3.715625E-02,2.262609E+03,3.715625E-02,0.000000E+00,0.000000E+00,3.715625E-02,3.525339E+02,2.791529E-01,3.386454E+03,4.496775E+03,5.356572E-02,2.575917E+03,3.715625E-02,0.000000E+00,0.000000E+00,3.715625E-02,3.525339E+02,2.524320E-01,3.085735E+03,4.190152E+03,2.285773E-01,5.918201E+03,3.715625E-02,0.000000E+00,0.000000E+00,3.715625E-02,3.525339E+02,3.690268E-01,4.397038E+03,6.071408E+03,5.018829E-01,3.056187E+04,5.018829E-01,0.000000E+00,0.000000E+00,5.018829E-01,4.761802E+03,9.093892E-01,1.353656E+04,2.856520E+04,2.081752E-02,3.974982E+02,0.000000E+00,0.000000E+00,0.000000E+00,0.000000E+00,0.000000E+00,8.719849E-02,9.811702E+02,1.122995E+03,5.086957E-01,3.097674E+04,5.086957E-01,0.000000E+00,0.000000E+00,5.086957E-01,4.826441E+03,5.086957E-01,9.077309E+03,2.261688E+04,2.255651E-02,8.345427E+02,9.661245E-03,0.000000E+00,0.000000E+00,9.661245E-03,9.166468E+01,6.230124E-02,7.647664E+02,1.086884E+03,1.042814E-01,6.350159E+03,1.042814E-01,0.000000E+00,0.000000E+00,1.042814E-01,9.894093E+02,3.696183E-01,4.844230E+03,8.181918E+03,1.694574E-01,1.031901E+04,1.694574E-01,0.000000E+00,0.000000E+00,1.694574E-01,1.607790E+03,1.462963E+00,1.757552E+04,2.306534E+04,1.303518E-01,7.937699E+03,1.303518E-01,0.000000E+00,0.000000E+00,1.303518E-01,1.236762E+03,1.314463E-01,2.338338E+03,5.813898E+03,1.185016E-01,7.216090E+03,1.185016E-01,0.000000E+00,0.000000E+00,1.185016E-01,1.124329E+03,3.819921E-01,5.078860E+03,8.863035E+03
16:15:00,4.458798E-02,2.715159E+03,4.458798E-02,0.000000E+00,0.000000E+00,4.458798E-02,4.326333E+02,4.189255E-01,4.998819E+03,6.396985E+03,3.715625E-02,2.262609E+03,3.715625E-02,0.000000E+00,0.000000E+00,3.715625E-02,3.605239E+02,2.794787E-01,3.382145E+03,4.492312E+03,5.357999E-02,2.576188E+03,3.715625E-02,0.000000E+00,0.000000E+00,3.715625E-02,3.605239E+02,2.531417E-01,3.085745E+03,4.190019E+03,2.286701E-01,5.919848E+03,3.715625E-02,0.000000E+00,0.000000E+00,3.715625E-02,3.605239E+02,3.718381E-01,4.420817E+03,6.094315E+03,5.018829E-01,3.056187E+04,5.018829E-01,0.000000E+00,0.000000E+00,5.018829E-01,4.869726E+03,9.014653E-01,1.334036E+04,2.835357E+04,2.085602E-02,3.982266E+02,0.000000E+00,0.000000E+00,0.000000E+00,0.000000E+00,0.000000E+00,8.715295E-02,9.806877E+02,1.122469E+03,5.086957E-01,3.097674E+04,5.086957E-01,0.000000E+00,0.000000E+00,5.086957E-01,4.935831E+03,5.086957E-01,8.967919E+03,2.250314E+04,2.259533E-02,8.352800E+02,9.661245E-03,0.000000E+00,0.000000E+00,9.661245E-03,9.374223E+01,6.227426E-02,7.623950E+02,1.084355E+03,1.042814E-01,6.350159E+03,1.042814E-01,0.000000E+00,0.000000E+00,1.042814E-01,1.011834E+03,3.693475E-01,4.819142E+03,8.156488E+03,1.694574E-01,1.031901E+04,1.694574E-01,0.000000E+00,0.000000E+00,1.694574E-01,1.644230E+03,1.462503E+00,1.753474E+04,2.302368E+04,1.303518E-01,7.937699E+03,1.303518E-01,0.000000E+00,0.000000E+00,1.303518E-01,1.264792E+03,1.344701E-01,2.344306E+03,5.835038E+03,1.185016E-01,7.216090E+03,1.185016E-01,0.000000E+00,0.000000E+00,1.185016E-01,1.149811E+03,3.815943E-01,5.049082E+03,8.832362E+03
16:30:00,4.458798E-02,2.715159E+03,4.458798E-02,0.000000E+00,0.000000E+00,4.458798E-02,4.422215E+02,4.203415E-01,5.005195E+03,6.403656E+03,3.715625E-02,2.262609E+03,3.715625E-02,0.000000E+00,0.000000E+00,3.715625E-02,3.685140E+02,2.796358E-01,3.375936E+03,4.485979E+03,5.358949E-02,2.576367E+03,3.715625E-02,0.000000E+00,0.000000E+00,3.715625E-02,3.685140E+02,2.536979E-01,3.084027E+03,4.188278E+03,2.287269E-01,5.920818E+03,3.715625E-02,0.000000E+00,0.000000E+00,3.715625E-02,3.685140E+02,3.741141E-01,4.438561E+03,6.113925E+03,5.018829E-01,3.056187E+04,5.018829E-01,0.000000E+00,0.000000E+00,5.018829E-01,4.977651E+03,8.942007E-01,1.315153E+04,2.814192E+04,2.088565E-02,3.987855E+02,0.000000E+00,0.000000E+00,0.000000E+00,0.000000E+00,0.000000E+00,8.705842E-02,9.796527E+02,1.121394E+03,5.086957E-01,3.097674E+04,5.086957E-01,0.000000E+00,0.000000E+00,5.086957E-01,5.045221E+03,5.086957E-01,8.858529E+03,2.238940E+04,2.262481E-02,8.358388E+02,9.661245E-03,0.000000E+00,0.000000E+00,9.661245E-03,9.581978E+01,6.220054E-02,7.594973E+02,1.081332E+03,1.042814E-01,6.350159E+03,1.042814E-01,0.000000E+00,0.000000E+00,1.042814E-01,1.034259E+03,3.690857E-01,4.794137E+03,8.130880E+03,1.694574E-01,1.031901E+04,1.694574E-01,0.000000E+00,0.000000E+00,1.694574E-01,1.680670E+03,1.465513E+00,1.753299E+04,2.301970E+04,1.303518E-01,7.937699E+03,1.303518E-01,0.000000E+00,0.000000E+00,1.303518E-01,1.292823E+03,1.377054E-01,2.352665E+03,5.858681E+03,1.185016E-01,7.216090E+03,1.185016E-01,0.000000E+00,0.000000E+00,1.185016E-01,1.175294E+03,3.811184E-01,5.018420E+03,8.800553E+03
16:45:00,4.458798E-02,2.715159E+03,4.458798E-02,0.000000E+00,0.000000E+00,4.458798E-02,4.518097E+02,4.270142E-01,5.070736E+03,6.470524E+03,3.715625E-02,2.262609E+03,3.715625E-02,0.000000E+00,0.000000E+00,3.715625E-02,3.765041E+02,2.796106E-01,3.367679E+03,4.477550E+03,5.360131E-02,2.576590E+03,3.715625E-02,0.000000E+00,0.000000E+00,3.715625E-02,3.765041E+02,2.540819E-01,3.080373E+03,4.184518E+03,2.287986E-01,5.922046E+03,3.715625E-02,0.000000E+00,0.000000E+00,3.715625E-02,3.765041E+02,3.757627E-01,4.449274E+03,6.125293E+03,5.018829E-01,3.056187E+04,5.018829E-01,0.000000E+00,0.000000E+00,5.018829E-01,5.085576E+03,8.877929E-01,1.297243E+04,2.794392E+04,2.090443E-02,3.991362E+02,0.000000E+00,0.000000E+00,0.000000E+00,0.000000E+00,0.000000E+00,8.692584E-02,9.781943E+02,1.119910E+03,5.086957E-01,3.097674E+04,5.086957E-01,0.000000E+00,0.000000E+00,5.086957E-01,5.154611E+03,5.086957E-01,8.749139E+03,2.227566E+04,2.264721E-02,8.362619E+02,9.661245E-03,0.000000E+00,0.000000E+00,9.661245E-03,9.789734E+01,6.208485E-02,7.561286E+02,1.077833E+03,1.042814E-01,6.350159E+03,1.042814E-01,0.000000E+00,0.000000E+00,1.042814E-01,1.056683E+03,3.688026E-01,4.768963E+03,8.104921E+03,1.694574E-01,1.031901E+04,1.694574E-01,0.000000E+00,0.000000E+00,1.694574E-01,1.717110E+03,1.473006E+00,1.758181E+04,2.306558E+04,1.303518E-01,7.937699E+03,1.303518E-01,0.000000E+00,0.000000E+00,1.303518E-01,1.320854E+03,1.409995E-01,2.361700E+03,5.882776E+03,1.185016E-01,7.216090E+03,1.185016E-01,0.000000E+00,0.000000E+00,1.185016E-01,1.200776E+03,3.805812E-01,4.987095E+03,8.768190E+03
17:00:00,4.458798E-02,2.715159E+03,4.458798E-02,0.000000E+00,0.000000E+00,4.458798E-02,4.613979E+02,4.380287E-01,5.185131E+03,6.588047E+03,3.715625E-02,2.262609E+03,3.715625E-02,0.000000E+00,0.000000E+00,3.715625E-02,3.844941E+02,2.794205E-01,3.357560E+03,4.467211E+03,5.360752E-02,2.576707E+03,3.715625E-02,0.000000E+00,0.000000E+00,3.715625E-02,3.844941E+02,2.543010E-01,3.074860E+03,4.178888E+03,2.288242E-01,5.922432E+03,3.715625E-02,0.000000E+00,0.000000E+00,3.715625E-02,3.844941E+02,3.768482E-01,4.453610E+03,6.130515E+03,5.018829E-01,3.056187E+04,5.018829E-01,0.000000E+00,0.000000E+00,5.018829E-01,5.193501E+03,8.828021E-01,1.280905E+04,2.776137E+04,2.089840E-02,3.990149E+02,0.000000E+00,0.000000E+00,0.000000E+00,0.000000E+00,0.000000E+00,8.679038E-02,9.766958E+02,1.118338E+03,5.086957E-01,3.097674E+04,5.086957E-01,0.000000E+00,0.000000E+00,5.086957E-01,5.264001E+03,5.086957E-01,8.639749E+03,2.216193E+04,2.265500E-02,8.364068E+02,9.661245E-03,0.000000E+00,0.000000E+00,9.661245E-03,9.997489E+01,6.194325E-02,7.524659E+02,1.074020E+03,1.042814E-01,6.350159E+03,1.042814E-01,0.000000E+00,0.000000E+00,1.042814E-01,1.079108E+03,3.686673E-01,4.745354E+03,8.080277E+03,1.694574E-01,1.031901E+04,1.694574E-01,0.000000E+00,0.000000E+00,1.694574E-01,1.753550E+03,1.484352E+00,1.767383E+04,2.315907E+04,1.303518E-01,7.937699E+03,1.303518E-01,0.000000E+00,0.000000E+00,1.303518E-01,1.348885E+03,1.444693E-01,2.372719E+03,5.910047E+03,1.185016E-01,7.216090E+03,1.185016E-01,0.000000E+00,0.000000E+00,1.185016E-01,1.226259E+03,3.802950E-01,4.958552E+03,8.738606E+03
17:15:00,4.458798E-02,2.715159E+03,4.458798E-02,0.000000E+00,0.000000E+00,4.458798E-02,4.733831E+02,4.520911E-01,5.331408E+03,6.737192E+03,3.715625E-02,2.262609E+03,3.715625E-02,0.000000E+00,0.000000E+00,3.715625E-02,3.944817E+02,2.790756E-01,3.343693E+03,4.453081E+03,5.360598E-02,2.576678E+03,3.715625E-02,0.000000E+00,0.000000E+00,3.715625E-02,3.944817E+02,2.543506E-01,3.065432E+03,4.169245E+03,2.287969E-01,5.921899E+03,3.715625E-02,0.000000E+00,0.000000E+00,3.715625E-02,3.944817E+02,3.773591E-01,4.449386E+03,6.126598E+03,5.018829E-01,3.056187E+04,5.018829E-01,0.000000E+00,0.000000E+00,5.018829E-01,5.328407E+03,8.792191E-01,1.263392E+04,2.757336E+04,2.085933E-02,3.982683E+02,0.000000E+00,0.000000E+00,0.000000E+00,0.000000E+00,0.000000E+00,8.666790E-02,9.753207E+02,1.116995E+03,5.086957E-01,3.097674E+04,5.086957E-01,0.000000E+00,0.000000E+00,5.086957E-01,5.400738E+03,5.086957E-01,8.503012E+03,2.201976E+04,2.264482E-02,8.362120E+02,9.661245E-03,0.000000E+00,0.000000E+00,9.661245E-03,1.025718E+02,6.178353E-02,7.480725E+02,1.069510E+03,1.042814E-01,6.350159E+03,1.042814E-01,0.000000E+00,0.000000E+00,1.042814E-01,1.107139E+03,3.687344E-01,4.718122E+03,8.052139E+03,1.694574E-01,1.031901E+04,1.694574E-01,0.000000E+00,0.000000E+00,1.694574E-01,1.799100E+03,1.493660E+00,1.773313E+04,2.322235E+04,1.303518E-01,7.937699E+03,1.303518E-01,0.000000E+00,0.000000E+00,1.303518E-01,1.383923E+03,1.419312E-01,2.309133E+03,5.833106E+03,1.185016E-01,7.216090E+03,1.185016E-01,0.000000E+00,0.000000E+00,1.185016E-01,1.258112E+03,3.804401E-01,4.928351E+03,8.707826E+03
17:30:00,4.458798E-02,2.715159E+03,4.458798E-02,0.000000E+00,0.000000E+00,4.458798E-02,4.853684E+02,4.676592E-01,5.494624E+03,6.905010E+03,3.715625E-02,2.262609E+03,3.715625E-02,0.000000E+00,0.000000E+00,3.715625E-02,4.044693E+02,2.785602E-01,3.327903E+03,4.436942E+03,5.360429E-02,2.576645E+03,3.715625E-02,0.000000E+00,0.000000E+00,3.715625E-02,4.044693E+02,2.541999E-01,3.053747E+03,4.157296E+03,2.287624E-01,5.921252E+03,3.715625E-02,0.000000E+00,0.000000E+00,3.715625E-02,4.044693E+02,3.771967E-01,4.437560E+03,6.114869E+03,5.018829E-01,3.056187E+04,5.018829E-01,0.000000E+00,0.000000E+00,5.018829E-01,5.463313E+03,8.763882E-01,1.246711E+04,2.739408E+04,2.079129E-02,3.969697E+02,0.000000E+00,0.000000E+00,0.000000E+00,0.000000E+00,0.000000E+00,8.654509E-02,9.739360E+02,1.115583E+03,5.086957E-01,3.097674E+04,5.086957E-01,0.000000E+00,0.000000E+00,5.086957E-01,5.537475E+03,5.086957E-01,8.366275E+03,2.187759E+04,2.262218E-02,8.357801E+02,9.661245E-03,0.000000E+00,0.000000E+00,9.661245E-03,1.051688E+02,6.159910E-02,7.433991E+02,1.064672E+03,1.042814E-01,6.350159E+03,1.042814E-01,0.000000E+00,0.000000E+00,1.042814E-01,1.135170E+03,3.689420E-01,4.692401E+03,8.025779E+03,1.694574E-01,1.031901E+04,1.694574E-01,0.000000E+00,0.000000E+00,1.694574E-01,1.844651E+03,1.503061E+00,1.779333E+04,2.328610E+04,1.303518E-01,7.937699E+03,1.303518E-01,0.000000E+00,0.000000E+00,1.303518E-01,1.418962E+03,1.391570E-01,2.242887E+03,5.752160E+03,1.185016E-01,7.216090E+03,1.185016E-01,0.000000E+00,0.000000E+00,1.185016E-01,1.289965E+03,3.810614E-01,4.903473E+03,8.682961E+03
17:45:00,4.458798E-02,2.715159E+03,4.458798E-02,0.000000E+00,0.000000E+00,4.458798E-02,4.973536E+02,4.847413E-01,5.674882E+03,7.087827E+03,3.715625E-02,2.262609E+03,3.715625E-02,0.000000E+00,0.000000E+00,3.715625E-02,4.144569E+02,2.778832E-01,3.310296E+03,4.419026E+03,5.360589E-02,2.576676E+03,3.715625E-02,0.000000E+00,0.000000E+00,3.715625E-02,4.144569E+02,2.538436E-01,3.039750E+03,4.143018E+03,2.287495E-01,5.921009E+03,3.715625E-02,0.000000E+00,0.000000E+00,3.715625E-02,4.144569E+02,3.763034E-01,4.417517E+03,6.094974E+03,5.018829E-01,3.056187E+04,5.018829E-01,0.000000E+00,0.000000E+00,5.018829E-01,5.598219E+03,8.734995E-01,1.229969E+04,2.721637E+04,2.069802E-02,3.951890E+02,0.000000E+00,0.000000E+00,0.000000E+00,0.000000E+00,0.000000E+00,8.641298E-02,9.724486E+02,1.114157E+03,5.086957E-01,3.097674E+04,5.086957E-01,0.000000E+00,0.000000E+00,5.086957E-01,5.674212E+03,5.086957E-01,8.229538E+03,2.173542E+04,2.258994E-02,8.351647E+02,9.661245E-03,0.000000E+00,0.000000E+00,9.661245E-03,1.077657E+02,6.138519E-02,7.383947E+02,1.059558E+03,1.042814E-01,6.350159E+03,1.042814E-01,0.000000E+00,0.000000E+00,1.042814E-01,1.163200E+03,3.692434E-01,4.667750E+03,8.000528E+03,1.694574E-01,1.031901E+04,1.694574E-01,0.000000E+00,0.000000E+00,1.694574E-01,1.890201E+03,1.512742E+00,1.785668E+04,2.334747E+04,1.303518E-01,7.937699E+03,1.303518E-01,0.000000E+00,0.000000E+00,1.303518E-01,1.454000E+03,1.363450E-01,2.176214E+03,5.669738E+03,1.185016E-01,7.216090E+03,1.185016E-01,0.000000E+00,0.000000E+00,1.185016E-01,1.321819E+03,3.820592E-01,4.882844E+03,8.662549E+03
18:00:00,4.458798E-02,2.715159E+03,4.458798E-02,0.000000E+00,0.000000E+00,4.458798E-02,5.093388E+02,5.036536E-01,5.875741E+03,7.292820E+03,3.715625E-02,2.262609E+03,3.715625E-02,0.000000E+00,0.000000E+00,3.715625E-02,4.244445E+02,2.770604E-01,3.291050E+03,4.399371E+03,5.361008E-02,2.576756E+03,3.715625E-02,0.000000E+00,0.000000E+00,3.715625E-02,4.244445E+02,2.532840E-01,3.023465E+03,4.126367E+03,2.287543E-01,5.921089E+03,3.715625E-02,0.000000E+00,0.000000E+00,3.715625E-02,4.244445E+02,3.746745E-01,4.389212E+03,6.065861E+03,5.018829E-01,3.056187E+04,5.018829E-01,0.000000E+00,0.000000E+00,5.018829E-01,5.733124E+03,8.703107E-01,1.212897E+04,2.703250E+04,2.058289E-02,3.929902E+02,0.000000E+00,0.000000E+00,0.000000E+00,0.000000E+00,0.000000E+00,8.627181E-02,9.708624E+02,1.112552E+03,5.086957E-01,3.097674E+04,5.086957E-01,0.000000E+00,0.000000E+00,5.086957E-01,5.810950E+03,5.086957E-01,8.092800E+03,2.159325E+04,2.254908E-02,8.343841E+02,9.661245E-03,0.000000E+00,0.000000E+00,9.661245E-03,1.103626E+02,6.114123E-02,7.330531E+02,1.054040E+03,1.042814E-01,6.350159E+03,1.042814E-01,0.000000E+00,0.000000E+00,1.042814E-01,1.191231E+03,3.695982E-01,4.643738E+03,7.975955E+03,1.694574E-01,1.031901E+04,1.694574E-01,0.000000E+00,0.000000E+00,1.694574E-01,1.935751E+03,1.522687E+00,1.792309E+04,2.341313E+04,1.303518E-01,7.937699E+03,1.303518E-01,0.000000E+00,0.000000E+00,1.303518E-01,1.489039E+03,1.334997E-01,2.109169E+03,5.585867E+03,1.185016E-01,7.216090E+03,1.185016E-01,0.000000E+00,0.000000E+00,1.185016E-01,1.353672E+03,3.832065E-01,4.863915E+03,8.644220E+03
18:15:00,4.458798E-02,2.715159E+03,4.458798E-02,0.000000E+00,0.000000E+00,4.458798E-02,5.273167E+02,5.234659E-01,6.080724E+03,7.501440E+03,3.715625E-02,2.262609E+03,3.715625E-02,0.000000E+00,0.000000E+00,3.715625E-02,4.394259E+02,2.760731E-01,3.264954E+03,4.372746E+03,5.360976E-02,2.576750E+03,3.715625E-02,0.000000E+00,0.000000E+00,3.715625E-02,4.394259E+02,2.524886E-01,2.999529E+03,4.101908E+03,2.287202E-01,5.920471E+03,3.715625E-02,0.000000E+00,0.000000E+00,3.715625E-02,4.394259E+02,3.722963E-01,4.347435E+03,6.023130E+03,5.018829E-01,3.056187E+04,5.018829E-01,0.000000E+00,0.000000E+00,5.018829E-01,5.935483E+03,8.671154E-01,1.189051E+04,2.677961E+04,2.044590E-02,3.903758E+02,0.000000E+00,0.000000E+00,0.000000E+00,0.000000E+00,0.000000E+00,8.612603E-02,9.692156E+02,1.110924E+03,5.086957E-01,3.097674E+04,5.086957E-01,0.000000E+00,0.000000E+00,5.086957E-01,6.016056E+03,5.086957E-01,7.887695E+03,2.138000E+04,2.249945E-02,8.334374E+02,9.661245E-03,0.000000E+00,0.000000E+00,9.661245E-03,1.142581E+02,6.086095E-02,7.260014E+02,1.046791E+03,1.042814E-01,6.350159E+03,1.042814E-01,0.000000E+00,0.000000E+00,1.042814E-01,1.233277E+03,3.700586E-01,4.606775E+03,7.938162E+03,1.694574E-01,1.031901E+04,1.694574E-01,0.000000E+00,0.000000E+00,1.694574E-01,2.004076E+03,1.537148E+00,1.801728E+04,2.350991E+04,1.303518E-01,7.937699E+03,1.303518E-01,0.000000E+00,0.000000E+00,1.303518E-01,1.541597E+03,1.337848E-01,2.059817E+03,5.536027E+03,1.185016E-01,7.216090E+03,1.185016E-01,0.000000E+00,0.000000E+00,1.185016E-01,1.401452E+03,3.842801E-01,4.828180E+03,8.608425E+03
18:30:00,4.458798E-02,2.715159E+03,4.458798E-02,0.000000E+00,0.000000E+00,4.458798E-02,5.452945E+02,5.417054E-01,6.268012E+03,7.692628E+03,3.715625E-02,2.262609E+03,3.715625E-02,0.000000E+00,0.000000E+00,3.715625E-02,4.544072E+02,2.748513E-01,3.236220E+03,4.343401E+03,5.361339E-02,2.576820E+03,3.715625E-02,0.000000E+00,0.000000E+00,3.715625E-02,4.544072E+02,2.513771E-01,2.972037E+03,4.073791E+03,2.287144E-01,5.920375E+03,3.715625E-02,0.000000E+00,0.000000E+00,3.715625E-02,4.544072E+02,3.690410E-01,4.295807E+03,5.969708E+03,5.018829E-01,3.056187E+04,5.018829E-01,0.000000E+00,0.000000E+00,5.018829E-01,6.137842E+03,8.634489E-01,1.164683E+04,2.651924E+04,2.029865E-02,3.875648E+02,0.000000E+00,0.000000E+00,0.000000E+00,0.000000E+00,0.000000E+00,8.595121E-02,9.672453E+02,1.108941E+03,5.086957E-01,3.097674E+04,5.086957E-01,0.000000E+00,0.000000E+00,5.086957E-01,6.221161E+03,5.086957E-01,7.682589E+03,2.116675E+04,2.245205E-02,8.325328E+02,9.661245E-03,0.000000E+00,0.000000E+00,9.661245E-03,1.181535E+02,6.052821E-02,7.183605E+02,1.038907E+03,1.042814E-01,6.350159E+03,1.042814E-01,0.000000E+00,0.000000E+00,1.042814E-01,1.275324E+03,3.704567E-01,4.569152E+03,7.899784E+03,1.694574E-01,1.031901E+04,1.694574E-01,0.000000E+00,0.000000E+00,1.694574E-01,2.072401E+03,1.550446E+00,1.809846E+04,2.359484E+04,1.303518E-01,7.937699E+03,1.303518E-01,0.000000E+00,0.000000E+00,1.303518E-01,1.594155E+03,1.341367E-01,2.011216E+03,5.487274E+03,1.185016E-01,7.216090E+03,1.185016E-01,0.000000E+00,0.000000E+00,1.185016E-01,1.449231E+03,3.848369E-01,4.786650E+03,8.566271E+03
18:45:00,4.458798E-02,2.715159E+03,4.458798E-02,0.000000E+00,0.000000E+00,4.458798E-02,5.632724E+02,5.557155E-01,6.407688E+03,7.834695E+03,3.715625E-02,2.262609E+03,3.715625E-02,0.000000E+00,0.000000E+00,3.715625E-02,4.693886E+02,2.732459E-01,3.203165E+03,4.309675E+03,5.361239E-02,2.576802E+03,3.715625E-02,0.000000E+00,0.000000E+00,3.715625E-02,4.693886E+02,2.497958E-01,2.939253E+03,4.040284E+03,2.286718E-01,5.919620E+03,3.715625E-02,0.000000E+00,0.000000E+00,3.715625E-02,4.693886E+02,3.648462E-01,4.233563E+03,5.905695E+03,5.018829E-01,3.056187E+04,5.018829E-01,0.000000E+00,0.000000E+00,5.018829E-01,6.340201E+03,8.596382E-01,1.140132E+04,2.625753E+04,2.014244E-02,3.845846E+02,0.000000E+00,0.000000E+00,0.000000E+00,0.000000E+00,0.000000E+00,8.574359E-02,9.648974E+02,1.106609E+03,5.086957E-01,3.097674E+04,5.086957E-01,0.000000E+00,0.000000E+00,5.086957E-01,6.426267E+03,5.086957E-01,7.477483E+03,2.095350E+04,2.240323E-02,8.316020E+02,9.661245E-03,0.000000E+00,0.000000E+00,9.661245E-03,1.220489E+02,6.014715E-02,7.101732E+02,1.030485E+03,1.042814E-01,6.350159E+03,1.042814E-01,0.000000E+00,0.000000E+00,1.042814E-01,1.317370E+03,3.707251E-01,4.529952E+03,7.859987E+03,1.694574E-01,1.031901E+04,1.694574E-01,0.000000E+00,0.000000E+00,1.694574E-01,2.140726E+03,1.560575E+00,1.814375E+04,2.364265E+04,1.303518E-01,7.937699E+03,1.303518E-01,0.000000E+00,0.000000E+00,1.303518E-01,1.646712E+03,1.343923E-01,1.961531E+03,5.436911E+03,1.185016E-01,7.216090E+03,1.185016E-01,0.000000E+00,0.000000E+00,1.185016E-01,1.497011E+03,3.844995E-01,4.735009E+03,8.512989E+03
19:00:00,4.458798E-02,2.715159E+03,4.458798E-02,0.000000E+00,0.000000E+00,4.458798E-02,5.812502E+02,5.649165E-01,6.493249E+03,7.921685E+03,3.715625E-02,2.262609E+03,3.715625E-02,0.000000E+00,0.000000E+00,3.715625E-02,4.843700E+02,2.711343E-01,3.164416E+03,4.270125E+03,5.361528E-02,2.576857E+03,3.715625E-02,0.000000E+00,0.000000E+00,3.715625E-02,4.843700E+02,2.476233E-01,2.899819E+03,3.999962E+03,2.286587E-01,5.919407E+03,3.715625E-02,0.000000E+00,0.000000E+00,3.715625E-02,4.843700E+02,3.595237E-01,4.158652E+03,5.828258E+03,5.018829E-01,3.056187E+04,5.018829E-01,0.000000E+00,0.000000E+00,5.018829E-01,6.542560E+03,8.551437E-01,1.114822E+04,2.598612E+04,1.999017E-02,3.816787E+02,0.000000E+00,0.000000E+00,0.000000E+00,0.000000E+00,0.000000E+00,8.546819E-02,9.617909E+02,1.103481E+03,5.086957E-01,3.097674E+04,5.086957E-01,0.000000E+00,0.000000E+00,5.086957E-01,6.631373E+03,5.086957E-01,7.272377E+03,2.074026E+04,2.236034E-02,8.307841E+02,9.661245E-03,0.000000E+00,0.000000E+00,9.661245E-03,1.259443E+02,5.970824E-02,7.013361E+02,1.021376E+03,1.042814E-01,6.350159E+03,1.042814E-01,0.000000E+00,0.000000E+00,1.042814E-01,1.359416E+03,3.705882E-01,4.486250E+03,7.815616E+03,1.694574E-01,1.031901E+04,1.694574E-01,0.000000E+00,0.000000E+00,1.694574E-01,2.209051E+03,1.567568E+00,1.815385E+04,2.365445E+04,1.303518E-01,7.937699E+03,1.303518E-01,0.000000E+00,0.000000E+00,1.303518E-01,1.699270E+03,1.343169E-01,1.908123E+03,5.381053E+03,1.185016E-01,7.216090E+03,1.185016E-01,0.000000E+00,0.000000E+00,1.185016E-01,1.544791E+03,3.828381E-01,4.668492E+03,8.443436E+03
19:15:00,4.458798E-02,2.715159E+03,4.458798E-02,0.000000E+00,0.000000E+00,4.458798E-02,5.944340E+02,5.688811E-01,6.524695E+03,7.953506E+03,3.715625E-02,2.262609E+03,3.715625E-02,0.000000E+00,0.000000E+00,3.715625E-02,4.953564E+02,2.685158E-01,3.123963E+03,4.228961E+03,5.362328E-02,2.577009E+03,3.715625E-02,0.000000E+00,0.000000E+00,3.715625E-02,4.953564E+02,2.448697E-01,2.857846E+03,3.957175E+03,2.286907E-01,5.919984E+03,3.715625E-02,0.000000E+00,0.000000E+00,3.715625E-02,4.953564E+02,3.532119E-01,4.076676E+03,5.744969E+03,5.018829E-01,3.056187E+04,5.018829E-01,0.000000E+00,0.000000E+00,5.018829E-01,6.690957E+03,8.499605E-01,1.094167E+04,2.576286E+04,1.984762E-02,3.789557E+02,0.000000E+00,0.000000E+00,0.000000E+00,0.000000E+00,0.000000E+00,8.512728E-02,9.579607E+02,1.099692E+03,5.086957E-01,3.097674E+04,5.086957E-01,0.000000E+00,0.000000E+00,5.086957E-01,6.781784E+03,5.086957E-01,7.121966E+03,2.058387E+04,2.232230E-02,8.300569E+02,9.661245E-03,0.000000E+00,0.000000E+00,9.661245E-03,1.288009E+02,5.923439E-02,6.931488E+02,1.012996E+03,1.042814E-01,6.350159E+03,1.042814E-01,0.000000E+00,0.000000E+00,1.042814E-01,1.390250E+03,3.698779E-01,4.447521E+03,7.776687E+03,1.694574E-01,1.031901E+04,1.694574E-01,0.000000E+00,0.000000E+00,1.694574E-01,2.259156E+03,1.571273E+00,1.814562E+04,2.364772E+04,1.303518E-01,7.937699E+03,1.303518E-01,0.000000E+00,0.000000E+00,1.303518E-01,1.737813E+03,1.369007E-01,1.898645E+03,5.383615E+03,1.185016E-01,7.216090E+03,1.185016E-01,0.000000E+00,0.000000E+00,1.185016E-01,1.579830E+03,3.797743E-01,4.599015E+03,8.370570E+03
19:30:00,4.458798E-02,2.715159E+03,4.458798E-02,0.000000E+00,0.000000E+00,4.458798E-02,6.076177E+02,5.679461E-01,6.501010E+03,7.928992E+03,3.715625E-02,2.262609E+03,3.715625E-02,0.000000E+00,0.000000E+00,3.715625E-02,5.063427E+02,2.657768E-01,3.082159E+03,4.185941E+03,5.362209E-02,2.576986E+03,3.715625E-02,0.000000E+00,0.000000E+00,3.715625E-02,5.063427E+02,2.419233E-01,2.813706E+03,3.911652E+03,2.286660E-01,5.919454E+03,3.715625E-02,0.000000E+00,0.000000E+00,3.715625E-02,5.063427E+02,3.464222E-01,3.989346E+03,5.648975E+03,5.018829E-01,3.056187E+04,5.018829E-01,0.000000E+00,0.000000E+00,5.018829E-01,6.839353E+03,8.449612E-01,1.073732E+04,2.553665E+04,1.970925E-02,3.763113E+02,0.000000E+00,0.000000E+00,0.000000E+00,0.000000E+00,0.000000E+00,8.474377E-02,9.536564E+02,1.095074E+03,5.086957E-01,3.097674E+04,5.086957E-01,0.000000E+00,0.000000E+00,5.086957E-01,6.932195E+03,5.086957E-01,6.971555E+03,2.042749E+04,2.227743E-02,8.291987E+02,9.661245E-03,0.000000E+00,0.000000E+00,9.661245E-03,1.316575E+02,5.874993E-02,6.848437E+02,1.004246E+03,1.042814E-01,6.350159E+03,1.042814E-01,0.000000E+00,0.000000E+00,1.042814E-01,1.421084E+03,3.688841E-01,4.405681E+03,7.732883E+03,1.694574E-01,1.031901E+04,1.694574E-01,0.000000E+00,0.000000E+00,1.694574E-01,2.309261E+03,1.571745E+00,1.810121E+04,2.360278E+04,1.303518E-01,7.937699E+03,1.303518E-01,0.000000E+00,0.000000E+00,1.303518E-01,1.776355E+03,1.394897E-01,1.889229E+03,5.385659E+03,1.185016E-01,7.216090E+03,1.185016E-01,0.000000E+00,0.000000E+00,1.185016E-01,1.614868E+03,3.762585E-01,4.524482E+03,8.289524E+03
19:45:00,4.458798E-02,2.715159E+03,4.458798E-02,0.000000E+00,0.000000E+00,4.458798E-02,6.208015E+02,5.632199E-01,6.434623E+03,7.861781E+03,3.715625E-02,2.262609E+03,3.715625E-02,0.000000E+00,0.000000E+00,3.715625E-02,5.173291E+02,2.633112E-01,3.043419E+03,4.146640E+03,5.362336E-02,2.577011E+03,3.715625E-02,0.000000E+00,0.000000E+00,3.715625E-02,5.173291E+02,2.391869E-01,2.771920E+03,3.869200E+03,2.286465E-01,5.919131E+03,3.715625E-02,0.000000E+00,0.000000E+00,3.715625E-02,5.173291E+02,3.395579E-01,3.901076E+03,5.560033E+03,5.018829E-01,3.056187E+04,5.018829E-01,0.000000E+00,0.000000E+00,5.018829E-01,6.987750E+03,8.400525E-01,1.053345E+04,2.531567E+04,1.958776E-02,3.739950E+02,0.000000E+00,0.000000E+00,0.000000E+00,0.000000E+00,0.000000E+00,8.431080E-02,9.487722E+02,1.090261E+03,5.086957E-01,3.097674E+04,5.086957E-01,0.000000E+00,0.000000E+00,5.086957E-01,7.082606E+03,5.086957E-01,6.821144E+03,2.027111E+04,2.223613E-02,8.284122E+02,9.661245E-03,0.000000E+00,0.000000E+00,9.661245E-03,1.345142E+02,5.825422E-02,6.764046E+02,9.956634E+02,1.042814E-01,6.350159E+03,1.042814E-01,0.000000E+00,0.000000E+00,1.042814E-01,1.451918E+03,3.677986E-01,4.362553E+03,7.688465E+03,1.694574E-01,1.031901E+04,1.694574E-01,0.000000E+00,0.000000E+00,1.694574E-01,2.359366E+03,1.569442E+00,1.802507E+04,2.352741E+04,1.303518E-01,7.937699E+03,1.303518E-01,0.000000E+00,0.000000E+00,1.303518E-01,1.814897E+03,1.420685E-01,1.879685E+03,5.387001E+03,1.185016E-01,7.216090E+03,1.185016E-01,0.000000E+00,0.000000E+00,1.185016E-01,1.649907E+03,3.729611E-01,4.452267E+03,8.214104E+03
20:00:00,4.458798E-02,2.715159E+03,4.458798E-02,0.000000E+00,0.000000E+00,4.458798E-02,6.339853E+02,5.564010E-01,6.344688E+03,7.769579E+03,3.715625E-02,2.262609E+03,3.715625E-02,0.000000E+00,0.000000E+00,3.715625E-02,5.283154E+02,2.613615E-01,3.010487E+03,4.112893E+03,5.362095E-02,2.576966E+03,3.715625E-02,0.000000E+00,0.000000E+00,3.715625E-02,5.283154E+02,2.369137E-01,2.735347E+03,3.831649E+03,2.286133E-01,5.918532E+03,3.715625E-02,0.000000E+00,0.000000E+00,3.715625E-02,5.283154E+02,3.329521E-01,3.815725E+03,5.467443E+03,5.018829E-01,3.056187E+04,5.018829E-01,0.000000E+00,0.000000E+00,5.018829E-01,7.136146E+03,8.355763E-01,1.033451E+04,2.509657E+04,1.948015E-02,3.719420E+02,0.000000E+00,0.000000E+00,0.000000E+00,0.000000E+00,0.000000E+00,8.385083E-02,9.435882E+02,1.084790E+03,5.086957E-01,3.097674E+04,5.086957E-01,0.000000E+00,0.000000E+00,5.086957E-01,7.233017E+03,5.086957E-01,6.670733E+03,2.011473E+04,2.219546E-02,8.276367E+02,9.661245E-03,0.000000E+00,0.000000E+00,9.661245E-03,1.373708E+02,5.775933E-02,6.679761E+02,9.868500E+02,1.042814E-01,6.350159E+03,1.042814E-01,0.000000E+00,0.000000E+00,1.042814E-01,1.482752E+03,3.668214E-01,4.320622E+03,7.644147E+03,1.694574E-01,1.031901E+04,1.694574E-01,0.000000E+00,0.000000E+00,1.694574E-01,2.409472E+03,1.565371E+00,1.792894E+04,2.342886E+04,1.303518E-01,7.937699E+03,1.303518E-01,0.000000E+00,0.000000E+00,1.303518E-01,1.853440E+03,1.447975E-01,1.871831E+03,5.391475E+03,1.185016E-01,7.216090E+03,1.185016E-01,0.000000E+00,0.000000E+00,1.185016E-01,1.684945E+03,3.703876E-01,4.388224E+03,8.145396E+03
20:15:00,4.458798E-02,2.715159E+03,4.458798E-02,0.000000E+00,0.000000E+00,4.458798E-02,6.447720E+02,5.496097E-01,6.257430E+03,7.680683E+03,3.715625E-02,2.262609E+03,3.715625E-02,0.000000E+00,0.000000E+00,3.715625E-02,5.373042E+02,2.600653E-01,2.986895E+03,4.088946E+03,5.361277E-02,2.576812E+03,3.715625E-02,0.000000E+00,0.000000E+00,3.715625E-02,5.373042E+02,2.352545E-01,2.707672E+03,3.803504E+03,2.285371E-01,5.917209E+03,3.715625E-02,0.000000E+00,0.000000E+00,3.715625E-02,5.373042E+02,3.268248E-01,3.737672E+03,5.386052E+03,5.018829E-01,3.056187E+04,5.018829E-01,0.000000E+00,0.000000E+00,5.018829E-01,7.257562E+03,8.318517E-01,1.017051E+04,2.491839E+04,1.938711E-02,3.701726E+02,0.000000E+00,0.000000E+00,0.000000E+00,0.000000E+00,0.000000E+00,8.338213E-02,9.382845E+02,1.079409E+03,5.086957E-01,3.097674E+04,5.086957E-01,0.000000E+00,0.000000E+00,5.086957E-01,7.356081E+03,5.086957E-01,6.547670E+03,1.998678E+04,2.215679E-02,8.269027E+02,9.661245E-03,0.000000E+00,0.000000E+00,9.661245E-03,1.397081E+02,5.726967E-02,6.601194E+02,9.787583E+02,1.042814E-01,6.350159E+03,1.042814E-01,0.000000E+00,0.000000E+00,1.042814E-01,1.507979E+03,3.662016E-01,4.288061E+03,7.610298E+03,1.694574E-01,1.031901E+04,1.694574E-01,0.000000E+00,0.000000E+00,1.694574E-01,2.450467E+03,1.560991E+00,1.783787E+04,2.333594E+04,1.303518E-01,7.937699E+03,1.303518E-01,0.000000E+00,0.000000E+00,1.303518E-01,1.884974E+03,1.447353E-01,1.839569E+03,5.357512E+03,1.185016E-01,7.216090E+03,1.185016E-01,0.000000E+00,0.000000E+00,1.185016E-01,1.713613E+03,3.688665E-01,4.342265E+03,8.097747E+03
20:30:00,4.458798E-02,2.715159E+03,4.458798E-02,0.000000E+00,0.000000E+00,4.458798E-02,6.555587E+02,5.439963E-01,6.183425E+03,7.605312E+03,3.715625E-02,2.262609E+03,3.715625E-02,0.000000E+00,0.000000E+00,3.715625E-02,5.462931E+02,2.591632E-01,2.967739E+03,4.069535E+03,5.361531E-02,2.576863E+03,3.715625E-02,0.000000E+00,0.000000E+00,3.715625E-02,5.462931E+02,2.339722E-01,2.684238E+03,3.779708E+03,2.285359E-01,5.917334E+03,3.715625E-02,0.000000E+00,0.000000E+00,3.715625E-02,5.462931E+02,3.208556E-01,3.661391E+03,5.306289E+03,5.018829E-01,3.056187E+04,5.018829E-01,0.000000E+00,0.000000E+00,5.018829E-01,7.378977E+03,8.279119E-01,1.000401E+04,2.473620E+04,1.931847E-02,3.688696E+02,0.000000E+00,0.000000E+00,0.000000E+00,0.000000E+00,0.000000E+00,8.289210E-02,9.327377E+02,1.073760E+03,5.086957E-01,3.097674E+04,5.086957E-01,0.000000E+00,0.000000E+00,5.086957E-01,7.479144E+03,5.086957E-01,6.424606E+03,1.985884E+04,2.213267E-02,8.264467E+02,9.661245E-03,0.000000E+00,0.000000E+00,9.661245E-03,1.420453E+02,5.677446E-02,6.521994E+02,9.705922E+02,1.042814E-01,6.350159E+03,1.042814E-01,0.000000E+00,0.000000E+00,1.042814E-01,1.533207E+03,3.656932E-01,4.256688E+03,7.577732E+03,1.694574E-01,1.031901E+04,1.694574E-01,0.000000E+00,0.000000E+00,1.694574E-01,2.491462E+03,1.557244E+00,1.775375E+04,2.324967E+04,1.303518E-01,7.937699E+03,1.303518E-01,0.000000E+00,0.000000E+00,1.303518E-01,1.916509E+03,1.445560E-01,1.805987E+03,5.321764E+03,1.185016E-01,7.216090E+03,1.185016E-01,0.000000E+00,0.000000E+00,1.185016E-01,1.742281E+03,3.676717E-01,4.299957E+03,8.054000E+03
20:45:00,4.458798E-02,2.715159E+03,4.458798E-02,0.000000E+00,0.000000E+00,4.458798E-02,6.663454E+02,5.399880E-01,6.127517E+03,7.548487E+03,3.715625E-02,2.262609E+03,3.715625E-02,0.000000E+00,0.000000E+00,3.715625E-02,5.552819E+02,2.584660E-01,2.950901E+03,4.052471E+03,5.361447E-02,2.576847E+03,3.715625E-02,0.000000E+00,0.000000E+00,3.715625E-02,5.552819E+02,2.328910E-01,2.663078E+03,3.758223E+03,2.285328E-01,5.917304E+03,3.715625E-02,0.000000E+00,0.000000E+00,3.715625E-02,5.552819E+02,3.149617E-01,3.586056E+03,5.227418E+03,5.018829E-01,3.056187E+04,5.018829E-01,0.000000E+00,0.000000E+00,5.018829E-01,7.500392E+03,8.241180E-01,9.839687E+03,2.455698E+04,1.926014E-02,3.677576E+02,0.000000E+00,0.000000E+00,0.000000E+00,0.000000E+00,0.000000E+00,8.241093E-02,9.273152E+02,1.068257E+03,5.086957E-01,3.097674E+04,5.086957E-01,0.000000E+00,0.000000E+00,5.086957E-01,7.602208E+03,5.086957E-01,6.301542E+03,1.973090E+04,2.211183E-02,8.260499E+02,9.661245E-03,0.000000E+00,0.000000E+00,9.661245E-03,1.443826E+02,5.628782E-02,6.443836E+02,9.625391E+02,1.042814E-01,6.350159E+03,1.042814E-01,0.000000E+00,0.000000E+00,1.042814E-01,1.558435E+03,3.652562E-01,4.226385E+03,7.546391E+03,1.694574E-01,1.031901E+04,1.694574E-01,0.000000E+00,0.000000E+00,1.694574E-01,2.532457E+03,1.554643E+00,1.768307E+04,2.317721E+04,1.303518E-01,7.937699E+03,1.303518E-01,0.000000E+00,0.000000E+00,1.303518E-01,1.948044E+03,1.443986E-01,1.772675E+03,5.286469E+03,1.185016E-01,7.216090E+03,1.185016E-01,0.000000E+00,0.000000E+00,1.185016E-01,1.770949E+03,3.665972E-01,4.259143E+03,8.011789E+03
21:00:00,4.458798E-02,2.715159E+03,4.458798E-02,0.000000E+00,0.000000E+00,4.458798E-02,6.771321E+02,5.372176E-01,6.085537E+03,7.505900E+03,3.715625E-02,2.262609E+03,3.715625E-02,0.000000E+00,0.000000E+00,3.715625E-02,5.642707E+02,2.578628E-01,2.935119E+03,4.036463E+03,5.361603E-02,2.576878E+03,3.715625E-02,0.000000E+00,0.000000E+00,3.715625E-02,5.642707E+02,2.319106E-01,2.643052E+03,3.737873E+03,2.285444E-01,5.917567E+03,3.715625E-02,0.000000E+00,0.000000E+00,3.715625E-02,5.642707E+02,3.090576E-01,3.510603E+03,5.148299E+03,5.018829E-01,3.056187E+04,5.018829E-01,0.000000E+00,0.000000E+00,5.018829E-01,7.621808E+03,8.202506E-01,9.674493E+03,2.437661E+04,1.921386E-02,3.668772E+02,0.000000E+00,0.000000E+00,0.000000E+00,0.000000E+00,0.000000E+00,8.193639E-02,9.219636E+02,1.062834E+03,5.086957E-01,3.097674E+04,5.086957E-01,0.000000E+00,0.000000E+00,5.086957E-01,7.725271E+03,5.086957E-01,6.178479E+03,1.960295E+04,2.209806E-02,8.257888E+02,9.661245E-03,0.000000E+00,0.000000E+00,9.661245E-03,1.467198E+02,5.580744E-02,6.366368E+02,9.545586E+02,1.042814E-01,6.350159E+03,1.042814E-01,0.000000E+00,0.000000E+00,1.042814E-01,1.583663E+03,3.648431E-01,4.196372E+03,7.515393E+03,1.694574E-01,1.031901E+04,1.694574E-01,0.000000E+00,0.000000E+00,1.694574E-01,2.573452E+03,1.552906E+00,1.762217E+04,2.311487E+04,1.303518E-01,7.937699E+03,1.303518E-01,0.000000E+00,0.000000E+00,1.303518E-01,1.979578E+03,1.442208E-01,1.739130E+03,5.250870E+03,1.185016E-01,7.216090E+03,1.185016E-01,0.000000E+00,0.000000E+00,1.185016E-01,1.799617E+03,3.654844E-01,4.217876E+03,7.968916E+03
21:15:00,4.458798E-02,2.715159E+03,4.458798E-02,0.000000E+00,0.000000E+00,4.458798E-02,6.879188E+02,5.346891E-01,6.046331E+03,7.466432E+03,3.715625E-02,2.262609E+03,3.715625E-02,0.000000E+00,0.000000E+00,3.715625E-02,5.732595E+02,2.572727E-01,2.919501E+03,4.020724E+03,5.362959E-02,2.577135E+03,3.715625E-02,0.000000E+00,0.000000E+00,3.715625E-02,5.732595E+02,2.309526E-01,2.623293E+03,3.717964E+03,2.286471E-01,5.919409E+03,3.715625E-02,0.000000E+00,0.000000E+00,3.715625E-02,5.732595E+02,3.029777E-01,3.433302E+03,5.072414E+03,5.018829E-01,3.056187E+04,5.018829E-01,0.000000E+00,0.000000E+00,5.018829E-01,7.743223E+03,8.155612E-01,9.500941E+03,2.418937E+04,1.918239E-02,3.662701E+02,0.000000E+00,0.000000E+00,0.000000E+00,0.000000E+00,0.000000E+00,8.144741E-02,9.164872E+02,1.057628E+03,5.086957E-01,3.097674E+04,5.086957E-01,0.000000E+00,0.000000E+00,5.086957E-01,7.848335E+03,5.086957E-01,6.055415E+03,1.947500E+04,2.209589E-02,8.257435E+02,9.661245E-03,0.000000E+00,0.000000E+00,9.661245E-03,1.490570E+02,5.532279E-02,6.288535E+02,9.467518E+02,1.042814E-01,6.350159E+03,1.042814E-01,0.000000E+00,0.000000E+00,1.042814E-01,1.608890E+03,3.642748E-01,4.165072E+03,7.483657E+03,1.694574E-01,1.031901E+04,1.694574E-01,0.000000E+00,0.000000E+00,1.694574E-01,2.614447E+03,1.551005E+00,1.756046E+04,2.305261E+04,1.303518E-01,7.937699E+03,1.303518E-01,0.000000E+00,0.000000E+00,1.303518E-01,2.011113E+03,1.407546E-01,1.668647E+03,5.162740E+03,1.185016E-01,7.216090E+03,1.185016E-01,0.000000E+00,0.000000E+00,1.185016E-01,1.828285E+03,3.641308E-01,4.174133E+03,7.924180E+03
21:30:00,4.458798E-02,2.715159E+03,4.458798E-02,0.000000E+00,0.000000E+00,4.458798E-02,6.987055E+02,5.307881E-01,5.991674E+03,7.410421E+03,3.715625E-02,2.262609E+03,3.715625E-02,0.000000E+00,0.000000E+00,3.715625E-02,5.822484E+02,2.566908E-01,2.903973E+03,4.004830E+03,5.363220E-02,2.577183E+03,3.715625E-02,0.000000E+00,0.000000E+00,3.715625E-02,5.822484E+02,2.300143E-01,2.603753E+03,3.697907E+03,2.286818E-01,5.919973E+03,3.715625E-02,0.000000E+00,0.000000E+00,3.715625E-02,5.822484E+02,2.969229E-01,3.356265E+03,4.987140E+03,5.018829E-01,3.056187E+04,5.018829E-01,0.000000E+00,0.000000E+00,5.018829E-01,7.864638E+03,8.113083E-01,9.332259E+03,2.400188E+04,1.914859E-02,3.656194E+02,0.000000E+00,0.000000E+00,0.000000E+00,0.000000E+00,0.000000E+00,8.098153E-02,9.112674E+02,1.052066E+03,5.086957E-01,3.097674E+04,5.086957E-01,0.000000E+00,0.000000E+00,5.086957E-01,7.971398E+03,5.086957E-01,5.932352E+03,1.934706E+04,2.208783E-02,8.255863E+02,9.661245E-03,0.000000E+00,0.000000E+00,9.661245E-03,1.513943E+02,5.485661E-02,6.212768E+02,9.387645E+02,1.042814E-01,6.350159E+03,1.042814E-01,0.000000E+00,0.000000E+00,1.042814E-01,1.634118E+03,3.637845E-01,4.134641E+03,7.452074E+03,1.694574E-01,1.031901E+04,1.694574E-01,0.000000E+00,0.000000E+00,1.694574E-01,2.655442E+03,1.547863E+00,1.748483E+04,2.297568E+04,1.303518E-01,7.937699E+03,1.303518E-01,0.000000E+00,0.000000E+00,1.303518E-01,2.042648E+03,1.371374E-01,1.596455E+03,5.070971E+03,1.185016E-01,7.216090E+03,1.185016E-01,0.000000E+00,0.000000E+00,1.185016E-01,1.856952E+03,3.628033E-01,4.130669E+03,7.877956E+03
21:45:00,4.458798E-02,2.715159E+03,4.458798E-02,0.000000E+00,0.000000E+00,4.458798E-02,7.094922E+02,5.246992E-01,5.912391E+03,7.330280E+03,3.715625E-02,2.262609E+03,3.715625E-02,0.000000E+00,0.000000E+00,3.715625E-02,5.912372E+02,2.560876E-01,2.888206E+03,3.988855E+03,5.363711E-02,2.577275E+03,3.715625E-02,0.000000E+00,0.000000E+00,3.715625E-02,5.912372E+02,2.290674E-01,2.584116E+03,3.678006E+03,2.287359E-01,5.920916E+03,3.715625E-02,0.000000E+00,0.000000E+00,3.715625E-02,5.912372E+02,2.908254E-01,3.278733E+03,4.908357E+03,5.018829E-01,3.056187E+04,5.018829E-01,0.000000E+00,0.000000E+00,5.018829E-01,7.986054E+03,8.068595E-01,9.161327E+03,2.381528E+04,1.912355E-02,3.651361E+02,0.000000E+00,0.000000E+00,0.000000E+00,0.000000E+00,0.000000E+00,8.051106E-02,9.059944E+02,1.046921E+03,5.086957E-01,3.097674E+04,5.086957E-01,0.000000E+00,0.000000E+00,5.086957E-01,8.094462E+03,5.086957E-01,5.809288E+03,1.921912E+04,2.208433E-02,8.255163E+02,9.661245E-03,0.000000E+00,0.000000E+00,9.661245E-03,1.537315E+02,5.439624E-02,6.137649E+02,9.311515E+02,1.042814E-01,6.350159E+03,1.042814E-01,0.000000E+00,0.000000E+00,1.042814E-01,1.659346E+03,3.632493E-01,4.103668E+03,7.420125E+03,1.694574E-01,1.031901E+04,1.694574E-01,0.000000E+00,0.000000E+00,1.694574E-01,2.696437E+03,1.542682E+00,1.738619E+04,2.287729E+04,1.303518E-01,7.937699E+03,1.303518E-01,0.000000E+00,0.000000E+00,1.303518E-01,2.074182E+03,1.333717E-01,1.522577E+03,4.975846E+03,1.185016E-01,7.216090E+03,1.185016E-01,0.000000E+00,0.000000E+00,1.185016E-01,1.885620E+03,3.613337E-01,4.085599E+03,7.831262E+03
22:00:00,4.458798E-02,2.715159E+03,4.458798E-02,0.000000E+00,0.000000E+00,4.458798E-02,7.202789E+02,5.167396E-01,5.812052E+03,7.227587E+03,3.715625E-02,2.262609E+03,3.715625E-02,0.000000E+00,0.000000E+00,3.715625E-02,6.002260E+02,2.554669E-01,2.872239E+03,3.972531E+03,5.363533E-02,2.577240E+03,3.715625E-02,0.000000E+00,0.000000E+00,3.715625E-02,6.002260E+02,2.281184E-01,2.564454E+03,3.657861E+03,2.287539E-01,5.921184E+03,3.715625E-02,0.000000E+00,0.000000E+00,3.715625E-02,6.002260E+02,2.847924E-01,3.201916E+03,4.824373E+03,5.018829E-01,3.056187E+04,5.018829E-01,0.000000E+00,0.000000E+00,5.018829E-01,8.107469E+03,8.026663E-01,8.993204E+03,2.362839E+04,1.910223E-02,3.647245E+02,0.000000E+00,0.000000E+00,0.000000E+00,0.000000E+00,0.000000E+00,8.004702E-02,9.007910E+02,1.041464E+03,5.086957E-01,3.097674E+04,5.086957E-01,0.000000E+00,0.000000E+00,5.086957E-01,8.217525E+03,5.086957E-01,5.686225E+03,1.909118E+04,2.207966E-02,8.254244E+02,9.661245E-03,0.000000E+00,0.000000E+00,9.661245E-03,1.560688E+02,5.394810E-02,6.063898E+02,9.234378E+02,1.042814E-01,6.350159E+03,1.042814E-01,0.000000E+00,0.000000E+00,1.042814E-01,1.684574E+03,3.627335E-01,4.072887E+03,7.388030E+03,1.694574E-01,1.031901E+04,1.694574E-01,0.000000E+00,0.000000E+00,1.694574E-01,2.737432E+03,1.535871E+00,1.726915E+04,2.275755E+04,1.303518E-01,7.937699E+03,1.303518E-01,0.000000E+00,0.000000E+00,1.303518E-01,2.105717E+03,1.303518E-01,1.457079E+03,4.892058E+03,1.185016E-01,7.216090E+03,1.185016E-01,0.000000E+00,0.000000E+00,1.185016E-01,1.914288E+03,3.598491E-01,4.040344E+03,7.783156E+03
22:15:00,4.458798E-02,2.715159E+03,4.458798E-02,0.000000E+00,0.000000E+00,4.458798E-02,7.286686E+02,5.072839E-01,5.697249E+03,7.111324E+03,3.715625E-02,2.262609E+03,3.715625E-02,0.000000E+00,0.000000E+00,3.715625E-02,6.072173E+02,2.548324E-01,2.858108E+03,3.958233E+03,5.362713E-02,2.577083E+03,3.715625E-02,0.000000E+00,0.000000E+00,3.715625E-02,6.072173E+02,2.271736E-01,2.546830E+03,3.640023E+03,2.287388E-01,5.920889E+03,3.715625E-02,0.000000E+00,0.000000E+00,3.715625E-02,6.072173E+02,2.789059E-01,3.128691E+03,4.750607E+03,5.018829E-01,3.056187E+04,5.018829E-01,0.000000E+00,0.000000E+00,5.018829E-01,8.201903E+03,7.988852E-01,8.856288E+03,2.347945E+04,1.908683E-02,3.644299E+02,0.000000E+00,0.000000E+00,0.000000E+00,0.000000E+00,0.000000E+00,7.959178E-02,8.956697E+02,1.036535E+03,5.086957E-01,3.097674E+04,5.086957E-01,0.000000E+00,0.000000E+00,5.086957E-01,8.313241E+03,5.086957E-01,5.590509E+03,1.899166E+04,2.207499E-02,8.253351E+02,9.661245E-03,0.000000E+00,0.000000E+00,9.661245E-03,1.578866E+02,5.351514E-02,5.997000E+02,9.166988E+02,1.042814E-01,6.350159E+03,1.042814E-01,0.000000E+00,0.000000E+00,1.042814E-01,1.704195E+03,3.622654E-01,4.048028E+03,7.362709E+03,1.694574E-01,1.031901E+04,1.694574E-01,0.000000E+00,0.000000E+00,1.694574E-01,2.769317E+03,1.527850E+00,1.714710E+04,2.263422E+04,1.303518E-01,7.937699E+03,1.303518E-01,0.000000E+00,0.000000E+00,1.303518E-01,2.130244E+03,1.303518E-01,1.432552E+03,4.866558E+03,1.185016E-01,7.216090E+03,1.185016E-01,0.000000E+00,0.000000E+00,1.185016E-01,1.936585E+03,3.583757E-01,4.001479E+03,7.743107E+03
22:30:00,4.458798E-02,2.715159E+03,4.458798E-02,0.000000E+00,0.000000E+00,4.458798E-02,7.370583E+02,4.965921E-01,5.568534E+03,6.979386E+03,3.715625E-02,2.262609E+03,3.715625E-02,0.000000E+00,0.000000E+00,3.715625E-02,6.142087E+02,2.541715E-01,2.843679E+03,3.943483E+03,5.362107E-02,2.576967E+03,3.715625E-02,0.000000E+00,0.000000E+00,3.715625E-02,6.142087E+02,2.262257E-01,2.529171E+03,3.621936E+03,2.287436E-01,5.920977E+03,3.715625E-02,0.000000E+00,0.000000E+00,3.715625E-02,6.142087E+02,2.731393E-01,3.056812E+03,4.672154E+03,5.018829E-01,3.056187E+04,5.018829E-01,0.000000E+00,0.000000E+00,5.018829E-01,8.296337E+03,7.950401E-01,8.718620E+03,2.332550E+04,1.908499E-02,3.643946E+02,0.000000E+00,0.000000E+00,0.000000E+00,0.000000E+00,0.000000E+00,7.913061E-02,8.904810E+02,1.031126E+03,5.086957E-01,3.097674E+04,5.086957E-01,0.000000E+00,0.000000E+00,5.086957E-01,8.408957E+03,5.086957E-01,5.494793E+03,1.889216E+04,2.207729E-02,8.253787E+02,9.661245E-03,0.000000E+00,0.000000E+00,9.661245E-03,1.597045E+02,5.308942E-02,5.930915E+02,9.097966E+02,1.042814E-01,6.350159E+03,1.042814E-01,0.000000E+00,0.000000E+00,1.042814E-01,1.723817E+03,3.617578E-01,4.022692E+03,7.336376E+03,1.694574E-01,1.031901E+04,1.694574E-01,0.000000E+00,0.000000E+00,1.694574E-01,2.801202E+03,1.518767E+00,1.701300E+04,2.249689E+04,1.303518E-01,7.937699E+03,1.303518E-01,0.000000E+00,0.000000E+00,1.303518E-01,2.154771E+03,1.303518E-01,1.408025E+03,4.841060E+03,1.185016E-01,7.216090E+03,1.185016E-01,0.000000E+00,0.000000E+00,1.185016E-01,1.958883E+03,3.567990E-01,3.961447E+03,7.700386E+03
22:45:00,4.458798E-02,2.715159E+03,4.458798E-02,0.000000E+00,0.000000E+00,4.458798E-02,7.454479E+02,4.848971E-01,5.428535E+03,6.812978E+03,3.715625E-02,2.262609E+03,3.715625E-02,0.000000E+00,0.000000E+00,3.715625E-02,6.212000E+02,2.534846E-01,2.828959E+03,3.908616E+03,5.361294E-02,2.576811E+03,3.715625E-02,0.000000E+00,0.000000E+00,3.715625E-02,6.212000E+02,2.252805E-01,2.511545E+03,3.584136E+03,2.287453E-01,5.920985E+03,3.715625E-02,0.000000E+00,0.000000E+00,3.715625E-02,6.212000E+02,2.675406E-01,2.986837E+03,4.577432E+03,5.018829E-01,3.056187E+04,5.018829E-01,0.000000E+00,0.000000E+00,5.018829E-01,8.390772E+03,7.913345E-01,8.582605E+03,2.290963E+04,1.909416E-02,3.645686E+02,0.000000E+00,0.000000E+00,0.000000E+00,0.000000E+00,0.000000E+00,7.867123E-02,8.853162E+02,1.025759E+03,5.086957E-01,3.097674E+04,5.086957E-01,0.000000E+00,0.000000E+00,5.086957E-01,8.504673E+03,5.086957E-01,5.399077E+03,1.852408E+04,2.208360E-02,8.254985E+02,9.661245E-03,0.000000E+00,0.000000E+00,9.661245E-03,1.615224E+02,5.267467E-02,5.866075E+02,8.979388E+02,1.042814E-01,6.350159E+03,1.042814E-01,0.000000E+00,0.000000E+00,1.042814E-01,1.743438E+03,3.612329E-01,3.997232E+03,7.254524E+03,1.694574E-01,1.031901E+04,1.694574E-01,0.000000E+00,0.000000E+00,1.694574E-01,2.833087E+03,1.508837E+00,1.686952E+04,2.226042E+04,1.303518E-01,7.937699E+03,1.303518E-01,0.000000E+00,0.000000E+00,1.303518E-01,2.179298E+03,1.303518E-01,1.383498E+03,4.746741E+03,1.185016E-01,7.216090E+03,1.185016E-01,0.000000E+00,0.000000E+00,1.185016E-01,1.981180E+03,3.551972E-01,3.921152E+03,7.594979E+03
23:00:00,4.458798E-02,2.715159E+03,4.458798E-02,0.000000E+00,0.000000E+00,4.458798E-02,7.538376E+02,4.723639E-01,5.279101E+03,6.634302E+03,3.715625E-02,2.262609E+03,3.715625E-02,0.000000E+00,0.000000E+00,3.715625E-02,6.281913E+02,2.527662E-01,2.813885E+03,3.872240E+03,5.360535E-02,2.576666E+03,3.715625E-02,0.000000E+00,0.000000E+00,3.715625E-02,6.281913E+02,2.243370E-01,2.493937E+03,3.545212E+03,2.287540E-01,5.921132E+03,3.715625E-02,0.000000E+00,0.000000E+00,3.715625E-02,6.281913E+02,2.621104E-01,2.918755E+03,4.478046E+03,5.018829E-01,3.056187E+04,5.018829E-01,0.000000E+00,0.000000E+00,5.018829E-01,8.485206E+03,7.876759E-01,8.447094E+03,2.248203E+04,1.911763E-02,3.650157E+02,0.000000E+00,0.000000E+00,0.000000E+00,0.000000E+00,0.000000E+00,7.821057E-02,8.801359E+02,1.019848E+03,5.086957E-01,3.097674E+04,5.086957E-01,0.000000E+00,0.000000E+00,5.086957E-01,8.600390E+03,5.086957E-01,5.303361E+03,1.814672E+04,2.209643E-02,8.257430E+02,9.661245E-03,0.000000E+00,0.000000E+00,9.661245E-03,1.633402E+02,5.226892E-02,5.802244E+02,8.856874E+02,1.042814E-01,6.350159E+03,1.042814E-01,0.000000E+00,0.000000E+00,1.042814E-01,1.763060E+03,3.606914E-01,3.971565E+03,7.169979E+03,1.694574E-01,1.031901E+04,1.694574E-01,0.000000E+00,0.000000E+00,1.694574E-01,2.864972E+03,1.498198E+00,1.671802E+04,2.200950E+04,1.303518E-01,7.937699E+03,1.303518E-01,0.000000E+00,0.000000E+00,1.303518E-01,2.203825E+03,1.303518E-01,1.358971E+03,4.650044E+03,1.185016E-01,7.216090E+03,1.185016E-01,0.000000E+00,0.000000E+00,1.185016E-01,2.003477E+03,3.535565E-01,3.880414E+03,7.485217E+03
23:15:00,4.458798E-02,2.715159E+03,4.458798E-02,0.000000E+00,0.000000E+00,4.458798E-02,7.622273E+02,4.591091E-01,5.121541E+03,6.447276E+03,3.715625E-02,2.262609E+03,3.715625E-02,0.000000E+00,0.000000E+00,3.715625E-02,6.351826E+02,2.520111E-01,2.798397E+03,3.835109E+03,5.359406E-02,2.576451E+03,3.715625E-02,0.000000E+00,0.000000E+00,3.715625E-02,6.351826E+02,2.233963E-01,2.476360E+03,3.506065E+03,2.287440E-01,5.920938E+03,3.715625E-02,0.000000E+00,0.000000E+00,3.715625E-02,6.351826E+02,2.568522E-01,2.852598E+03,4.379643E+03,5.018829E-01,3.056187E+04,5.018829E-01,0.000000E+00,0.000000E+00,5.018829E-01,8.579640E+03,7.842397E-01,8.314031E+03,2.206133E+04,1.915272E-02,3.656856E+02,0.000000E+00,0.000000E+00,0.000000E+00,0.000000E+00,0.000000E+00,7.775356E-02,8.749941E+02,1.013698E+03,5.086957E-01,3.097674E+04,5.086957E-01,0.000000E+00,0.000000E+00,5.086957E-01,8.696106E+03,5.086957E-01,5.207644E+03,1.777236E+04,2.211277E-02,8.260548E+02,9.661245E-03,0.000000E+00,0.000000E+00,9.661245E-03,1.651581E+02,5.187274E-02,5.739483E+02,8.733923E+02,1.042814E-01,6.350159E+03,1.042814E-01,0.000000E+00,0.000000E+00,1.042814E-01,1.782681E+03,3.601658E-01,3.946045E+03,7.086234E+03,1.694574E-01,1.031901E+04,1.694574E-01,0.000000E+00,0.000000E+00,1.694574E-01,2.896857E+03,1.486994E+00,1.656010E+04,2.175270E+04,1.303518E-01,7.937699E+03,1.303518E-01,0.000000E+00,0.000000E+00,1.303518E-01,2.228352E+03,1.303518E-01,1.334444E+03,4.554115E+03,1.185016E-01,7.216090E+03,1.185016E-01,0.000000E+00,0.000000E+00,1.185016E-01,2.025774E+03,3.519104E-01,3.839601E+03,7.375481E+03
23:30:00,4.458798E-02,2.715159E+03,4.458798E-02,0.000000E+00,0.000000E+00,4.458798E-02,7.706169E+02,4.452115E-01,4.956754E+03,6.252346E+03,3.715625E-02,2.262609E+03,3.715625E-02,0.000000E+00,0.000000E+00,3.715625E-02,6.421739E+02,2.512100E-01,2.782392E+03,3.797630E+03,5.358543E-02,2.576285E+03,3.715625E-02,0.000000E+00,0.000000E+00,3.715625E-02,6.421739E+02,2.224528E-01,2.458752E+03,3.467023E+03,2.287594E-01,5.921206E+03,3.715625E-02,0.000000E+00,0.000000E+00,3.715625E-02,6.421739E+02,2.517155E-01,2.787823E+03,4.280873E+03,5.018829E-01,3.056187E+04,5.018829E-01,0.000000E+00,0.000000E+00,5.018829E-01,8.674074E+03,7.807013E-01,8.179891E+03,2.164080E+04,1.920431E-02,3.666696E+02,0.000000E+00,0.000000E+00,0.000000E+00,0.000000E+00,0.000000E+00,7.728978E-02,8.697799E+02,1.007311E+03,5.086957E-01,3.097674E+04,5.086957E-01,0.000000E+00,0.000000E+00,5.086957E-01,8.791822E+03,5.086957E-01,5.111928E+03,1.740097E+04,2.213725E-02,8.265214E+02,9.661245E-03,0.000000E+00,0.000000E+00,9.661245E-03,1.669759E+02,5.148030E-02,5.677154E+02,8.610773E+02,1.042814E-01,6.350159E+03,1.042814E-01,0.000000E+00,0.000000E+00,1.042814E-01,1.802303E+03,3.595927E-01,3.920038E+03,7.002514E+03,1.694574E-01,1.031901E+04,1.694574E-01,0.000000E+00,0.000000E+00,1.694574E-01,2.928742E+03,1.475218E+00,1.639583E+04,2.149056E+04,1.303518E-01,7.937699E+03,1.303518E-01,0.000000E+00,0.000000E+00,1.303518E-01,2.252879E+03,1.303518E-01,1.309917E+03,4.458948E+03,1.185016E-01,7.216090E+03,1.185016E-01,0.000000E+00,0.000000E+00,1.185016E-01,2.048072E+03,3.501770E-01,3.797825E+03,7.264825E+03
23:45:00,4.458798E-02,2.715159E+03,4.458798E-02,0.000000E+00,0.000000E+00,4.458798E-02,7.790066E+02,4.307057E-01,4.785119E+03,6.050908E+03,3.715625E-02,2.262609E+03,3.715625E-02,0.000000E+00,0.000000E+00,3.715625E-02,6.491652E+02,2.503686E-01,2.765934E+03,3.759678E+03,5.357381E-02,2.576063E+03,3.715625E-02,0.000000E+00,0.000000E+00,3.715625E-02,6.491652E+02,2.215155E-01,2.441215E+03,3.428054E+03,2.287592E-01,5.921182E+03,3.715625E-02,0.000000E+00,0.000000E+00,3.715625E-02,6.491652E+02,2.467552E-01,2.725032E+03,4.183867E+03,5.018829E-01,3.056187E+04,5.018829E-01,0.000000E+00,0.000000E+00,5.018829E-01,8.768508E+03,7.773609E-01,8.047960E+03,2.122627E+04,1.926861E-02,3.678966E+02,0.000000E+00,0.000000E+00,0.000000E+00,0.000000E+00,0.000000E+00,7.682978E-02,8.646073E+02,1.000840E+03,5.086957E-01,3.097674E+04,5.086957E-01,0.000000E+00,0.000000E+00,5.086957E-01,8.887538E+03,5.086957E-01,5.016212E+03,1.703252E+04,2.216578E-02,8.270657E+02,9.661245E-03,0.000000E+00,0.000000E+00,9.661245E-03,1.687938E+02,5.109673E-02,5.615821E+02,8.487976E+02,1.042814E-01,6.350159E+03,1.042814E-01,0.000000E+00,0.000000E+00,1.042814E-01,1.821925E+03,3.590331E-01,3.894182E+03,6.919536E+03,1.694574E-01,1.031901E+04,1.694574E-01,0.000000E+00,0.000000E+00,1.694574E-01,2.960628E+03,1.462956E+00,1.622610E+04,2.122472E+04,1.303518E-01,7.937699E+03,1.303518E-01,0.000000E+00,0.000000E+00,1.303518E-01,2.277406E+03,1.303518E-01,1.285390E+03,4.364533E+03,1.185016E-01,7.216090E+03,1.185016E-01,0.000000E+00,0.000000E+00,1.185016E-01,2.070369E+03,3.484338E-01,3.755933E+03,7.154526E+03
24:00:00,4.458798E-02,2.715159E+03,4.458798E-02,0.000000E+00,0.000000E+00,4.458798E-02,7.873962E+02,4.156041E-01,4.606779E+03,5.842559E+03,3.715625E-02,2.262609E+03,3.715625E-02,0.000000E+00,0.000000E+00,3.715625E-02,6.561565E+02,2.494816E-01,2.748963E+03,3.721473E+03,5.356259E-02,2.575849E+03,3.715625E-02,0.000000E+00,0.000000E+00,3.715625E-02,6.561565E+02,2.205818E-01,2.423717E+03,3.389372E+03,2.287642E-01,5.921259E+03,3.715625E-02,0.000000E+00,0.000000E+00,3.715625E-02,6.561565E+02,2.419446E-01,2.663923E+03,4.088604E+03,5.018829E-01,3.056187E+04,5.018829E-01,0.000000E+00,0.000000E+00,5.018829E-01,8.862942E+03,7.740592E-01,7.916457E+03,2.081446E+04,1.934839E-02,3.694190E+02,0.000000E+00,0.000000E+00,0.000000E+00,0.000000E+00,0.000000E+00,7.636777E-02,8.594121E+02,9.943380E+02,5.086957E-01,3.097674E+04,5.086957E-01,0.000000E+00,0.000000E+00,5.086957E-01,8.983254E+03,5.086957E-01,4.920496E+03,1.666698E+04,2.220090E-02,8.277357E+02,9.661245E-03,0.000000E+00,0.000000E+00,9.661245E-03,1.706116E+02,5.071867E-02,5.555108E+02,8.366216E+02,1.042814E-01,6.350159E+03,1.042814E-01,0.000000E+00,0.000000E+00,1.042814E-01,1.841546E+03,3.584612E-01,3.868179E+03,6.836902E+03,1.694574E-01,1.031901E+04,1.694574E-01,0.000000E+00,0.000000E+00,1.694574E-01,2.992513E+03,1.450173E+00,1.605048E+04,2.095282E+04,1.303518E-01,7.937699E+03,1.303518E-01,0.000000E+00,0.000000E+00,1.303518E-01,2.301933E+03,1.303518E-01,1.260863E+03,4.270864E+03,1.185016E-01,7.216090E+03,1.185016E-01,0.000000E+00,0.000000E+00,1.185016E-01,2.092666E+03,3.466490E-01,3.713572E+03,7.044223E+03
Coinc Peak   ,4.458798E-02,5.688811E-01,2.715159E+03,6.524695E+03,3.715625E-02,2.796358E-01,2.262609E+03,3.375936E+03,5.363711E-02,2.543506E-01,2.577275E+03,3.065432E+03,2.288242E-01,3.773591E-01,5.922432E+03,4.449386E+03,5.018829E-01,9.493416E-01,3.056187E+04,1.424212E+04,2.142019E-02,8.719849E-02,4.089798E+02,9.811702E+02,5.086957E-01,5.086957E-01,3.097674E+04,9.405478E+03,2.309061E-02,6.230124E-02,8.447254E+02,7.647664E+02,1.042814E-01,3.707251E-01,6.350159E+03,4.529952E+03,1.694574E-01,1.571745E+00,1.031901E+04,1.810121E+04,1.303518E-01,1.447975E-01,7.937699E+03,1.871831E+03,1.185016E-01,3.848369E-01,7.216090E+03,4.786650E+03
NonCoinc Peak,4.458798E-02,5.688811E-01,2.715159E+03,6.524695E+03,3.715625E-02,2.796358E-01,2.262609E+03,3.375936E+03,5.363711E-02,2.543506E-01,2.577275E+03,3.065432E+03,2.288242E-01,3.773591E-01,5.922432E+03,4.449386E+03,5.018829E-01,9.493416E-01,3.056187E+04,1.424212E+04,2.142019E-02,8.719849E-02,4.089798E+02,9.811702E+02,5.086957E-01,5.086957E-01,3.097674E+04,9.405478E+03,2.309061E-02,6.230124E-02,8.447254E+02,7.647664E+02,1.042814E-01,3.707251E-01,6.350159E+03,4.529952E+03,1.694574E-01,1.571745E+00,1.031901E+04,1.810121E+04,1.303518E-01,1.447975E-01,7.937699E+03,1.871831E+03,1.185016E-01,3.848369E-01,7.216090E+03,4.786650E+03
