{"start":{"raw":"0 32  130      JSON 1.0 9 0     {\"data\": {\"x0\": 0.3224085133644463, \"x1\": 0.01922100194573617, \"clock\": \"2013-05-07 15:53:29.998553\"}, \"method\": \"start\", \"id\": 4}"}}