{"start":{"raw":"1 32  130      JSON 1.0 9 200   {\"data\": {\"y0\": 0.3224085133644463, \"y1\": 0.01922100194573617, \"clock\": \"2013-05-07 15:53:29.998553\"}, \"result\": \"start\", \"id\": 4}"}}