2001-08-01 12:00:00 PDT, -1200.88856-2080.00000j
2001-08-01 12:00:02.3150 PDT, -1200.88856-2080.00000j
2001-08-01 12:00:02.3152 PDT, -1200.57664-2079.45974j
2001-08-01 12:00:02.3154 PDT, -1200.26472-2078.91948j
2001-08-01 12:00:02.3156 PDT, -1199.95280-2078.37922j
2001-08-01 12:00:02.3158 PDT, -1199.64088-2077.83896j
2001-08-01 12:00:02.3160 PDT, -1199.32896-2077.29870j
2001-08-01 12:00:02.3162 PDT, -1199.01705-2076.75844j
2001-08-01 12:00:02.3164 PDT, -1198.70513-2076.21818j
2001-08-01 12:00:02.3166 PDT, -1198.39321-2075.67792j
2001-08-01 12:00:02.3168 PDT, -1198.08129-2075.13766j
2001-08-01 12:00:02.3170 PDT, -1197.76937-2074.59740j
2001-08-01 12:00:02.3172 PDT, -1197.45745-2074.05714j
2001-08-01 12:00:02.3174 PDT, -1197.14553-2073.51688j
2001-08-01 12:00:02.3176 PDT, -1196.83361-2072.97662j
2001-08-01 12:00:02.3178 PDT, -1196.52169-2072.43636j
2001-08-01 12:00:02.3180 PDT, -1196.20977-2071.89610j
2001-08-01 12:00:02.3182 PDT, -1195.89785-2071.35584j
2001-08-01 12:00:02.3184 PDT, -1195.58594-2070.81558j
2001-08-01 12:00:02.3186 PDT, -1195.27402-2070.27532j
2001-08-01 12:00:02.3188 PDT, -1194.96210-2069.73506j
2001-08-01 12:00:02.3190 PDT, -1194.65018-2069.19481j
2001-08-01 12:00:02.3192 PDT, -1194.33826-2068.65455j
2001-08-01 12:00:02.3194 PDT, -1194.02634-2068.11429j
2001-08-01 12:00:02.3196 PDT, -1193.71442-2067.57403j
2001-08-01 12:00:02.3198 PDT, -1193.40250-2067.03377j
2001-08-01 12:00:02.3200 PDT, -1193.09058-2066.49351j
2001-08-01 12:00:02.3202 PDT, -1192.77866-2065.95325j
2001-08-01 12:00:02.3204 PDT, -1192.46674-2065.41299j
2001-08-01 12:00:02.3206 PDT, -1192.15482-2064.87273j
2001-08-01 12:00:02.3208 PDT, -1191.84291-2064.33247j
2001-08-01 12:00:02.3210 PDT, -1191.53099-2063.79221j
2001-08-01 12:00:02.3212 PDT, -1191.21907-2063.25195j
2001-08-01 12:00:02.3214 PDT, -1190.90715-2062.71169j
2001-08-01 12:00:02.3216 PDT, -1190.59523-2062.17143j
2001-08-01 12:00:02.3218 PDT, -1190.28331-2061.63117j
2001-08-01 12:00:02.3220 PDT, -1189.97139-2061.09091j
2001-08-01 12:00:02.3222 PDT, -1189.65947-2060.55065j
2001-08-01 12:00:02.3224 PDT, -1189.34755-2060.01039j
2001-08-01 12:00:02.3226 PDT, -1189.03563-2059.47013j
2001-08-01 12:00:02.3228 PDT, -1188.72371-2058.92987j
2001-08-01 12:00:02.3230 PDT, -1188.41180-2058.38961j
2001-08-01 12:00:02.3232 PDT, -1188.09988-2057.84935j
2001-08-01 12:00:02.3234 PDT, -1187.78796-2057.30909j
2001-08-01 12:00:02.3236 PDT, -1187.47604-2056.76883j
2001-08-01 12:00:02.3238 PDT, -1187.16412-2056.22857j
2001-08-01 12:00:02.3240 PDT, -1186.85220-2055.68831j
2001-08-01 12:00:02.3242 PDT, -1186.54028-2055.14805j
2001-08-01 12:00:02.3244 PDT, -1186.22836-2054.60779j
2001-08-01 12:00:02.3246 PDT, -1185.91644-2054.06753j
2001-08-01 12:00:02.3248 PDT, -1185.60452-2053.52727j
2001-08-01 12:00:02.3250 PDT, -1185.29260-2052.98701j
2001-08-01 12:00:02.3252 PDT, -1184.98069-2052.44675j
2001-08-01 12:00:02.3254 PDT, -1184.66877-2051.90649j
2001-08-01 12:00:02.3256 PDT, -1184.35685-2051.36623j
2001-08-01 12:00:02.3258 PDT, -1184.04493-2050.82597j
2001-08-01 12:00:02.3260 PDT, -1183.73301-2050.28571j
2001-08-01 12:00:02.3262 PDT, -1183.42109-2049.74545j
2001-08-01 12:00:02.3264 PDT, -1183.10917-2049.20519j
2001-08-01 12:00:02.3266 PDT, -1182.79725-2048.66494j
2001-08-01 12:00:02.3268 PDT, -1182.48533-2048.12468j
2001-08-01 12:00:02.3270 PDT, -1182.17341-2047.58442j
2001-08-01 12:00:02.3272 PDT, -1181.86149-2047.04416j
2001-08-01 12:00:02.3274 PDT, -1181.54958-2046.50390j
2001-08-01 12:00:02.3276 PDT, -1181.23766-2045.96364j
2001-08-01 12:00:02.3278 PDT, -1180.92574-2045.42338j
2001-08-01 12:00:02.3280 PDT, -1180.61382-2044.88312j
2001-08-01 12:00:02.3282 PDT, -1180.30190-2044.34286j
2001-08-01 12:00:02.3284 PDT, -1179.98998-2043.80260j
2001-08-01 12:00:02.3286 PDT, -1179.67806-2043.26234j
2001-08-01 12:00:02.3288 PDT, -1179.36614-2042.72208j
2001-08-01 12:00:02.3290 PDT, -1179.05422-2042.18182j
2001-08-01 12:00:02.3292 PDT, -1178.74230-2041.64156j
2001-08-01 12:00:02.3294 PDT, -1178.43038-2041.10130j
2001-08-01 12:00:02.3296 PDT, -1178.11847-2040.56104j
2001-08-01 12:00:02.3298 PDT, -1177.80655-2040.02078j
2001-08-01 12:00:02.3300 PDT, -1177.49463-2039.48052j
2001-08-01 12:00:02.3302 PDT, -1177.18271-2038.94026j
2001-08-01 12:00:02.3304 PDT, -1176.87079-2038.40000j
2001-08-01 12:00:02.3306 PDT, -1176.55887-2037.85974j
2001-08-01 12:00:02.3308 PDT, -1176.24695-2037.31948j
2001-08-01 12:00:02.3310 PDT, -1175.93503-2036.77922j
2001-08-01 12:00:02.3312 PDT, -1175.62311-2036.23896j
2001-08-01 12:00:02.3314 PDT, -1175.31119-2035.69870j
2001-08-01 12:00:02.3316 PDT, -1174.99927-2035.15844j
2001-08-01 12:00:02.3318 PDT, -1174.68735-2034.61818j
2001-08-01 12:00:02.3320 PDT, -1174.37544-2034.07792j
2001-08-01 12:00:02.3322 PDT, -1174.06352-2033.53766j
2001-08-01 12:00:02.3324 PDT, -1173.75160-2032.99740j
2001-08-01 12:00:02.3326 PDT, -1173.43968-2032.45714j
2001-08-01 12:00:02.3328 PDT, -1173.12776-2031.91688j
2001-08-01 12:00:02.3330 PDT, -1172.81584-2031.37662j
2001-08-01 12:00:02.3332 PDT, -1172.50392-2030.83636j
2001-08-01 12:00:02.3334 PDT, -1172.19200-2030.29610j
2001-08-01 12:00:02.3336 PDT, -1171.88008-2029.75584j
2001-08-01 12:00:02.3338 PDT, -1171.56816-2029.21558j
2001-08-01 12:00:02.3340 PDT, -1171.25624-2028.67532j
2001-08-01 12:00:02.3342 PDT, -1170.94433-2028.13506j
2001-08-01 12:00:02.3344 PDT, -1170.63241-2027.59481j
2001-08-01 12:00:02.3346 PDT, -1170.32049-2027.05455j
2001-08-01 12:00:02.3348 PDT, -1170.00857-2026.51429j
2001-08-01 12:00:02.3350 PDT, -1169.69665-2025.97403j
2001-08-01 12:00:02.3352 PDT, -1169.38473-2025.43377j
2001-08-01 12:00:02.3354 PDT, -1169.07281-2024.89351j
2001-08-01 12:00:02.3356 PDT, -1168.76089-2024.35325j
2001-08-01 12:00:02.3358 PDT, -1168.44897-2023.81299j
2001-08-01 12:00:02.3360 PDT, -1168.13705-2023.27273j
2001-08-01 12:00:02.3362 PDT, -1167.82513-2022.73247j
2001-08-01 12:00:02.3364 PDT, -1167.51322-2022.19221j
2001-08-01 12:00:02.3366 PDT, -1167.20130-2021.65195j
2001-08-01 12:00:02.3368 PDT, -1166.88938-2021.11169j
2001-08-01 12:00:02.3370 PDT, -1166.57746-2020.57143j
2001-08-01 12:00:02.3372 PDT, -1166.26554-2020.03117j
2001-08-01 12:00:02.3374 PDT, -1165.95362-2019.49091j
2001-08-01 12:00:02.3376 PDT, -1165.64170-2018.95065j
2001-08-01 12:00:02.3378 PDT, -1165.32978-2018.41039j
2001-08-01 12:00:02.3380 PDT, -1165.01786-2017.87013j
2001-08-01 12:00:02.3382 PDT, -1164.70594-2017.32987j
2001-08-01 12:00:02.3384 PDT, -1164.39402-2016.78961j
2001-08-01 12:00:02.3386 PDT, -1164.08211-2016.24935j
2001-08-01 12:00:02.3388 PDT, -1163.77019-2015.70909j
2001-08-01 12:00:02.3390 PDT, -1163.45827-2015.16883j
2001-08-01 12:00:02.3392 PDT, -1163.14635-2014.62857j
2001-08-01 12:00:02.3394 PDT, -1162.83443-2014.08831j
2001-08-01 12:00:02.3396 PDT, -1162.52251-2013.54805j
2001-08-01 12:00:02.3398 PDT, -1162.21059-2013.00779j
2001-08-01 12:00:02.3400 PDT, -1161.89867-2012.46753j
2001-08-01 12:00:02.3402 PDT, -1161.58675-2011.92727j
2001-08-01 12:00:02.3404 PDT, -1161.27483-2011.38701j
2001-08-01 12:00:02.3406 PDT, -1160.96291-2010.84675j
2001-08-01 12:00:02.3408 PDT, -1160.65100-2010.30649j
2001-08-01 12:00:02.3410 PDT, -1160.33908-2009.76623j
2001-08-01 12:00:02.3412 PDT, -1160.02716-2009.22597j
2001-08-01 12:00:02.3414 PDT, -1159.71524-2008.68571j
2001-08-01 12:00:02.3416 PDT, -1159.40332-2008.14545j
2001-08-01 12:00:02.3418 PDT, -1159.09140-2007.60519j
2001-08-01 12:00:02.3420 PDT, -1158.77948-2007.06494j
2001-08-01 12:00:02.3422 PDT, -1158.46756-2006.52468j
2001-08-01 12:00:02.3424 PDT, -1158.15564-2005.98442j
2001-08-01 12:00:02.3426 PDT, -1157.84372-2005.44416j
2001-08-01 12:00:02.3428 PDT, -1157.53180-2004.90390j
2001-08-01 12:00:02.3430 PDT, -1157.21989-2004.36364j
2001-08-01 12:00:02.3432 PDT, -1156.90797-2003.82338j
2001-08-01 12:00:02.3434 PDT, -1156.59605-2003.28312j
2001-08-01 12:00:02.3436 PDT, -1156.28413-2002.74286j
2001-08-01 12:00:02.3438 PDT, -1155.97221-2002.20260j
2001-08-01 12:00:02.3440 PDT, -1155.66029-2001.66234j
2001-08-01 12:00:02.3442 PDT, -1155.34837-2001.12208j
2001-08-01 12:00:02.3444 PDT, -1155.03645-2000.58182j
2001-08-01 12:00:02.3446 PDT, -1154.72453-2000.04156j
2001-08-01 12:00:02.3448 PDT, -1154.41261-1999.50130j
2001-08-01 12:00:02.3450 PDT, -1154.10069-1998.96104j
2001-08-01 12:00:02.3452 PDT, -1153.78877-1998.42078j
2001-08-01 12:00:02.3454 PDT, -1153.47686-1997.88052j
2001-08-01 12:00:02.3456 PDT, -1153.16494-1997.34026j
2001-08-01 12:00:02.3458 PDT, -1152.85302-1996.80000j
2001-08-01 12:00:02.3460 PDT, -1152.54110-1996.25974j
2001-08-01 12:00:02.3462 PDT, -1152.22918-1995.71948j
2001-08-01 12:00:02.3464 PDT, -1151.91726-1995.17922j
2001-08-01 12:00:02.3466 PDT, -1151.60534-1994.63896j
2001-08-01 12:00:02.3468 PDT, -1151.29342-1994.09870j
2001-08-01 12:00:02.3470 PDT, -1150.98150-1993.55844j
2001-08-01 12:00:02.3472 PDT, -1150.66958-1993.01818j
2001-08-01 12:00:02.3474 PDT, -1150.35766-1992.47792j
2001-08-01 12:00:02.3476 PDT, -1150.04575-1991.93766j
2001-08-01 12:00:02.3478 PDT, -1149.73383-1991.39740j
2001-08-01 12:00:02.3480 PDT, -1149.42191-1990.85714j
2001-08-01 12:00:02.3482 PDT, -1149.10999-1990.31688j
2001-08-01 12:00:02.3484 PDT, -1148.79807-1989.77662j
2001-08-01 12:00:02.3486 PDT, -1148.48615-1989.23636j
2001-08-01 12:00:02.3488 PDT, -1148.17423-1988.69610j
2001-08-01 12:00:02.3490 PDT, -1147.86231-1988.15584j
2001-08-01 12:00:02.3492 PDT, -1147.55039-1987.61558j
2001-08-01 12:00:02.3494 PDT, -1147.23847-1987.07532j
2001-08-01 12:00:02.3496 PDT, -1146.92655-1986.53506j
2001-08-01 12:00:02.3498 PDT, -1146.61464-1985.99481j
2001-08-01 12:00:02.3500 PDT, -1146.30272-1985.45455j
2001-08-01 12:00:02.3502 PDT, -1145.99080-1984.91429j
2001-08-01 12:00:02.3504 PDT, -1145.67888-1984.37403j
2001-08-01 12:00:02.3506 PDT, -1145.36696-1983.83377j
2001-08-01 12:00:02.3508 PDT, -1145.05504-1983.29351j
2001-08-01 12:00:02.3510 PDT, -1144.74312-1982.75325j
2001-08-01 12:00:02.3512 PDT, -1144.43120-1982.21299j
2001-08-01 12:00:02.3514 PDT, -1144.11928-1981.67273j
2001-08-01 12:00:02.3516 PDT, -1143.80736-1981.13247j
2001-08-01 12:00:02.3518 PDT, -1143.49544-1980.59221j
2001-08-01 12:00:02.3520 PDT, -1143.18353-1980.05195j
2001-08-01 12:00:02.3522 PDT, -1142.87161-1979.51169j
2001-08-01 12:00:02.3524 PDT, -1142.55969-1978.97143j
2001-08-01 12:00:02.3526 PDT, -1142.24777-1978.43117j
2001-08-01 12:00:02.3528 PDT, -1141.93585-1977.89091j
2001-08-01 12:00:02.3530 PDT, -1141.62393-1977.35065j
2001-08-01 12:00:02.3532 PDT, -1141.31201-1976.81039j
2001-08-01 12:00:02.3534 PDT, -1141.00009-1976.27013j
2001-08-01 12:00:02.3536 PDT, -1140.68817-1975.72987j
2001-08-01 12:00:02.3538 PDT, -1140.37625-1975.18961j
2001-08-01 12:00:02.3540 PDT, -1140.06433-1974.64935j
2001-08-01 12:00:02.3542 PDT, -1139.75242-1974.10909j
2001-08-01 12:00:02.3544 PDT, -1139.44050-1973.56883j
2001-08-01 12:00:02.3546 PDT, -1139.12858-1973.02857j
2001-08-01 12:00:02.3548 PDT, -1138.81666-1972.48831j
2001-08-01 12:00:02.3550 PDT, -1138.50474-1971.94805j
2001-08-01 12:00:02.3552 PDT, -1138.19282-1971.40779j
2001-08-01 12:00:02.3554 PDT, -1137.88090-1970.86753j
2001-08-01 12:00:02.3556 PDT, -1137.56898-1970.32727j
2001-08-01 12:00:02.3558 PDT, -1137.25706-1969.78701j
2001-08-01 12:00:02.3560 PDT, -1136.94514-1969.24675j
2001-08-01 12:00:02.3562 PDT, -1136.63322-1968.70649j
2001-08-01 12:00:02.3564 PDT, -1136.32130-1968.16623j
2001-08-01 12:00:02.3566 PDT, -1136.00939-1967.62597j
2001-08-01 12:00:02.3568 PDT, -1135.69747-1967.08571j
2001-08-01 12:00:02.3570 PDT, -1135.38555-1966.54545j
2001-08-01 12:00:02.3572 PDT, -1135.07363-1966.00519j
2001-08-01 12:00:02.3574 PDT, -1134.76171-1965.46494j
2001-08-01 12:00:02.3576 PDT, -1134.44979-1964.92468j
2001-08-01 12:00:02.3578 PDT, -1134.13787-1964.38442j
2001-08-01 12:00:02.3580 PDT, -1133.82595-1963.84416j
2001-08-01 12:00:02.3582 PDT, -1133.51403-1963.30390j
2001-08-01 12:00:02.3584 PDT, -1133.20211-1962.76364j
2001-08-01 12:00:02.3586 PDT, -1132.89019-1962.22338j
2001-08-01 12:00:02.3588 PDT, -1132.57828-1961.68312j
2001-08-01 12:00:02.3590 PDT, -1132.26636-1961.14286j
2001-08-01 12:00:02.3592 PDT, -1131.95444-1960.60260j
2001-08-01 12:00:02.3594 PDT, -1131.64252-1960.06234j
2001-08-01 12:00:02.3596 PDT, -1131.33060-1959.52208j
2001-08-01 12:00:02.3598 PDT, -1131.01868-1958.98182j
2001-08-01 12:00:02.3600 PDT, -1130.70676-1958.44156j
2001-08-01 12:00:02.3602 PDT, -1130.39484-1957.90130j
2001-08-01 12:00:02.3604 PDT, -1130.08292-1957.36104j
2001-08-01 12:00:02.3606 PDT, -1129.77100-1956.82078j
2001-08-01 12:00:02.3608 PDT, -1129.45908-1956.28052j
2001-08-01 12:00:02.3610 PDT, -1129.14717-1955.74026j
2001-08-01 12:00:02.3612 PDT, -1128.83525-1955.20000j
2001-08-01 12:00:02.3614 PDT, -1128.52333-1954.65974j
2001-08-01 12:00:02.3616 PDT, -1128.21141-1954.11948j
2001-08-01 12:00:02.3618 PDT, -1127.89949-1953.57922j
2001-08-01 12:00:02.3620 PDT, -1127.58757-1953.03896j
2001-08-01 12:00:02.3622 PDT, -1127.27565-1952.49870j
2001-08-01 12:00:02.3624 PDT, -1126.96373-1951.95844j
2001-08-01 12:00:02.3626 PDT, -1126.65181-1951.41818j
2001-08-01 12:00:02.3628 PDT, -1126.33989-1950.87792j
2001-08-01 12:00:02.3630 PDT, -1126.02797-1950.33766j
2001-08-01 12:00:02.3632 PDT, -1125.71606-1949.79740j
2001-08-01 12:00:02.3634 PDT, -1125.40414-1949.25714j
2001-08-01 12:00:02.3636 PDT, -1125.09222-1948.71688j
2001-08-01 12:00:02.3638 PDT, -1124.78030-1948.17662j
2001-08-01 12:00:02.3640 PDT, -1124.46838-1947.63636j
2001-08-01 12:00:02.3642 PDT, -1124.15646-1947.09610j
2001-08-01 12:00:02.3644 PDT, -1123.84454-1946.55584j
2001-08-01 12:00:02.3646 PDT, -1123.53262-1946.01558j
2001-08-01 12:00:02.3648 PDT, -1123.22070-1945.47532j
2001-08-01 12:00:02.3650 PDT, -1122.90878-1944.93506j
2001-08-01 12:00:02.3652 PDT, -1122.59686-1944.39481j
2001-08-01 12:00:02.3654 PDT, -1122.28495-1943.85455j
2001-08-01 12:00:02.3656 PDT, -1121.97303-1943.31429j
2001-08-01 12:00:02.3658 PDT, -1121.66111-1942.77403j
2001-08-01 12:00:02.3660 PDT, -1121.34919-1942.23377j
2001-08-01 12:00:02.3662 PDT, -1121.03727-1941.69351j
2001-08-01 12:00:02.3664 PDT, -1120.72535-1941.15325j
2001-08-01 12:00:02.3666 PDT, -1120.41343-1940.61299j
2001-08-01 12:00:02.3668 PDT, -1120.10151-1940.07273j
2001-08-01 12:00:02.3670 PDT, -1119.78959-1939.53247j
2001-08-01 12:00:02.3672 PDT, -1119.47767-1938.99221j
2001-08-01 12:00:02.3674 PDT, -1119.16575-1938.45195j
2001-08-01 12:00:02.3676 PDT, -1118.85383-1937.91169j
2001-08-01 12:00:02.3678 PDT, -1118.54192-1937.37143j
2001-08-01 12:00:02.3680 PDT, -1118.23000-1936.83117j
2001-08-01 12:00:02.3682 PDT, -1117.91808-1936.29091j
2001-08-01 12:00:02.3684 PDT, -1117.60616-1935.75065j
2001-08-01 12:00:02.3686 PDT, -1117.29424-1935.21039j
2001-08-01 12:00:02.3688 PDT, -1116.98232-1934.67013j
2001-08-01 12:00:02.3690 PDT, -1116.67040-1934.12987j
2001-08-01 12:00:02.3692 PDT, -1116.35848-1933.58961j
2001-08-01 12:00:02.3694 PDT, -1116.04656-1933.04935j
2001-08-01 12:00:02.3696 PDT, -1115.73464-1932.50909j
2001-08-01 12:00:02.3698 PDT, -1115.42272-1931.96883j
2001-08-01 12:00:02.3700 PDT, -1115.11081-1931.42857j
2001-08-01 12:00:02.3702 PDT, -1114.79889-1930.88831j
2001-08-01 12:00:02.3704 PDT, -1114.48697-1930.34805j
2001-08-01 12:00:02.3706 PDT, -1114.17505-1929.80779j
2001-08-01 12:00:02.3708 PDT, -1113.86313-1929.26753j
2001-08-01 12:00:02.3710 PDT, -1113.55121-1928.72727j
2001-08-01 12:00:02.3712 PDT, -1113.23929-1928.18701j
2001-08-01 12:00:02.3714 PDT, -1112.92737-1927.64675j
2001-08-01 12:00:02.3716 PDT, -1112.61545-1927.10649j
2001-08-01 12:00:02.3718 PDT, -1112.30353-1926.56623j
2001-08-01 12:00:02.3720 PDT, -1111.99161-1926.02597j
2001-08-01 12:00:02.3722 PDT, -1111.67970-1925.48571j
2001-08-01 12:00:02.3724 PDT, -1111.36778-1924.94545j
2001-08-01 12:00:02.3726 PDT, -1111.05586-1924.40519j
2001-08-01 12:00:02.3728 PDT, -1110.74394-1923.86494j
2001-08-01 12:00:02.3730 PDT, -1110.43202-1923.32468j
2001-08-01 12:00:02.3732 PDT, -1110.12010-1922.78442j
2001-08-01 12:00:02.3734 PDT, -1109.80818-1922.24416j
2001-08-01 12:00:02.3736 PDT, -1109.49626-1921.70390j
2001-08-01 12:00:02.3738 PDT, -1109.18434-1921.16364j
2001-08-01 12:00:02.3740 PDT, -1108.87242-1920.62338j
2001-08-01 12:00:02.3742 PDT, -1108.56050-1920.08312j
2001-08-01 12:00:02.3744 PDT, -1108.24859-1919.54286j
2001-08-01 12:00:02.3746 PDT, -1107.93667-1919.00260j
2001-08-01 12:00:02.3748 PDT, -1107.62475-1918.46234j
2001-08-01 12:00:02.3750 PDT, -1107.31283-1917.92208j
2001-08-01 12:00:02.3752 PDT, -1107.00091-1917.38182j
2001-08-01 12:00:02.3754 PDT, -1106.68899-1916.84156j
2001-08-01 12:00:02.3756 PDT, -1106.37707-1916.30130j
2001-08-01 12:00:02.3758 PDT, -1106.06515-1915.76104j
2001-08-01 12:00:02.3760 PDT, -1105.75323-1915.22078j
2001-08-01 12:00:02.3762 PDT, -1105.44131-1914.68052j
2001-08-01 12:00:02.3764 PDT, -1105.12939-1914.14026j
2001-08-01 12:00:02.3766 PDT, -1104.81748-1913.60000j
2001-08-01 12:00:02.3768 PDT, -1104.50556-1913.05974j
2001-08-01 12:00:02.3770 PDT, -1104.19364-1912.51948j
2001-08-01 12:00:02.3772 PDT, -1103.88172-1911.97922j
2001-08-01 12:00:02.3774 PDT, -1103.56980-1911.43896j
2001-08-01 12:00:02.3776 PDT, -1103.25788-1910.89870j
2001-08-01 12:00:02.3778 PDT, -1102.94596-1910.35844j
2001-08-01 12:00:02.3780 PDT, -1102.63404-1909.81818j
2001-08-01 12:00:02.3782 PDT, -1102.32212-1909.27792j
2001-08-01 12:00:02.3784 PDT, -1102.01020-1908.73766j
2001-08-01 12:00:02.3786 PDT, -1101.69828-1908.19740j
2001-08-01 12:00:02.3788 PDT, -1101.38636-1907.65714j
2001-08-01 12:00:02.3790 PDT, -1101.07445-1907.11688j
2001-08-01 12:00:02.3792 PDT, -1100.76253-1906.57662j
2001-08-01 12:00:02.3794 PDT, -1100.45061-1906.03636j
2001-08-01 12:00:02.3796 PDT, -1100.13869-1905.49610j
2001-08-01 12:00:02.3798 PDT, -1099.82677-1904.95584j
2001-08-01 12:00:02.3800 PDT, -1099.51485-1904.41558j
2001-08-01 12:00:02.3802 PDT, -1099.20293-1903.87532j
2001-08-01 12:00:02.3804 PDT, -1098.89101-1903.33506j
2001-08-01 12:00:02.3806 PDT, -1098.57909-1902.79481j
2001-08-01 12:00:02.3808 PDT, -1098.26717-1902.25455j
2001-08-01 12:00:02.3810 PDT, -1097.95525-1901.71429j
2001-08-01 12:00:02.3812 PDT, -1097.64334-1901.17403j
2001-08-01 12:00:02.3814 PDT, -1097.33142-1900.63377j
2001-08-01 12:00:02.3816 PDT, -1097.01950-1900.09351j
2001-08-01 12:00:02.3818 PDT, -1096.70758-1899.55325j
2001-08-01 12:00:02.3820 PDT, -1096.39566-1899.01299j
2001-08-01 12:00:02.3822 PDT, -1096.08374-1898.47273j
2001-08-01 12:00:02.3824 PDT, -1095.77182-1897.93247j
2001-08-01 12:00:02.3826 PDT, -1095.45990-1897.39221j
2001-08-01 12:00:02.3828 PDT, -1095.14798-1896.85195j
2001-08-01 12:00:02.3830 PDT, -1094.83606-1896.31169j
2001-08-01 12:00:02.3832 PDT, -1094.52414-1895.77143j
2001-08-01 12:00:02.3834 PDT, -1094.21223-1895.23117j
2001-08-01 12:00:02.3836 PDT, -1093.90031-1894.69091j
2001-08-01 12:00:02.3838 PDT, -1093.58839-1894.15065j
2001-08-01 12:00:02.3840 PDT, -1093.27647-1893.61039j
2001-08-01 12:00:02.3842 PDT, -1092.96455-1893.07013j
2001-08-01 12:00:02.3844 PDT, -1092.65263-1892.52987j
2001-08-01 12:00:02.3846 PDT, -1092.34071-1891.98961j
2001-08-01 12:00:02.3848 PDT, -1092.02879-1891.44935j
2001-08-01 12:00:02.3850 PDT, -1091.71687-1890.90909j
2001-08-01 12:00:02.3852 PDT, -1091.40495-1890.36883j
2001-08-01 12:00:02.3854 PDT, -1091.09303-1889.82857j
2001-08-01 12:00:02.3856 PDT, -1090.78112-1889.28831j
2001-08-01 12:00:02.3858 PDT, -1090.46920-1888.74805j
2001-08-01 12:00:02.3860 PDT, -1090.15728-1888.20779j
2001-08-01 12:00:02.3862 PDT, -1089.84536-1887.66753j
2001-08-01 12:00:02.3864 PDT, -1089.53344-1887.12727j
2001-08-01 12:00:02.3866 PDT, -1089.22152-1886.58701j
2001-08-01 12:00:02.3868 PDT, -1088.90960-1886.04675j
2001-08-01 12:00:02.3870 PDT, -1088.59768-1885.50649j
2001-08-01 12:00:02.3872 PDT, -1088.28576-1884.96623j
2001-08-01 12:00:02.3874 PDT, -1087.97384-1884.42597j
2001-08-01 12:00:02.3876 PDT, -1087.66192-1883.88571j
2001-08-01 12:00:02.3878 PDT, -1087.35001-1883.34545j
2001-08-01 12:00:02.3880 PDT, -1087.03809-1882.80519j
2001-08-01 12:00:02.3882 PDT, -1086.72617-1882.26494j
2001-08-01 12:00:02.3884 PDT, -1086.41425-1881.72468j
2001-08-01 12:00:02.3886 PDT, -1086.10233-1881.18442j
2001-08-01 12:00:02.3888 PDT, -1085.79041-1880.64416j
2001-08-01 12:00:02.3890 PDT, -1085.47849-1880.10390j
2001-08-01 12:00:02.3892 PDT, -1085.16657-1879.56364j
2001-08-01 12:00:02.3894 PDT, -1084.85465-1879.02338j
2001-08-01 12:00:02.3896 PDT, -1084.54273-1878.48312j
2001-08-01 12:00:02.3898 PDT, -1084.23081-1877.94286j
2001-08-01 12:00:02.3900 PDT, -1083.91889-1877.40260j
2001-08-01 12:00:02.3902 PDT, -1083.60698-1876.86234j
2001-08-01 12:00:02.3904 PDT, -1083.29506-1876.32208j
2001-08-01 12:00:02.3906 PDT, -1082.98314-1875.78182j
2001-08-01 12:00:02.3908 PDT, -1082.67122-1875.24156j
2001-08-01 12:00:02.3910 PDT, -1082.35930-1874.70130j
2001-08-01 12:00:02.3912 PDT, -1082.04738-1874.16104j
2001-08-01 12:00:02.3914 PDT, -1081.73546-1873.62078j
2001-08-01 12:00:02.3916 PDT, -1081.42354-1873.08052j
2001-08-01 12:00:02.3918 PDT, -1081.11162-1872.54026j
2001-08-01 12:00:02.3920 PDT, -1080.79970-1872.00000j
2001-08-01 12:00:02.3922 PDT, -1080.48778-1871.45974j
2001-08-01 12:00:02.3924 PDT, -1080.17587-1870.91948j
2001-08-01 12:00:02.3926 PDT, -1079.86395-1870.37922j
2001-08-01 12:00:02.3928 PDT, -1079.55203-1869.83896j
2001-08-01 12:00:02.3930 PDT, -1079.24011-1869.29870j
2001-08-01 12:00:02.3932 PDT, -1078.92819-1868.75844j
2001-08-01 12:00:02.3934 PDT, -1078.61627-1868.21818j
2001-08-01 12:00:02.3936 PDT, -1078.30435-1867.67792j
2001-08-01 12:00:02.3938 PDT, -1077.99243-1867.13766j
2001-08-01 12:00:02.3940 PDT, -1077.68051-1866.59740j
2001-08-01 12:00:02.3942 PDT, -1077.36859-1866.05714j
2001-08-01 12:00:02.3944 PDT, -1077.05667-1865.51688j
2001-08-01 12:00:02.3946 PDT, -1076.74476-1864.97662j
2001-08-01 12:00:02.3948 PDT, -1076.43284-1864.43636j
2001-08-01 12:00:02.3950 PDT, -1076.12092-1863.89610j
2001-08-01 12:00:02.3952 PDT, -1075.80900-1863.35584j
2001-08-01 12:00:02.3954 PDT, -1075.49708-1862.81558j
2001-08-01 12:00:02.3956 PDT, -1075.18516-1862.27532j
2001-08-01 12:00:02.3958 PDT, -1074.87324-1861.73506j
2001-08-01 12:00:02.3960 PDT, -1074.56132-1861.19481j
2001-08-01 12:00:02.3962 PDT, -1074.24940-1860.65455j
2001-08-01 12:00:02.3964 PDT, -1073.93748-1860.11429j
2001-08-01 12:00:02.3966 PDT, -1073.62556-1859.57403j
2001-08-01 12:00:02.3968 PDT, -1073.31365-1859.03377j
2001-08-01 12:00:02.3970 PDT, -1073.00173-1858.49351j
2001-08-01 12:00:02.3972 PDT, -1072.68981-1857.95325j
2001-08-01 12:00:02.3974 PDT, -1072.37789-1857.41299j
2001-08-01 12:00:02.3976 PDT, -1072.06597-1856.87273j
2001-08-01 12:00:02.3978 PDT, -1071.75405-1856.33247j
2001-08-01 12:00:02.3980 PDT, -1071.44213-1855.79221j
2001-08-01 12:00:02.3982 PDT, -1071.13021-1855.25195j
2001-08-01 12:00:02.3984 PDT, -1070.81829-1854.71169j
2001-08-01 12:00:02.3986 PDT, -1070.50637-1854.17143j
2001-08-01 12:00:02.3988 PDT, -1070.19445-1853.63117j
2001-08-01 12:00:02.3990 PDT, -1069.88254-1853.09091j
2001-08-01 12:00:02.3992 PDT, -1069.57062-1852.55065j
2001-08-01 12:00:02.3994 PDT, -1069.25870-1852.01039j
2001-08-01 12:00:02.3996 PDT, -1068.94678-1851.47013j
2001-08-01 12:00:02.3998 PDT, -1068.63486-1850.92987j
2001-08-01 12:00:02.4000 PDT, -1068.32294-1850.38961j
2001-08-01 12:00:02.4002 PDT, -1068.01102-1849.84935j
2001-08-01 12:00:02.4004 PDT, -1067.69910-1849.30909j
2001-08-01 12:00:02.4006 PDT, -1067.38718-1848.76883j
2001-08-01 12:00:02.4008 PDT, -1067.07526-1848.22857j
2001-08-01 12:00:02.4010 PDT, -1066.76334-1847.68831j
2001-08-01 12:00:02.4012 PDT, -1066.45143-1847.14805j
2001-08-01 12:00:02.4014 PDT, -1066.13951-1846.60779j
2001-08-01 12:00:02.4016 PDT, -1065.82759-1846.06753j
2001-08-01 12:00:02.4018 PDT, -1065.51567-1845.52727j
2001-08-01 12:00:02.4020 PDT, -1065.20375-1844.98701j
2001-08-01 12:00:02.4022 PDT, -1064.89183-1844.44675j
2001-08-01 12:00:02.4024 PDT, -1064.57991-1843.90649j
2001-08-01 12:00:02.4026 PDT, -1064.26799-1843.36623j
2001-08-01 12:00:02.4028 PDT, -1063.95607-1842.82597j
2001-08-01 12:00:02.4030 PDT, -1063.64415-1842.28571j
2001-08-01 12:00:02.4032 PDT, -1063.33223-1841.74545j
2001-08-01 12:00:02.4034 PDT, -1063.02031-1841.20519j
2001-08-01 12:00:02.4036 PDT, -1062.70840-1840.66494j
2001-08-01 12:00:02.4038 PDT, -1062.39648-1840.12468j
2001-08-01 12:00:02.4040 PDT, -1062.08456-1839.58442j
2001-08-01 12:00:02.4042 PDT, -1061.77264-1839.04416j
2001-08-01 12:00:02.4044 PDT, -1061.46072-1838.50390j
2001-08-01 12:00:02.4046 PDT, -1061.14880-1837.96364j
2001-08-01 12:00:02.4048 PDT, -1060.83688-1837.42338j
2001-08-01 12:00:02.4050 PDT, -1060.52496-1836.88312j
2001-08-01 12:00:02.4052 PDT, -1060.21304-1836.34286j
2001-08-01 12:00:02.4054 PDT, -1059.90112-1835.80260j
2001-08-01 12:00:02.4056 PDT, -1059.58920-1835.26234j
2001-08-01 12:00:02.4058 PDT, -1059.27729-1834.72208j
2001-08-01 12:00:02.4060 PDT, -1058.96537-1834.18182j
2001-08-01 12:00:02.4062 PDT, -1058.65345-1833.64156j
2001-08-01 12:00:02.4064 PDT, -1058.34153-1833.10130j
2001-08-01 12:00:02.4066 PDT, -1058.02961-1832.56104j
2001-08-01 12:00:02.4068 PDT, -1057.71769-1832.02078j
2001-08-01 12:00:02.4070 PDT, -1057.40577-1831.48052j
2001-08-01 12:00:02.4072 PDT, -1057.09385-1830.94026j
2001-08-01 12:00:02.4074 PDT, -1056.78193-1830.40000j
2001-08-01 12:00:02.4076 PDT, -1056.47001-1829.85974j
2001-08-01 12:00:02.4078 PDT, -1056.15809-1829.31948j
2001-08-01 12:00:02.4080 PDT, -1055.84618-1828.77922j
2001-08-01 12:00:02.4082 PDT, -1055.53426-1828.23896j
2001-08-01 12:00:02.4084 PDT, -1055.22234-1827.69870j
2001-08-01 12:00:02.4086 PDT, -1054.91042-1827.15844j
2001-08-01 12:00:02.4088 PDT, -1054.59850-1826.61818j
2001-08-01 12:00:02.4090 PDT, -1054.28658-1826.07792j
2001-08-01 12:00:02.4092 PDT, -1053.97466-1825.53766j
2001-08-01 12:00:02.4094 PDT, -1053.66274-1824.99740j
2001-08-01 12:00:02.4096 PDT, -1053.35082-1824.45714j
2001-08-01 12:00:02.4098 PDT, -1053.03890-1823.91688j
2001-08-01 12:00:02.4100 PDT, -1052.72698-1823.37662j
2001-08-01 12:00:02.4102 PDT, -1052.41507-1822.83636j
2001-08-01 12:00:02.4104 PDT, -1052.10315-1822.29610j
2001-08-01 12:00:02.4106 PDT, -1051.79123-1821.75584j
2001-08-01 12:00:02.4108 PDT, -1051.47931-1821.21558j
2001-08-01 12:00:02.4110 PDT, -1051.16739-1820.67532j
2001-08-01 12:00:02.4112 PDT, -1050.85547-1820.13506j
2001-08-01 12:00:02.4114 PDT, -1050.54355-1819.59481j
2001-08-01 12:00:02.4116 PDT, -1050.23163-1819.05455j
2001-08-01 12:00:02.4118 PDT, -1049.91971-1818.51429j
2001-08-01 12:00:02.4120 PDT, -1049.60779-1817.97403j
2001-08-01 12:00:02.4122 PDT, -1049.29587-1817.43377j
2001-08-01 12:00:02.4124 PDT, -1048.98396-1816.89351j
2001-08-01 12:00:02.4126 PDT, -1048.67204-1816.35325j
2001-08-01 12:00:02.4128 PDT, -1048.36012-1815.81299j
2001-08-01 12:00:02.4130 PDT, -1048.04820-1815.27273j
2001-08-01 12:00:02.4132 PDT, -1047.73628-1814.73247j
2001-08-01 12:00:02.4134 PDT, -1047.42436-1814.19221j
2001-08-01 12:00:02.4136 PDT, -1047.11244-1813.65195j
2001-08-01 12:00:02.4138 PDT, -1046.80052-1813.11169j
2001-08-01 12:00:02.4140 PDT, -1046.48860-1812.57143j
2001-08-01 12:00:02.4142 PDT, -1046.17668-1812.03117j
2001-08-01 12:00:02.4144 PDT, -1045.86476-1811.49091j
2001-08-01 12:00:02.4146 PDT, -1045.55284-1810.95065j
2001-08-01 12:00:02.4148 PDT, -1045.24093-1810.41039j
2001-08-01 12:00:02.4150 PDT, -1044.92901-1809.87013j
2001-08-01 12:00:02.4152 PDT, -1044.61709-1809.32987j
2001-08-01 12:00:02.4154 PDT, -1044.30517-1808.78961j
2001-08-01 12:00:02.4156 PDT, -1043.99325-1808.24935j
2001-08-01 12:00:02.4158 PDT, -1043.68133-1807.70909j
2001-08-01 12:00:02.4160 PDT, -1043.36941-1807.16883j
2001-08-01 12:00:02.4162 PDT, -1043.05749-1806.62857j
2001-08-01 12:00:02.4164 PDT, -1042.74557-1806.08831j
2001-08-01 12:00:02.4166 PDT, -1042.43365-1805.54805j
2001-08-01 12:00:02.4168 PDT, -1042.12173-1805.00779j
2001-08-01 12:00:02.4170 PDT, -1041.80982-1804.46753j
2001-08-01 12:00:02.4172 PDT, -1041.49790-1803.92727j
2001-08-01 12:00:02.4174 PDT, -1041.18598-1803.38701j
2001-08-01 12:00:02.4176 PDT, -1040.87406-1802.84675j
2001-08-01 12:00:02.4178 PDT, -1040.56214-1802.30649j
2001-08-01 12:00:02.4180 PDT, -1040.25022-1801.76623j
2001-08-01 12:00:02.4182 PDT, -1039.93830-1801.22597j
2001-08-01 12:00:02.4184 PDT, -1039.62638-1800.68571j
2001-08-01 12:00:02.4186 PDT, -1039.31446-1800.14545j
2001-08-01 12:00:02.4188 PDT, -1039.00254-1799.60519j
2001-08-01 12:00:02.4190 PDT, -1038.69062-1799.06494j
2001-08-01 12:00:02.4192 PDT, -1038.37871-1798.52468j
2001-08-01 12:00:02.4194 PDT, -1038.06679-1797.98442j
2001-08-01 12:00:02.4196 PDT, -1037.75487-1797.44416j
2001-08-01 12:00:02.4198 PDT, -1037.44295-1796.90390j
2001-08-01 12:00:02.4200 PDT, -1037.13103-1796.36364j
2001-08-01 12:00:02.4202 PDT, -1036.81911-1795.82338j
2001-08-01 12:00:02.4204 PDT, -1036.50719-1795.28312j
2001-08-01 12:00:02.4206 PDT, -1036.19527-1794.74286j
2001-08-01 12:00:02.4208 PDT, -1035.88335-1794.20260j
2001-08-01 12:00:02.4210 PDT, -1035.57143-1793.66234j
2001-08-01 12:00:02.4212 PDT, -1035.25951-1793.12208j
2001-08-01 12:00:02.4214 PDT, -1034.94760-1792.58182j
2001-08-01 12:00:02.4216 PDT, -1034.63568-1792.04156j
2001-08-01 12:00:02.4218 PDT, -1034.32376-1791.50130j
2001-08-01 12:00:02.4220 PDT, -1034.01184-1790.96104j
2001-08-01 12:00:02.4222 PDT, -1033.69992-1790.42078j
2001-08-01 12:00:02.4224 PDT, -1033.38800-1789.88052j
2001-08-01 12:00:02.4226 PDT, -1033.07608-1789.34026j
2001-08-01 12:00:02.4228 PDT, -1032.76416-1788.80000j
2001-08-01 12:00:02.4230 PDT, -1032.45224-1788.25974j
2001-08-01 12:00:02.4232 PDT, -1032.14032-1787.71948j
2001-08-01 12:00:02.4234 PDT, -1031.82840-1787.17922j
2001-08-01 12:00:02.4236 PDT, -1031.51649-1786.63896j
2001-08-01 12:00:02.4238 PDT, -1031.20457-1786.09870j
2001-08-01 12:00:02.4240 PDT, -1030.89265-1785.55844j
2001-08-01 12:00:02.4242 PDT, -1030.58073-1785.01818j
2001-08-01 12:00:02.4244 PDT, -1030.26881-1784.47792j
2001-08-01 12:00:02.4246 PDT, -1029.95689-1783.93766j
2001-08-01 12:00:02.4248 PDT, -1029.64497-1783.39740j
2001-08-01 12:00:02.4250 PDT, -1029.33305-1782.85714j
2001-08-01 12:00:02.4252 PDT, -1029.02113-1782.31688j
2001-08-01 12:00:02.4254 PDT, -1028.70921-1781.77662j
2001-08-01 12:00:02.4256 PDT, -1028.39729-1781.23636j
2001-08-01 12:00:02.4258 PDT, -1028.08537-1780.69610j
2001-08-01 12:00:02.4260 PDT, -1027.77346-1780.15584j
2001-08-01 12:00:02.4262 PDT, -1027.46154-1779.61558j
2001-08-01 12:00:02.4264 PDT, -1027.14962-1779.07532j
2001-08-01 12:00:02.4266 PDT, -1026.83770-1778.53506j
2001-08-01 12:00:02.4268 PDT, -1026.52578-1777.99481j
2001-08-01 12:00:02.4270 PDT, -1026.21386-1777.45455j
2001-08-01 12:00:02.4272 PDT, -1025.90194-1776.91429j
2001-08-01 12:00:02.4274 PDT, -1025.59002-1776.37403j
2001-08-01 12:00:02.4276 PDT, -1025.27810-1775.83377j
2001-08-01 12:00:02.4278 PDT, -1024.96618-1775.29351j
2001-08-01 12:00:02.4280 PDT, -1024.65426-1774.75325j
2001-08-01 12:00:02.4282 PDT, -1024.34235-1774.21299j
2001-08-01 12:00:02.4284 PDT, -1024.03043-1773.67273j
2001-08-01 12:00:02.4286 PDT, -1023.71851-1773.13247j
2001-08-01 12:00:02.4288 PDT, -1023.40659-1772.59221j
2001-08-01 12:00:02.4290 PDT, -1023.09467-1772.05195j
2001-08-01 12:00:02.4292 PDT, -1022.78275-1771.51169j
2001-08-01 12:00:02.4294 PDT, -1022.47083-1770.97143j
2001-08-01 12:00:02.4296 PDT, -1022.15891-1770.43117j
2001-08-01 12:00:02.4298 PDT, -1021.84699-1769.89091j
2001-08-01 12:00:02.4300 PDT, -1021.53507-1769.35065j
2001-08-01 12:00:02.4302 PDT, -1021.22315-1768.81039j
2001-08-01 12:00:02.4304 PDT, -1020.91124-1768.27013j
2001-08-01 12:00:02.4306 PDT, -1020.59932-1767.72987j
2001-08-01 12:00:02.4308 PDT, -1020.28740-1767.18961j
2001-08-01 12:00:02.4310 PDT, -1019.97548-1766.64935j
2001-08-01 12:00:02.4312 PDT, -1019.66356-1766.10909j
2001-08-01 12:00:02.4314 PDT, -1019.35164-1765.56883j
2001-08-01 12:00:02.4316 PDT, -1019.03972-1765.02857j
2001-08-01 12:00:02.4318 PDT, -1018.72780-1764.48831j
2001-08-01 12:00:02.4320 PDT, -1018.41588-1763.94805j
2001-08-01 12:00:02.4322 PDT, -1018.10396-1763.40779j
2001-08-01 12:00:02.4324 PDT, -1017.79204-1762.86753j
2001-08-01 12:00:02.4326 PDT, -1017.48013-1762.32727j
2001-08-01 12:00:02.4328 PDT, -1017.16821-1761.78701j
2001-08-01 12:00:02.4330 PDT, -1016.85629-1761.24675j
2001-08-01 12:00:02.4332 PDT, -1016.54437-1760.70649j
2001-08-01 12:00:02.4334 PDT, -1016.23245-1760.16623j
2001-08-01 12:00:02.4336 PDT, -1015.92053-1759.62597j
2001-08-01 12:00:02.4338 PDT, -1015.60861-1759.08571j
2001-08-01 12:00:02.4340 PDT, -1015.29669-1758.54545j
2001-08-01 12:00:02.4342 PDT, -1014.98477-1758.00519j
2001-08-01 12:00:02.4344 PDT, -1014.67285-1757.46494j
2001-08-01 12:00:02.4346 PDT, -1014.36093-1756.92468j
2001-08-01 12:00:02.4348 PDT, -1014.04902-1756.38442j
2001-08-01 12:00:02.4350 PDT, -1013.73710-1755.84416j
2001-08-01 12:00:02.4352 PDT, -1013.42518-1755.30390j
2001-08-01 12:00:02.4354 PDT, -1013.11326-1754.76364j
2001-08-01 12:00:02.4356 PDT, -1012.80134-1754.22338j
2001-08-01 12:00:02.4358 PDT, -1012.48942-1753.68312j
2001-08-01 12:00:02.4360 PDT, -1012.17750-1753.14286j
2001-08-01 12:00:02.4362 PDT, -1011.86558-1752.60260j
2001-08-01 12:00:02.4364 PDT, -1011.55366-1752.06234j
2001-08-01 12:00:02.4366 PDT, -1011.24174-1751.52208j
2001-08-01 12:00:02.4368 PDT, -1010.92982-1750.98182j
2001-08-01 12:00:02.4370 PDT, -1010.61790-1750.44156j
2001-08-01 12:00:02.4372 PDT, -1010.30599-1749.90130j
2001-08-01 12:00:02.4374 PDT, -1009.99407-1749.36104j
2001-08-01 12:00:02.4376 PDT, -1009.68215-1748.82078j
2001-08-01 12:00:02.4378 PDT, -1009.37023-1748.28052j
2001-08-01 12:00:02.4380 PDT, -1009.05831-1747.74026j
2001-08-01 12:00:02.4382 PDT, -1008.74639-1747.20000j
2001-08-01 12:00:02.4384 PDT, -1008.43447-1746.65974j
2001-08-01 12:00:02.4386 PDT, -1008.12255-1746.11948j
2001-08-01 12:00:02.4388 PDT, -1007.81063-1745.57922j
2001-08-01 12:00:02.4390 PDT, -1007.49871-1745.03896j
2001-08-01 12:00:02.4392 PDT, -1007.18679-1744.49870j
2001-08-01 12:00:02.4394 PDT, -1006.87488-1743.95844j
2001-08-01 12:00:02.4396 PDT, -1006.56296-1743.41818j
2001-08-01 12:00:02.4398 PDT, -1006.25104-1742.87792j
2001-08-01 12:00:02.4400 PDT, -1005.93912-1742.33766j
2001-08-01 12:00:02.4402 PDT, -1005.62720-1741.79740j
2001-08-01 12:00:02.4404 PDT, -1005.31528-1741.25714j
2001-08-01 12:00:02.4406 PDT, -1005.00336-1740.71688j
2001-08-01 12:00:02.4408 PDT, -1004.69144-1740.17662j
2001-08-01 12:00:02.4410 PDT, -1004.37952-1739.63636j
2001-08-01 12:00:02.4412 PDT, -1004.06760-1739.09610j
2001-08-01 12:00:02.4414 PDT, -1003.75568-1738.55584j
2001-08-01 12:00:02.4416 PDT, -1003.44377-1738.01558j
2001-08-01 12:00:02.4418 PDT, -1003.13185-1737.47532j
2001-08-01 12:00:02.4420 PDT, -1002.81993-1736.93506j
2001-08-01 12:00:02.4422 PDT, -1002.50801-1736.39481j
2001-08-01 12:00:02.4424 PDT, -1002.19609-1735.85455j
2001-08-01 12:00:02.4426 PDT, -1001.88417-1735.31429j
2001-08-01 12:00:02.4428 PDT, -1001.57225-1734.77403j
2001-08-01 12:00:02.4430 PDT, -1001.26033-1734.23377j
2001-08-01 12:00:02.4432 PDT, -1000.94841-1733.69351j
2001-08-01 12:00:02.4434 PDT, -1000.63649-1733.15325j
2001-08-01 12:00:02.4436 PDT, -1000.32457-1732.61299j
2001-08-01 12:00:02.4438 PDT, -1000.01266-1732.07273j
2001-08-01 12:00:02.4440 PDT, -999.70074-1731.53247j
2001-08-01 12:00:02.4442 PDT, -999.38882-1730.99221j
2001-08-01 12:00:02.4444 PDT, -999.07690-1730.45195j
2001-08-01 12:00:02.4446 PDT, -998.76498-1729.91169j
2001-08-01 12:00:02.4448 PDT, -998.45306-1729.37143j
2001-08-01 12:00:02.4450 PDT, -998.14114-1728.83117j
2001-08-01 12:00:02.4452 PDT, -997.82922-1728.29091j
2001-08-01 12:00:02.4454 PDT, -997.51730-1727.75065j
2001-08-01 12:00:02.4456 PDT, -997.20538-1727.21039j
2001-08-01 12:00:02.4458 PDT, -996.89346-1726.67013j
2001-08-01 12:00:02.4460 PDT, -996.58155-1726.12987j
2001-08-01 12:00:02.4462 PDT, -996.26963-1725.58961j
2001-08-01 12:00:02.4464 PDT, -995.95771-1725.04935j
2001-08-01 12:00:02.4466 PDT, -995.64579-1724.50909j
2001-08-01 12:00:02.4468 PDT, -995.33387-1723.96883j
2001-08-01 12:00:02.4470 PDT, -995.02195-1723.42857j
2001-08-01 12:00:02.4472 PDT, -994.71003-1722.88831j
2001-08-01 12:00:02.4474 PDT, -994.39811-1722.34805j
2001-08-01 12:00:02.4476 PDT, -994.08619-1721.80779j
2001-08-01 12:00:02.4478 PDT, -993.77427-1721.26753j
2001-08-01 12:00:02.4480 PDT, -993.46235-1720.72727j
2001-08-01 12:00:02.4482 PDT, -993.15044-1720.18701j
2001-08-01 12:00:02.4484 PDT, -992.83852-1719.64675j
2001-08-01 12:00:02.4486 PDT, -992.52660-1719.10649j
2001-08-01 12:00:02.4488 PDT, -992.21468-1718.56623j
2001-08-01 12:00:02.4490 PDT, -991.90276-1718.02597j
2001-08-01 12:00:02.4492 PDT, -991.59084-1717.48571j
2001-08-01 12:00:02.4494 PDT, -991.27892-1716.94545j
2001-08-01 12:00:02.4496 PDT, -990.96700-1716.40519j
2001-08-01 12:00:02.4498 PDT, -990.65508-1715.86494j
2001-08-01 12:00:02.4500 PDT, -990.34316-1715.32468j
2001-08-01 12:00:02.4502 PDT, -990.03124-1714.78442j
2001-08-01 12:00:02.4504 PDT, -989.71932-1714.24416j
2001-08-01 12:00:02.4506 PDT, -989.40741-1713.70390j
2001-08-01 12:00:02.4508 PDT, -989.09549-1713.16364j
2001-08-01 12:00:02.4510 PDT, -988.78357-1712.62338j
2001-08-01 12:00:02.4512 PDT, -988.47165-1712.08312j
2001-08-01 12:00:02.4514 PDT, -988.15973-1711.54286j
2001-08-01 12:00:02.4516 PDT, -987.84781-1711.00260j
2001-08-01 12:00:02.4518 PDT, -987.53589-1710.46234j
2001-08-01 12:00:02.4520 PDT, -987.22397-1709.92208j
2001-08-01 12:00:02.4522 PDT, -986.91205-1709.38182j
2001-08-01 12:00:02.4524 PDT, -986.60013-1708.84156j
2001-08-01 12:00:02.4526 PDT, -986.28821-1708.30130j
2001-08-01 12:00:02.4528 PDT, -985.97630-1707.76104j
2001-08-01 12:00:02.4530 PDT, -985.66438-1707.22078j
2001-08-01 12:00:02.4532 PDT, -985.35246-1706.68052j
2001-08-01 12:00:02.4534 PDT, -985.04054-1706.14026j
2001-08-01 12:00:02.4536 PDT, -984.72862-1705.60000j
2001-08-01 12:00:02.4538 PDT, -984.41670-1705.05974j
2001-08-01 12:00:02.4540 PDT, -984.10478-1704.51948j
2001-08-01 12:00:02.4542 PDT, -983.79286-1703.97922j
2001-08-01 12:00:02.4544 PDT, -983.48094-1703.43896j
2001-08-01 12:00:02.4546 PDT, -983.16902-1702.89870j
2001-08-01 12:00:02.4548 PDT, -982.85710-1702.35844j
2001-08-01 12:00:02.4550 PDT, -982.54519-1701.81818j
2001-08-01 12:00:02.4552 PDT, -982.23327-1701.27792j
2001-08-01 12:00:02.4554 PDT, -981.92135-1700.73766j
2001-08-01 12:00:02.4556 PDT, -981.60943-1700.19740j
2001-08-01 12:00:02.4558 PDT, -981.29751-1699.65714j
2001-08-01 12:00:02.4560 PDT, -980.98559-1699.11688j
2001-08-01 12:00:02.4562 PDT, -980.67367-1698.57662j
2001-08-01 12:00:02.4564 PDT, -980.36175-1698.03636j
2001-08-01 12:00:02.4566 PDT, -980.04983-1697.49610j
2001-08-01 12:00:02.4568 PDT, -979.73791-1696.95584j
2001-08-01 12:00:02.4570 PDT, -979.42599-1696.41558j
2001-08-01 12:00:02.4572 PDT, -979.11408-1695.87532j
2001-08-01 12:00:02.4574 PDT, -978.80216-1695.33506j
2001-08-01 12:00:02.4576 PDT, -978.49024-1694.79481j
2001-08-01 12:00:02.4578 PDT, -978.17832-1694.25455j
2001-08-01 12:00:02.4580 PDT, -977.86640-1693.71429j
2001-08-01 12:00:02.4582 PDT, -977.55448-1693.17403j
2001-08-01 12:00:02.4584 PDT, -977.24256-1692.63377j
2001-08-01 12:00:02.4586 PDT, -976.93064-1692.09351j
2001-08-01 12:00:02.4588 PDT, -976.61872-1691.55325j
2001-08-01 12:00:02.4590 PDT, -976.30680-1691.01299j
2001-08-01 12:00:02.4592 PDT, -975.99488-1690.47273j
2001-08-01 12:00:02.4594 PDT, -975.68297-1689.93247j
2001-08-01 12:00:02.4596 PDT, -975.37105-1689.39221j
2001-08-01 12:00:02.4598 PDT, -975.05913-1688.85195j
2001-08-01 12:00:02.4600 PDT, -974.74721-1688.31169j
2001-08-01 12:00:02.4602 PDT, -974.43529-1687.77143j
2001-08-01 12:00:02.4604 PDT, -974.12337-1687.23117j
2001-08-01 12:00:02.4606 PDT, -973.81145-1686.69091j
2001-08-01 12:00:02.4608 PDT, -973.49953-1686.15065j
2001-08-01 12:00:02.4610 PDT, -973.18761-1685.61039j
2001-08-01 12:00:02.4612 PDT, -972.87569-1685.07013j
2001-08-01 12:00:02.4614 PDT, -972.56377-1684.52987j
2001-08-01 12:00:02.4616 PDT, -972.25185-1683.98961j
2001-08-01 12:00:02.4618 PDT, -971.93994-1683.44935j
2001-08-01 12:00:02.4620 PDT, -971.62802-1682.90909j
2001-08-01 12:00:02.4622 PDT, -971.31610-1682.36883j
2001-08-01 12:00:02.4624 PDT, -971.00418-1681.82857j
2001-08-01 12:00:02.4626 PDT, -970.69226-1681.28831j
2001-08-01 12:00:02.4628 PDT, -970.38034-1680.74805j
2001-08-01 12:00:02.4630 PDT, -970.06842-1680.20779j
2001-08-01 12:00:02.4632 PDT, -969.75650-1679.66753j
2001-08-01 12:00:02.4634 PDT, -969.44458-1679.12727j
2001-08-01 12:00:02.4636 PDT, -969.13266-1678.58701j
2001-08-01 12:00:02.4638 PDT, -968.82074-1678.04675j
2001-08-01 12:00:02.4640 PDT, -968.50883-1677.50649j
2001-08-01 12:00:02.4642 PDT, -968.19691-1676.96623j
2001-08-01 12:00:02.4644 PDT, -967.88499-1676.42597j
2001-08-01 12:00:02.4646 PDT, -967.57307-1675.88571j
2001-08-01 12:00:02.4648 PDT, -967.26115-1675.34545j
2001-08-01 12:00:02.4650 PDT, -966.94923-1674.80519j
2001-08-01 12:00:02.4652 PDT, -966.63731-1674.26494j
2001-08-01 12:00:02.4654 PDT, -966.32539-1673.72468j
2001-08-01 12:00:02.4656 PDT, -966.01347-1673.18442j
2001-08-01 12:00:02.4658 PDT, -965.70155-1672.64416j
2001-08-01 12:00:02.4660 PDT, -965.38963-1672.10390j
2001-08-01 12:00:02.4662 PDT, -965.07772-1671.56364j
2001-08-01 12:00:02.4664 PDT, -964.76580-1671.02338j
2001-08-01 12:00:02.4666 PDT, -964.45388-1670.48312j
2001-08-01 12:00:02.4668 PDT, -964.14196-1669.94286j
2001-08-01 12:00:02.4670 PDT, -963.83004-1669.40260j
2001-08-01 12:00:02.4672 PDT, -963.51812-1668.86234j
2001-08-01 12:00:02.4674 PDT, -963.20620-1668.32208j
2001-08-01 12:00:02.4676 PDT, -962.89428-1667.78182j
2001-08-01 12:00:02.4678 PDT, -962.58236-1667.24156j
2001-08-01 12:00:02.4680 PDT, -962.27044-1666.70130j
2001-08-01 12:00:02.4682 PDT, -961.95852-1666.16104j
2001-08-01 12:00:02.4684 PDT, -961.64661-1665.62078j
2001-08-01 12:00:02.4686 PDT, -961.33469-1665.08052j
2001-08-01 12:00:02.4688 PDT, -961.02277-1664.54026j
2001-08-01 12:00:02.4690 PDT, -960.71085-1664.00000j
2001-08-01 12:00:02.4692 PDT, -960.39893-1663.45974j
2001-08-01 12:00:02.4694 PDT, -960.08701-1662.91948j
2001-08-01 12:00:02.4696 PDT, -959.77509-1662.37922j
2001-08-01 12:00:02.4698 PDT, -959.46317-1661.83896j
2001-08-01 12:00:02.4700 PDT, -959.15125-1661.29870j
2001-08-01 12:00:02.4702 PDT, -958.83933-1660.75844j
2001-08-01 12:00:02.4704 PDT, -958.52741-1660.21818j
2001-08-01 12:00:02.4706 PDT, -958.21550-1659.67792j
2001-08-01 12:00:02.4708 PDT, -957.90358-1659.13766j
2001-08-01 12:00:02.4710 PDT, -957.59166-1658.59740j
2001-08-01 12:00:02.4712 PDT, -957.27974-1658.05714j
2001-08-01 12:00:02.4714 PDT, -956.96782-1657.51688j
2001-08-01 12:00:02.4716 PDT, -956.65590-1656.97662j
2001-08-01 12:00:02.4718 PDT, -956.34398-1656.43636j
2001-08-01 12:00:02.4720 PDT, -956.03206-1655.89610j
2001-08-01 12:00:02.4722 PDT, -955.72014-1655.35584j
2001-08-01 12:00:02.4724 PDT, -955.40822-1654.81558j
2001-08-01 12:00:02.4726 PDT, -955.09630-1654.27532j
2001-08-01 12:00:02.4728 PDT, -954.78438-1653.73506j
2001-08-01 12:00:02.4730 PDT, -954.47247-1653.19481j
2001-08-01 12:00:02.4732 PDT, -954.16055-1652.65455j
2001-08-01 12:00:02.4734 PDT, -953.84863-1652.11429j
2001-08-01 12:00:02.4736 PDT, -953.53671-1651.57403j
2001-08-01 12:00:02.4738 PDT, -953.22479-1651.03377j
2001-08-01 12:00:02.4740 PDT, -952.91287-1650.49351j
2001-08-01 12:00:02.4742 PDT, -952.60095-1649.95325j
2001-08-01 12:00:02.4744 PDT, -952.28903-1649.41299j
2001-08-01 12:00:02.4746 PDT, -951.97711-1648.87273j
2001-08-01 12:00:02.4748 PDT, -951.66519-1648.33247j
2001-08-01 12:00:02.4750 PDT, -951.35327-1647.79221j
2001-08-01 12:00:02.4752 PDT, -951.04136-1647.25195j
2001-08-01 12:00:02.4754 PDT, -950.72944-1646.71169j
2001-08-01 12:00:02.4756 PDT, -950.41752-1646.17143j
2001-08-01 12:00:02.4758 PDT, -950.10560-1645.63117j
2001-08-01 12:00:02.4760 PDT, -949.79368-1645.09091j
2001-08-01 12:00:02.4762 PDT, -949.48176-1644.55065j
2001-08-01 12:00:02.4764 PDT, -949.16984-1644.01039j
2001-08-01 12:00:02.4766 PDT, -948.85792-1643.47013j
2001-08-01 12:00:02.4768 PDT, -948.54600-1642.92987j
2001-08-01 12:00:02.4770 PDT, -948.23408-1642.38961j
2001-08-01 12:00:02.4772 PDT, -947.92216-1641.84935j
2001-08-01 12:00:02.4774 PDT, -947.61025-1641.30909j
2001-08-01 12:00:02.4776 PDT, -947.29833-1640.76883j
2001-08-01 12:00:02.4778 PDT, -946.98641-1640.22857j
2001-08-01 12:00:02.4780 PDT, -946.67449-1639.68831j
2001-08-01 12:00:02.4782 PDT, -946.36257-1639.14805j
2001-08-01 12:00:02.4784 PDT, -946.05065-1638.60779j
2001-08-01 12:00:02.4786 PDT, -945.73873-1638.06753j
2001-08-01 12:00:02.4788 PDT, -945.42681-1637.52727j
2001-08-01 12:00:02.4790 PDT, -945.11489-1636.98701j
2001-08-01 12:00:02.4792 PDT, -944.80297-1636.44675j
2001-08-01 12:00:02.4794 PDT, -944.49105-1635.90649j
2001-08-01 12:00:02.4796 PDT, -944.17914-1635.36623j
2001-08-01 12:00:02.4798 PDT, -943.86722-1634.82597j
2001-08-01 12:00:02.4800 PDT, -943.55530-1634.28571j
2001-08-01 12:00:02.4802 PDT, -943.24338-1633.74545j
2001-08-01 12:00:02.4804 PDT, -942.93146-1633.20519j
2001-08-01 12:00:02.4806 PDT, -942.61954-1632.66494j
2001-08-01 12:00:02.4808 PDT, -942.30762-1632.12468j
2001-08-01 12:00:02.4810 PDT, -941.99570-1631.58442j
2001-08-01 12:00:02.4812 PDT, -941.68378-1631.04416j
2001-08-01 12:00:02.4814 PDT, -941.37186-1630.50390j
2001-08-01 12:00:02.4816 PDT, -941.05994-1629.96364j
2001-08-01 12:00:02.4818 PDT, -940.74803-1629.42338j
2001-08-01 12:00:02.4820 PDT, -940.43611-1628.88312j
2001-08-01 12:00:02.4822 PDT, -940.12419-1628.34286j
2001-08-01 12:00:02.4824 PDT, -939.81227-1627.80260j
2001-08-01 12:00:02.4826 PDT, -939.50035-1627.26234j
2001-08-01 12:00:02.4828 PDT, -939.18843-1626.72208j
2001-08-01 12:00:02.4830 PDT, -938.87651-1626.18182j
2001-08-01 12:00:02.4832 PDT, -938.56459-1625.64156j
2001-08-01 12:00:02.4834 PDT, -938.25267-1625.10130j
2001-08-01 12:00:02.4836 PDT, -937.94075-1624.56104j
2001-08-01 12:00:02.4838 PDT, -937.62883-1624.02078j
2001-08-01 12:00:02.4840 PDT, -937.31691-1623.48052j
2001-08-01 12:00:02.4842 PDT, -937.00500-1622.94026j
2001-08-01 12:00:02.4844 PDT, -936.69308-1622.40000j
2001-08-01 12:00:02.4846 PDT, -936.38116-1621.85974j
2001-08-01 12:00:02.4848 PDT, -936.06924-1621.31948j
2001-08-01 12:00:02.4850 PDT, -935.75732-1620.77922j
2001-08-01 12:00:02.4852 PDT, -935.44540-1620.23896j
2001-08-01 12:00:02.4854 PDT, -935.13348-1619.69870j
2001-08-01 12:00:02.4856 PDT, -934.82156-1619.15844j
2001-08-01 12:00:02.4858 PDT, -934.50964-1618.61818j
2001-08-01 12:00:02.4860 PDT, -934.19772-1618.07792j
2001-08-01 12:00:02.4862 PDT, -933.88580-1617.53766j
2001-08-01 12:00:02.4864 PDT, -933.57389-1616.99740j
2001-08-01 12:00:02.4866 PDT, -933.26197-1616.45714j
2001-08-01 12:00:02.4868 PDT, -932.95005-1615.91688j
2001-08-01 12:00:02.4870 PDT, -932.63813-1615.37662j
2001-08-01 12:00:02.4872 PDT, -932.32621-1614.83636j
2001-08-01 12:00:02.4874 PDT, -932.01429-1614.29610j
2001-08-01 12:00:02.4876 PDT, -931.70237-1613.75584j
2001-08-01 12:00:02.4878 PDT, -931.39045-1613.21558j
2001-08-01 12:00:02.4880 PDT, -931.07853-1612.67532j
2001-08-01 12:00:02.4882 PDT, -930.76661-1612.13506j
2001-08-01 12:00:02.4884 PDT, -930.45469-1611.59481j
2001-08-01 12:00:02.4886 PDT, -930.14278-1611.05455j
2001-08-01 12:00:02.4888 PDT, -929.83086-1610.51429j
2001-08-01 12:00:02.4890 PDT, -929.51894-1609.97403j
2001-08-01 12:00:02.4892 PDT, -929.20702-1609.43377j
2001-08-01 12:00:02.4894 PDT, -928.89510-1608.89351j
2001-08-01 12:00:02.4896 PDT, -928.58318-1608.35325j
2001-08-01 12:00:02.4898 PDT, -928.27126-1607.81299j
2001-08-01 12:00:02.4900 PDT, -927.95934-1607.27273j
2001-08-01 12:00:02.4902 PDT, -927.64742-1606.73247j
2001-08-01 12:00:02.4904 PDT, -927.33550-1606.19221j
2001-08-01 12:00:02.4906 PDT, -927.02358-1605.65195j
2001-08-01 12:00:02.4908 PDT, -926.71167-1605.11169j
2001-08-01 12:00:02.4910 PDT, -926.39975-1604.57143j
2001-08-01 12:00:02.4912 PDT, -926.08783-1604.03117j
2001-08-01 12:00:02.4914 PDT, -925.77591-1603.49091j
2001-08-01 12:00:02.4916 PDT, -925.46399-1602.95065j
2001-08-01 12:00:02.4918 PDT, -925.15207-1602.41039j
2001-08-01 12:00:02.4920 PDT, -924.84015-1601.87013j
2001-08-01 12:00:02.4922 PDT, -924.52823-1601.32987j
2001-08-01 12:00:02.4924 PDT, -924.21631-1600.78961j
2001-08-01 12:00:02.4926 PDT, -923.90439-1600.24935j
2001-08-01 12:00:02.4928 PDT, -923.59247-1599.70909j
2001-08-01 12:00:02.4930 PDT, -923.28056-1599.16883j
2001-08-01 12:00:02.4932 PDT, -922.96864-1598.62857j
2001-08-01 12:00:02.4934 PDT, -922.65672-1598.08831j
2001-08-01 12:00:02.4936 PDT, -922.34480-1597.54805j
2001-08-01 12:00:02.4938 PDT, -922.03288-1597.00779j
2001-08-01 12:00:02.4940 PDT, -921.72096-1596.46753j
2001-08-01 12:00:02.4942 PDT, -921.40904-1595.92727j
2001-08-01 12:00:02.4944 PDT, -921.09712-1595.38701j
2001-08-01 12:00:02.4946 PDT, -920.78520-1594.84675j
2001-08-01 12:00:02.4948 PDT, -920.47328-1594.30649j
2001-08-01 12:00:02.4950 PDT, -920.16136-1593.76623j
2001-08-01 12:00:02.4952 PDT, -919.84944-1593.22597j
2001-08-01 12:00:02.4954 PDT, -919.53753-1592.68571j
2001-08-01 12:00:02.4956 PDT, -919.22561-1592.14545j
2001-08-01 12:00:02.4958 PDT, -918.91369-1591.60519j
2001-08-01 12:00:02.4960 PDT, -918.60177-1591.06494j
2001-08-01 12:00:02.4962 PDT, -918.28985-1590.52468j
2001-08-01 12:00:02.4964 PDT, -917.97793-1589.98442j
2001-08-01 12:00:02.4966 PDT, -917.66601-1589.44416j
2001-08-01 12:00:02.4968 PDT, -917.35409-1588.90390j
2001-08-01 12:00:02.4970 PDT, -917.04217-1588.36364j
2001-08-01 12:00:02.4972 PDT, -916.73025-1587.82338j
2001-08-01 12:00:02.4974 PDT, -916.41833-1587.28312j
2001-08-01 12:00:02.4976 PDT, -916.10642-1586.74286j
2001-08-01 12:00:02.4978 PDT, -915.79450-1586.20260j
2001-08-01 12:00:02.4980 PDT, -915.48258-1585.66234j
2001-08-01 12:00:02.4982 PDT, -915.17066-1585.12208j
2001-08-01 12:00:02.4984 PDT, -914.85874-1584.58182j
2001-08-01 12:00:02.4986 PDT, -914.54682-1584.04156j
2001-08-01 12:00:02.4988 PDT, -914.23490-1583.50130j
2001-08-01 12:00:02.4990 PDT, -913.92298-1582.96104j
2001-08-01 12:00:02.4992 PDT, -913.61106-1582.42078j
2001-08-01 12:00:02.4994 PDT, -913.29914-1581.88052j
2001-08-01 12:00:02.4996 PDT, -912.98722-1581.34026j
2001-08-01 12:00:02.4998 PDT, -912.67531-1580.80000j
2001-08-01 12:00:02.5000 PDT, -912.36339-1580.25974j
2001-08-01 12:00:02.5002 PDT, -912.05147-1579.71948j
2001-08-01 12:00:02.5004 PDT, -911.73955-1579.17922j
2001-08-01 12:00:02.5006 PDT, -911.42763-1578.63896j
2001-08-01 12:00:02.5008 PDT, -911.11571-1578.09870j
2001-08-01 12:00:02.5010 PDT, -910.80379-1577.55844j
2001-08-01 12:00:02.5012 PDT, -910.49187-1577.01818j
2001-08-01 12:00:02.5014 PDT, -910.17995-1576.47792j
2001-08-01 12:00:02.5016 PDT, -909.86803-1575.93766j
2001-08-01 12:00:02.5018 PDT, -909.55611-1575.39740j
2001-08-01 12:00:02.5020 PDT, -909.24420-1574.85714j
2001-08-01 12:00:02.5022 PDT, -908.93228-1574.31688j
2001-08-01 12:00:02.5024 PDT, -908.62036-1573.77662j
2001-08-01 12:00:02.5026 PDT, -908.30844-1573.23636j
2001-08-01 12:00:02.5028 PDT, -907.99652-1572.69610j
2001-08-01 12:00:02.5030 PDT, -907.68460-1572.15584j
2001-08-01 12:00:02.5032 PDT, -907.37268-1571.61558j
2001-08-01 12:00:02.5034 PDT, -907.06076-1571.07532j
2001-08-01 12:00:02.5036 PDT, -906.74884-1570.53506j
2001-08-01 12:00:02.5038 PDT, -906.43692-1569.99481j
2001-08-01 12:00:02.5040 PDT, -906.12500-1569.45455j
2001-08-01 12:00:02.5042 PDT, -905.81309-1568.91429j
2001-08-01 12:00:02.5044 PDT, -905.50117-1568.37403j
2001-08-01 12:00:02.5046 PDT, -905.18925-1567.83377j
2001-08-01 12:00:02.5048 PDT, -904.87733-1567.29351j
2001-08-01 12:00:02.5050 PDT, -904.56541-1566.75325j
2001-08-01 12:00:02.5052 PDT, -904.25349-1566.21299j
2001-08-01 12:00:02.5054 PDT, -903.94157-1565.67273j
2001-08-01 12:00:02.5056 PDT, -903.62965-1565.13247j
2001-08-01 12:00:02.5058 PDT, -903.31773-1564.59221j
2001-08-01 12:00:02.5060 PDT, -903.00581-1564.05195j
2001-08-01 12:00:02.5062 PDT, -902.69389-1563.51169j
2001-08-01 12:00:02.5064 PDT, -902.38198-1562.97143j
2001-08-01 12:00:02.5066 PDT, -902.07006-1562.43117j
2001-08-01 12:00:02.5068 PDT, -901.75814-1561.89091j
2001-08-01 12:00:02.5070 PDT, -901.44622-1561.35065j
2001-08-01 12:00:02.5072 PDT, -901.13430-1560.81039j
2001-08-01 12:00:02.5074 PDT, -900.82238-1560.27013j
2001-08-01 12:00:02.5076 PDT, -900.51046-1559.72987j
2001-08-01 12:00:02.5078 PDT, -900.19854-1559.18961j
2001-08-01 12:00:02.5080 PDT, -899.88662-1558.64935j
2001-08-01 12:00:02.5082 PDT, -899.57470-1558.10909j
2001-08-01 12:00:02.5084 PDT, -899.26278-1557.56883j
2001-08-01 12:00:02.5086 PDT, -898.95086-1557.02857j
2001-08-01 12:00:02.5088 PDT, -898.63895-1556.48831j
2001-08-01 12:00:02.5090 PDT, -898.32703-1555.94805j
2001-08-01 12:00:02.5092 PDT, -898.01511-1555.40779j
2001-08-01 12:00:02.5094 PDT, -897.70319-1554.86753j
2001-08-01 12:00:02.5096 PDT, -897.39127-1554.32727j
2001-08-01 12:00:02.5098 PDT, -897.07935-1553.78701j
2001-08-01 12:00:02.5100 PDT, -896.76743-1553.24675j
2001-08-01 12:00:02.5102 PDT, -896.45551-1552.70649j
2001-08-01 12:00:02.5104 PDT, -896.14359-1552.16623j
2001-08-01 12:00:02.5106 PDT, -895.83167-1551.62597j
2001-08-01 12:00:02.5108 PDT, -895.51975-1551.08571j
2001-08-01 12:00:02.5110 PDT, -895.20784-1550.54545j
2001-08-01 12:00:02.5112 PDT, -894.89592-1550.00519j
2001-08-01 12:00:02.5114 PDT, -894.58400-1549.46494j
2001-08-01 12:00:02.5116 PDT, -894.27208-1548.92468j
2001-08-01 12:00:02.5118 PDT, -893.96016-1548.38442j
2001-08-01 12:00:02.5120 PDT, -893.64824-1547.84416j
2001-08-01 12:00:02.5122 PDT, -893.33632-1547.30390j
2001-08-01 12:00:02.5124 PDT, -893.02440-1546.76364j
2001-08-01 12:00:02.5126 PDT, -892.71248-1546.22338j
2001-08-01 12:00:02.5128 PDT, -892.40056-1545.68312j
2001-08-01 12:00:02.5130 PDT, -892.08864-1545.14286j
2001-08-01 12:00:02.5132 PDT, -891.77673-1544.60260j
2001-08-01 12:00:02.5134 PDT, -891.46481-1544.06234j
2001-08-01 12:00:02.5136 PDT, -891.15289-1543.52208j
2001-08-01 12:00:02.5138 PDT, -890.84097-1542.98182j
2001-08-01 12:00:02.5140 PDT, -890.52905-1542.44156j
2001-08-01 12:00:02.5142 PDT, -890.21713-1541.90130j
2001-08-01 12:00:02.5144 PDT, -889.90521-1541.36104j
2001-08-01 12:00:02.5146 PDT, -889.59329-1540.82078j
2001-08-01 12:00:02.5148 PDT, -889.28137-1540.28052j
2001-08-01 12:00:02.5150 PDT, -888.96945-1539.74026j
2001-08-01 12:00:02.5152 PDT, -888.65753-1539.20000j
2001-08-01 12:00:02.5154 PDT, -888.34562-1538.65974j
2001-08-01 12:00:02.5156 PDT, -888.03370-1538.11948j
2001-08-01 12:00:02.5158 PDT, -887.72178-1537.57922j
2001-08-01 12:00:02.5160 PDT, -887.40986-1537.03896j
2001-08-01 12:00:02.5162 PDT, -887.09794-1536.49870j
2001-08-01 12:00:02.5164 PDT, -886.78602-1535.95844j
2001-08-01 12:00:02.5166 PDT, -886.47410-1535.41818j
2001-08-01 12:00:02.5168 PDT, -886.16218-1534.87792j
2001-08-01 12:00:02.5170 PDT, -885.85026-1534.33766j
2001-08-01 12:00:02.5172 PDT, -885.53834-1533.79740j
2001-08-01 12:00:02.5174 PDT, -885.22642-1533.25714j
2001-08-01 12:00:02.5176 PDT, -884.91451-1532.71688j
2001-08-01 12:00:02.5178 PDT, -884.60259-1532.17662j
2001-08-01 12:00:02.5180 PDT, -884.29067-1531.63636j
2001-08-01 12:00:02.5182 PDT, -883.97875-1531.09610j
2001-08-01 12:00:02.5184 PDT, -883.66683-1530.55584j
2001-08-01 12:00:02.5186 PDT, -883.35491-1530.01558j
2001-08-01 12:00:02.5188 PDT, -883.04299-1529.47532j
2001-08-01 12:00:02.5190 PDT, -882.73107-1528.93506j
2001-08-01 12:00:02.5192 PDT, -882.41915-1528.39481j
2001-08-01 12:00:02.5194 PDT, -882.10723-1527.85455j
2001-08-01 12:00:02.5196 PDT, -881.79531-1527.31429j
2001-08-01 12:00:02.5198 PDT, -881.48339-1526.77403j
2001-08-01 12:00:02.5200 PDT, -881.17148-1526.23377j
2001-08-01 12:00:02.5202 PDT, -880.85956-1525.69351j
2001-08-01 12:00:02.5204 PDT, -880.54764-1525.15325j
2001-08-01 12:00:02.5206 PDT, -880.23572-1524.61299j
2001-08-01 12:00:02.5208 PDT, -879.92380-1524.07273j
2001-08-01 12:00:02.5210 PDT, -879.61188-1523.53247j
2001-08-01 12:00:02.5212 PDT, -879.29996-1522.99221j
2001-08-01 12:00:02.5214 PDT, -878.98804-1522.45195j
2001-08-01 12:00:02.5216 PDT, -878.67612-1521.91169j
2001-08-01 12:00:02.5218 PDT, -878.36420-1521.37143j
2001-08-01 12:00:02.5220 PDT, -878.05228-1520.83117j
2001-08-01 12:00:02.5222 PDT, -877.74037-1520.29091j
2001-08-01 12:00:02.5224 PDT, -877.42845-1519.75065j
2001-08-01 12:00:02.5226 PDT, -877.11653-1519.21039j
2001-08-01 12:00:02.5228 PDT, -876.80461-1518.67013j
2001-08-01 12:00:02.5230 PDT, -876.49269-1518.12987j
2001-08-01 12:00:02.5232 PDT, -876.18077-1517.58961j
2001-08-01 12:00:02.5234 PDT, -875.86885-1517.04935j
2001-08-01 12:00:02.5236 PDT, -875.55693-1516.50909j
2001-08-01 12:00:02.5238 PDT, -875.24501-1515.96883j
2001-08-01 12:00:02.5240 PDT, -874.93309-1515.42857j
2001-08-01 12:00:02.5242 PDT, -874.62117-1514.88831j
2001-08-01 12:00:02.5244 PDT, -874.30926-1514.34805j
2001-08-01 12:00:02.5246 PDT, -873.99734-1513.80779j
2001-08-01 12:00:02.5248 PDT, -873.68542-1513.26753j
2001-08-01 12:00:02.5250 PDT, -873.37350-1512.72727j
2001-08-01 12:00:02.5252 PDT, -873.06158-1512.18701j
2001-08-01 12:00:02.5254 PDT, -872.74966-1511.64675j
2001-08-01 12:00:02.5256 PDT, -872.43774-1511.10649j
2001-08-01 12:00:02.5258 PDT, -872.12582-1510.56623j
2001-08-01 12:00:02.5260 PDT, -871.81390-1510.02597j
2001-08-01 12:00:02.5262 PDT, -871.50198-1509.48571j
2001-08-01 12:00:02.5264 PDT, -871.19006-1508.94545j
2001-08-01 12:00:02.5266 PDT, -870.87815-1508.40519j
2001-08-01 12:00:02.5268 PDT, -870.56623-1507.86494j
2001-08-01 12:00:02.5270 PDT, -870.25431-1507.32468j
2001-08-01 12:00:02.5272 PDT, -869.94239-1506.78442j
2001-08-01 12:00:02.5274 PDT, -869.63047-1506.24416j
2001-08-01 12:00:02.5276 PDT, -869.31855-1505.70390j
2001-08-01 12:00:02.5278 PDT, -869.00663-1505.16364j
2001-08-01 12:00:02.5280 PDT, -868.69471-1504.62338j
2001-08-01 12:00:02.5282 PDT, -868.38279-1504.08312j
2001-08-01 12:00:02.5284 PDT, -868.07087-1503.54286j
2001-08-01 12:00:02.5286 PDT, -867.75895-1503.00260j
2001-08-01 12:00:02.5288 PDT, -867.44704-1502.46234j
2001-08-01 12:00:02.5290 PDT, -867.13512-1501.92208j
2001-08-01 12:00:02.5292 PDT, -866.82320-1501.38182j
2001-08-01 12:00:02.5294 PDT, -866.51128-1500.84156j
2001-08-01 12:00:02.5296 PDT, -866.19936-1500.30130j
2001-08-01 12:00:02.5298 PDT, -865.88744-1499.76104j
2001-08-01 12:00:02.5300 PDT, -865.57552-1499.22078j
2001-08-01 12:00:02.5302 PDT, -865.26360-1498.68052j
2001-08-01 12:00:02.5304 PDT, -864.95168-1498.14026j
2001-08-01 12:00:02.5306 PDT, -864.63976-1497.60000j
2001-08-01 12:00:02.5308 PDT, -864.32784-1497.05974j
2001-08-01 12:00:02.5310 PDT, -864.01592-1496.51948j
2001-08-01 12:00:02.5312 PDT, -863.70401-1495.97922j
2001-08-01 12:00:02.5314 PDT, -863.39209-1495.43896j
2001-08-01 12:00:02.5316 PDT, -863.08017-1494.89870j
2001-08-01 12:00:02.5318 PDT, -862.76825-1494.35844j
2001-08-01 12:00:02.5320 PDT, -862.45633-1493.81818j
2001-08-01 12:00:02.5322 PDT, -862.14441-1493.27792j
2001-08-01 12:00:02.5324 PDT, -861.83249-1492.73766j
2001-08-01 12:00:02.5326 PDT, -861.52057-1492.19740j
2001-08-01 12:00:02.5328 PDT, -861.20865-1491.65714j
2001-08-01 12:00:02.5330 PDT, -860.89673-1491.11688j
2001-08-01 12:00:02.5332 PDT, -860.58481-1490.57662j
2001-08-01 12:00:02.5334 PDT, -860.27290-1490.03636j
2001-08-01 12:00:02.5336 PDT, -859.96098-1489.49610j
2001-08-01 12:00:02.5338 PDT, -859.64906-1488.95584j
2001-08-01 12:00:02.5340 PDT, -859.33714-1488.41558j
2001-08-01 12:00:02.5342 PDT, -859.02522-1487.87532j
2001-08-01 12:00:02.5344 PDT, -858.71330-1487.33506j
2001-08-01 12:00:02.5346 PDT, -858.40138-1486.79481j
2001-08-01 12:00:02.5348 PDT, -858.08946-1486.25455j
2001-08-01 12:00:02.5350 PDT, -857.77754-1485.71429j
2001-08-01 12:00:02.5352 PDT, -857.46562-1485.17403j
2001-08-01 12:00:02.5354 PDT, -857.15370-1484.63377j
2001-08-01 12:00:02.5356 PDT, -856.84179-1484.09351j
2001-08-01 12:00:02.5358 PDT, -856.52987-1483.55325j
2001-08-01 12:00:02.5360 PDT, -856.21795-1483.01299j
2001-08-01 12:00:02.5362 PDT, -855.90603-1482.47273j
2001-08-01 12:00:02.5364 PDT, -855.59411-1481.93247j
2001-08-01 12:00:02.5366 PDT, -855.28219-1481.39221j
2001-08-01 12:00:02.5368 PDT, -854.97027-1480.85195j
2001-08-01 12:00:02.5370 PDT, -854.65835-1480.31169j
2001-08-01 12:00:02.5372 PDT, -854.34643-1479.77143j
2001-08-01 12:00:02.5374 PDT, -854.03451-1479.23117j
2001-08-01 12:00:02.5376 PDT, -853.72259-1478.69091j
2001-08-01 12:00:02.5378 PDT, -853.41068-1478.15065j
2001-08-01 12:00:02.5380 PDT, -853.09876-1477.61039j
2001-08-01 12:00:02.5382 PDT, -852.78684-1477.07013j
2001-08-01 12:00:02.5384 PDT, -852.47492-1476.52987j
2001-08-01 12:00:02.5386 PDT, -852.16300-1475.98961j
2001-08-01 12:00:02.5388 PDT, -851.85108-1475.44935j
2001-08-01 12:00:02.5390 PDT, -851.53916-1474.90909j
2001-08-01 12:00:02.5392 PDT, -851.22724-1474.36883j
2001-08-01 12:00:02.5394 PDT, -850.91532-1473.82857j
2001-08-01 12:00:02.5396 PDT, -850.60340-1473.28831j
2001-08-01 12:00:02.5398 PDT, -850.29148-1472.74805j
2001-08-01 12:00:02.5400 PDT, -849.97957-1472.20779j
2001-08-01 12:00:02.5402 PDT, -849.66765-1471.66753j
2001-08-01 12:00:02.5404 PDT, -849.35573-1471.12727j
2001-08-01 12:00:02.5406 PDT, -849.04381-1470.58701j
2001-08-01 12:00:02.5408 PDT, -848.73189-1470.04675j
2001-08-01 12:00:02.5410 PDT, -848.41997-1469.50649j
2001-08-01 12:00:02.5412 PDT, -848.10805-1468.96623j
2001-08-01 12:00:02.5414 PDT, -847.79613-1468.42597j
2001-08-01 12:00:02.5416 PDT, -847.48421-1467.88571j
2001-08-01 12:00:02.5418 PDT, -847.17229-1467.34545j
2001-08-01 12:00:02.5420 PDT, -846.86037-1466.80519j
2001-08-01 12:00:02.5422 PDT, -846.54845-1466.26494j
2001-08-01 12:00:02.5424 PDT, -846.23654-1465.72468j
2001-08-01 12:00:02.5426 PDT, -845.92462-1465.18442j
2001-08-01 12:00:02.5428 PDT, -845.61270-1464.64416j
2001-08-01 12:00:02.5430 PDT, -845.30078-1464.10390j
2001-08-01 12:00:02.5432 PDT, -844.98886-1463.56364j
2001-08-01 12:00:02.5434 PDT, -844.67694-1463.02338j
2001-08-01 12:00:02.5436 PDT, -844.36502-1462.48312j
2001-08-01 12:00:02.5438 PDT, -844.05310-1461.94286j
2001-08-01 12:00:02.5440 PDT, -843.74118-1461.40260j
2001-08-01 12:00:02.5442 PDT, -843.42926-1460.86234j
2001-08-01 12:00:02.5444 PDT, -843.11734-1460.32208j
2001-08-01 12:00:02.5446 PDT, -842.80543-1459.78182j
2001-08-01 12:00:02.5448 PDT, -842.49351-1459.24156j
2001-08-01 12:00:02.5450 PDT, -842.18159-1458.70130j
2001-08-01 12:00:02.5452 PDT, -841.86967-1458.16104j
2001-08-01 12:00:02.5454 PDT, -841.55775-1457.62078j
2001-08-01 12:00:02.5456 PDT, -841.24583-1457.08052j
2001-08-01 12:00:02.5458 PDT, -840.93391-1456.54026j
2001-08-01 12:00:02.5460 PDT, -840.62199-1456.00000j
2001-08-01 12:00:02.5462 PDT, -840.31007-1455.45974j
2001-08-01 12:00:02.5464 PDT, -839.99815-1454.91948j
2001-08-01 12:00:02.5466 PDT, -839.68623-1454.37922j
2001-08-01 12:00:02.5468 PDT, -839.37432-1453.83896j
2001-08-01 12:00:02.5470 PDT, -839.06240-1453.29870j
2001-08-01 12:00:02.5472 PDT, -838.75048-1452.75844j
2001-08-01 12:00:02.5474 PDT, -838.43856-1452.21818j
2001-08-01 12:00:02.5476 PDT, -838.12664-1451.67792j
2001-08-01 12:00:02.5478 PDT, -837.81472-1451.13766j
2001-08-01 12:00:02.5480 PDT, -837.50280-1450.59740j
2001-08-01 12:00:02.5482 PDT, -837.19088-1450.05714j
2001-08-01 12:00:02.5484 PDT, -836.87896-1449.51688j
2001-08-01 12:00:02.5486 PDT, -836.56704-1448.97662j
2001-08-01 12:00:02.5488 PDT, -836.25512-1448.43636j
2001-08-01 12:00:02.5490 PDT, -835.94321-1447.89610j
2001-08-01 12:00:02.5492 PDT, -835.63129-1447.35584j
2001-08-01 12:00:02.5494 PDT, -835.31937-1446.81558j
2001-08-01 12:00:02.5496 PDT, -835.00745-1446.27532j
2001-08-01 12:00:02.5498 PDT, -834.69553-1445.73506j
2001-08-01 12:00:02.5500 PDT, -834.38361-1445.19481j
2001-08-01 12:00:02.5502 PDT, -834.07169-1444.65455j
2001-08-01 12:00:02.5504 PDT, -833.75977-1444.11429j
2001-08-01 12:00:02.5506 PDT, -833.44785-1443.57403j
2001-08-01 12:00:02.5508 PDT, -833.13593-1443.03377j
2001-08-01 12:00:02.5510 PDT, -832.82401-1442.49351j
2001-08-01 12:00:02.5512 PDT, -832.51210-1441.95325j
2001-08-01 12:00:02.5514 PDT, -832.20018-1441.41299j
2001-08-01 12:00:02.5516 PDT, -831.88826-1440.87273j
2001-08-01 12:00:02.5518 PDT, -831.57634-1440.33247j
2001-08-01 12:00:02.5520 PDT, -831.26442-1439.79221j
2001-08-01 12:00:02.5522 PDT, -830.95250-1439.25195j
2001-08-01 12:00:02.5524 PDT, -830.64058-1438.71169j
2001-08-01 12:00:02.5526 PDT, -830.32866-1438.17143j
2001-08-01 12:00:02.5528 PDT, -830.01674-1437.63117j
2001-08-01 12:00:02.5530 PDT, -829.70482-1437.09091j
2001-08-01 12:00:02.5532 PDT, -829.39290-1436.55065j
2001-08-01 12:00:02.5534 PDT, -829.08099-1436.01039j
2001-08-01 12:00:02.5536 PDT, -828.76907-1435.47013j
2001-08-01 12:00:02.5538 PDT, -828.45715-1434.92987j
2001-08-01 12:00:02.5540 PDT, -828.14523-1434.38961j
2001-08-01 12:00:02.5542 PDT, -827.83331-1433.84935j
2001-08-01 12:00:02.5544 PDT, -827.52139-1433.30909j
2001-08-01 12:00:02.5546 PDT, -827.20947-1432.76883j
2001-08-01 12:00:02.5548 PDT, -826.89755-1432.22857j
2001-08-01 12:00:02.5550 PDT, -826.58563-1431.68831j
2001-08-01 12:00:02.5552 PDT, -826.27371-1431.14805j
2001-08-01 12:00:02.5554 PDT, -825.96179-1430.60779j
2001-08-01 12:00:02.5556 PDT, -825.64987-1430.06753j
2001-08-01 12:00:02.5558 PDT, -825.33796-1429.52727j
2001-08-01 12:00:02.5560 PDT, -825.02604-1428.98701j
2001-08-01 12:00:02.5562 PDT, -824.71412-1428.44675j
2001-08-01 12:00:02.5564 PDT, -824.40220-1427.90649j
2001-08-01 12:00:02.5566 PDT, -824.09028-1427.36623j
2001-08-01 12:00:02.5568 PDT, -823.77836-1426.82597j
2001-08-01 12:00:02.5570 PDT, -823.46644-1426.28571j
2001-08-01 12:00:02.5572 PDT, -823.15452-1425.74545j
2001-08-01 12:00:02.5574 PDT, -822.84260-1425.20519j
2001-08-01 12:00:02.5576 PDT, -822.53068-1424.66494j
2001-08-01 12:00:02.5578 PDT, -822.21876-1424.12468j
2001-08-01 12:00:02.5580 PDT, -821.90685-1423.58442j
2001-08-01 12:00:02.5582 PDT, -821.59493-1423.04416j
2001-08-01 12:00:02.5584 PDT, -821.28301-1422.50390j
2001-08-01 12:00:02.5586 PDT, -820.97109-1421.96364j
2001-08-01 12:00:02.5588 PDT, -820.65917-1421.42338j
2001-08-01 12:00:02.5590 PDT, -820.34725-1420.88312j
2001-08-01 12:00:02.5592 PDT, -820.03533-1420.34286j
2001-08-01 12:00:02.5594 PDT, -819.72341-1419.80260j
2001-08-01 12:00:02.5596 PDT, -819.41149-1419.26234j
2001-08-01 12:00:02.5598 PDT, -819.09957-1418.72208j
2001-08-01 12:00:02.5600 PDT, -818.78765-1418.18182j
2001-08-01 12:00:02.5602 PDT, -818.47574-1417.64156j
2001-08-01 12:00:02.5604 PDT, -818.16382-1417.10130j
2001-08-01 12:00:02.5606 PDT, -817.85190-1416.56104j
2001-08-01 12:00:02.5608 PDT, -817.53998-1416.02078j
2001-08-01 12:00:02.5610 PDT, -817.22806-1415.48052j
2001-08-01 12:00:02.5612 PDT, -816.91614-1414.94026j
2001-08-01 12:00:02.5614 PDT, -816.60422-1414.40000j
2001-08-01 12:00:02.5616 PDT, -816.29230-1413.85974j
2001-08-01 12:00:02.5618 PDT, -815.98038-1413.31948j
2001-08-01 12:00:02.5620 PDT, -815.66846-1412.77922j
2001-08-01 12:00:02.5622 PDT, -815.35654-1412.23896j
2001-08-01 12:00:02.5624 PDT, -815.04463-1411.69870j
2001-08-01 12:00:02.5626 PDT, -814.73271-1411.15844j
2001-08-01 12:00:02.5628 PDT, -814.42079-1410.61818j
2001-08-01 12:00:02.5630 PDT, -814.10887-1410.07792j
2001-08-01 12:00:02.5632 PDT, -813.79695-1409.53766j
2001-08-01 12:00:02.5634 PDT, -813.48503-1408.99740j
2001-08-01 12:00:02.5636 PDT, -813.17311-1408.45714j
2001-08-01 12:00:02.5638 PDT, -812.86119-1407.91688j
2001-08-01 12:00:02.5640 PDT, -812.54927-1407.37662j
2001-08-01 12:00:02.5642 PDT, -812.23735-1406.83636j
2001-08-01 12:00:02.5644 PDT, -811.92543-1406.29610j
2001-08-01 12:00:02.5646 PDT, -811.61352-1405.75584j
2001-08-01 12:00:02.5648 PDT, -811.30160-1405.21558j
2001-08-01 12:00:02.5650 PDT, -810.98968-1404.67532j
2001-08-01 12:00:02.5652 PDT, -810.67776-1404.13506j
2001-08-01 12:00:02.5654 PDT, -810.36584-1403.59481j
2001-08-01 12:00:02.5656 PDT, -810.05392-1403.05455j
2001-08-01 12:00:02.5658 PDT, -809.74200-1402.51429j
2001-08-01 12:00:02.5660 PDT, -809.43008-1401.97403j
2001-08-01 12:00:02.5662 PDT, -809.11816-1401.43377j
2001-08-01 12:00:02.5664 PDT, -808.80624-1400.89351j
2001-08-01 12:00:02.5666 PDT, -808.49432-1400.35325j
2001-08-01 12:00:02.5668 PDT, -808.18240-1399.81299j
2001-08-01 12:00:02.5670 PDT, -807.87049-1399.27273j
2001-08-01 12:00:02.5672 PDT, -807.55857-1398.73247j
2001-08-01 12:00:02.5674 PDT, -807.24665-1398.19221j
2001-08-01 12:00:02.5676 PDT, -806.93473-1397.65195j
2001-08-01 12:00:02.5678 PDT, -806.62281-1397.11169j
2001-08-01 12:00:02.5680 PDT, -806.31089-1396.57143j
2001-08-01 12:00:02.5682 PDT, -805.99897-1396.03117j
2001-08-01 12:00:02.5684 PDT, -805.68705-1395.49091j
2001-08-01 12:00:02.5686 PDT, -805.37513-1394.95065j
2001-08-01 12:00:02.5688 PDT, -805.06321-1394.41039j
2001-08-01 12:00:02.5690 PDT, -804.75129-1393.87013j
2001-08-01 12:00:02.5692 PDT, -804.43938-1393.32987j
2001-08-01 12:00:02.5694 PDT, -804.12746-1392.78961j
2001-08-01 12:00:02.5696 PDT, -803.81554-1392.24935j
2001-08-01 12:00:02.5698 PDT, -803.50362-1391.70909j
2001-08-01 12:00:02.5700 PDT, -803.19170-1391.16883j
2001-08-01 12:00:02.5702 PDT, -802.87978-1390.62857j
2001-08-01 12:00:02.5704 PDT, -802.56786-1390.08831j
2001-08-01 12:00:02.5706 PDT, -802.25594-1389.54805j
2001-08-01 12:00:02.5708 PDT, -801.94402-1389.00779j
2001-08-01 12:00:02.5710 PDT, -801.63210-1388.46753j
2001-08-01 12:00:02.5712 PDT, -801.32018-1387.92727j
2001-08-01 12:00:02.5714 PDT, -801.00827-1387.38701j
2001-08-01 12:00:02.5716 PDT, -800.69635-1386.84675j
2001-08-01 12:00:02.5718 PDT, -800.38443-1386.30649j
2001-08-01 12:00:02.5720 PDT, -800.07251-1385.76623j
2001-08-01 12:00:02.5722 PDT, -799.76059-1385.22597j
2001-08-01 12:00:02.5724 PDT, -799.44867-1384.68571j
2001-08-01 12:00:02.5726 PDT, -799.13675-1384.14545j
2001-08-01 12:00:02.5728 PDT, -798.82483-1383.60519j
2001-08-01 12:00:02.5730 PDT, -798.51291-1383.06494j
2001-08-01 12:00:02.5732 PDT, -798.20099-1382.52468j
2001-08-01 12:00:02.5734 PDT, -797.88907-1381.98442j
2001-08-01 12:00:02.5736 PDT, -797.57716-1381.44416j
2001-08-01 12:00:02.5738 PDT, -797.26524-1380.90390j
2001-08-01 12:00:02.5740 PDT, -796.95332-1380.36364j
2001-08-01 12:00:02.5742 PDT, -796.64140-1379.82338j
2001-08-01 12:00:02.5744 PDT, -796.32948-1379.28312j
2001-08-01 12:00:02.5746 PDT, -796.01756-1378.74286j
2001-08-01 12:00:02.5748 PDT, -795.70564-1378.20260j
2001-08-01 12:00:02.5750 PDT, -795.39372-1377.66234j
2001-08-01 12:00:02.5752 PDT, -795.08180-1377.12208j
2001-08-01 12:00:02.5754 PDT, -794.76988-1376.58182j
2001-08-01 12:00:02.5756 PDT, -794.45796-1376.04156j
2001-08-01 12:00:02.5758 PDT, -794.14605-1375.50130j
2001-08-01 12:00:02.5760 PDT, -793.83413-1374.96104j
2001-08-01 12:00:02.5762 PDT, -793.52221-1374.42078j
2001-08-01 12:00:02.5764 PDT, -793.21029-1373.88052j
2001-08-01 12:00:02.5766 PDT, -792.89837-1373.34026j
2001-08-01 12:00:02.5768 PDT, -792.58645-1372.80000j
2001-08-01 12:00:02.5770 PDT, -792.27453-1372.25974j
2001-08-01 12:00:02.5772 PDT, -791.96261-1371.71948j
2001-08-01 12:00:02.5774 PDT, -791.65069-1371.17922j
2001-08-01 12:00:02.5776 PDT, -791.33877-1370.63896j
2001-08-01 12:00:02.5778 PDT, -791.02685-1370.09870j
2001-08-01 12:00:02.5780 PDT, -790.71493-1369.55844j
2001-08-01 12:00:02.5782 PDT, -790.40302-1369.01818j
2001-08-01 12:00:02.5784 PDT, -790.09110-1368.47792j
2001-08-01 12:00:02.5786 PDT, -789.77918-1367.93766j
2001-08-01 12:00:02.5788 PDT, -789.46726-1367.39740j
2001-08-01 12:00:02.5790 PDT, -789.15534-1366.85714j
2001-08-01 12:00:02.5792 PDT, -788.84342-1366.31688j
2001-08-01 12:00:02.5794 PDT, -788.53150-1365.77662j
2001-08-01 12:00:02.5796 PDT, -788.21958-1365.23636j
2001-08-01 12:00:02.5798 PDT, -787.90766-1364.69610j
2001-08-01 12:00:02.5800 PDT, -787.59574-1364.15584j
2001-08-01 12:00:02.5802 PDT, -787.28382-1363.61558j
2001-08-01 12:00:02.5804 PDT, -786.97191-1363.07532j
2001-08-01 12:00:02.5806 PDT, -786.65999-1362.53506j
2001-08-01 12:00:02.5808 PDT, -786.34807-1361.99481j
2001-08-01 12:00:02.5810 PDT, -786.03615-1361.45455j
2001-08-01 12:00:02.5812 PDT, -785.72423-1360.91429j
2001-08-01 12:00:02.5814 PDT, -785.41231-1360.37403j
2001-08-01 12:00:02.5816 PDT, -785.10039-1359.83377j
2001-08-01 12:00:02.5818 PDT, -784.78847-1359.29351j
2001-08-01 12:00:02.5820 PDT, -784.47655-1358.75325j
2001-08-01 12:00:02.5822 PDT, -784.16463-1358.21299j
2001-08-01 12:00:02.5824 PDT, -783.85271-1357.67273j
2001-08-01 12:00:02.5826 PDT, -783.54080-1357.13247j
2001-08-01 12:00:02.5828 PDT, -783.22888-1356.59221j
2001-08-01 12:00:02.5830 PDT, -782.91696-1356.05195j
2001-08-01 12:00:02.5832 PDT, -782.60504-1355.51169j
2001-08-01 12:00:02.5834 PDT, -782.29312-1354.97143j
2001-08-01 12:00:02.5836 PDT, -781.98120-1354.43117j
2001-08-01 12:00:02.5838 PDT, -781.66928-1353.89091j
2001-08-01 12:00:02.5840 PDT, -781.35736-1353.35065j
2001-08-01 12:00:02.5842 PDT, -781.04544-1352.81039j
2001-08-01 12:00:02.5844 PDT, -780.73352-1352.27013j
2001-08-01 12:00:02.5846 PDT, -780.42160-1351.72987j
2001-08-01 12:00:02.5848 PDT, -780.10969-1351.18961j
2001-08-01 12:00:02.5850 PDT, -779.79777-1350.64935j
2001-08-01 12:00:02.5852 PDT, -779.48585-1350.10909j
2001-08-01 12:00:02.5854 PDT, -779.17393-1349.56883j
2001-08-01 12:00:02.5856 PDT, -778.86201-1349.02857j
2001-08-01 12:00:02.5858 PDT, -778.55009-1348.48831j
2001-08-01 12:00:02.5860 PDT, -778.23817-1347.94805j
2001-08-01 12:00:02.5862 PDT, -777.92625-1347.40779j
2001-08-01 12:00:02.5864 PDT, -777.61433-1346.86753j
2001-08-01 12:00:02.5866 PDT, -777.30241-1346.32727j
2001-08-01 12:00:02.5868 PDT, -776.99049-1345.78701j
2001-08-01 12:00:02.5870 PDT, -776.67858-1345.24675j
2001-08-01 12:00:02.5872 PDT, -776.36666-1344.70649j
2001-08-01 12:00:02.5874 PDT, -776.05474-1344.16623j
2001-08-01 12:00:02.5876 PDT, -775.74282-1343.62597j
2001-08-01 12:00:02.5878 PDT, -775.43090-1343.08571j
2001-08-01 12:00:02.5880 PDT, -775.11898-1342.54545j
2001-08-01 12:00:02.5882 PDT, -774.80706-1342.00519j
2001-08-01 12:00:02.5884 PDT, -774.49514-1341.46494j
2001-08-01 12:00:02.5886 PDT, -774.18322-1340.92468j
2001-08-01 12:00:02.5888 PDT, -773.87130-1340.38442j
2001-08-01 12:00:02.5890 PDT, -773.55938-1339.84416j
2001-08-01 12:00:02.5892 PDT, -773.24746-1339.30390j
2001-08-01 12:00:02.5894 PDT, -772.93555-1338.76364j
2001-08-01 12:00:02.5896 PDT, -772.62363-1338.22338j
2001-08-01 12:00:02.5898 PDT, -772.31171-1337.68312j
2001-08-01 12:00:02.5900 PDT, -771.99979-1337.14286j
2001-08-01 12:00:02.5902 PDT, -771.68787-1336.60260j
2001-08-01 12:00:02.5904 PDT, -771.37595-1336.06234j
2001-08-01 12:00:02.5906 PDT, -771.06403-1335.52208j
2001-08-01 12:00:02.5908 PDT, -770.75211-1334.98182j
2001-08-01 12:00:02.5910 PDT, -770.44019-1334.44156j
2001-08-01 12:00:02.5912 PDT, -770.12827-1333.90130j
2001-08-01 12:00:02.5914 PDT, -769.81635-1333.36104j
2001-08-01 12:00:02.5916 PDT, -769.50444-1332.82078j
2001-08-01 12:00:02.5918 PDT, -769.19252-1332.28052j
2001-08-01 12:00:02.5920 PDT, -768.88060-1331.74026j
2001-08-01 12:00:02.5922 PDT, -768.56868-1331.20000j
2001-08-01 12:00:02.5924 PDT, -768.25676-1330.65974j
2001-08-01 12:00:02.5926 PDT, -767.94484-1330.11948j
2001-08-01 12:00:02.5928 PDT, -767.63292-1329.57922j
2001-08-01 12:00:02.5930 PDT, -767.32100-1329.03896j
2001-08-01 12:00:02.5932 PDT, -767.00908-1328.49870j
2001-08-01 12:00:02.5934 PDT, -766.69716-1327.95844j
2001-08-01 12:00:02.5936 PDT, -766.38524-1327.41818j
2001-08-01 12:00:02.5938 PDT, -766.07333-1326.87792j
2001-08-01 12:00:02.5940 PDT, -765.76141-1326.33766j
2001-08-01 12:00:02.5942 PDT, -765.44949-1325.79740j
2001-08-01 12:00:02.5944 PDT, -765.13757-1325.25714j
2001-08-01 12:00:02.5946 PDT, -764.82565-1324.71688j
2001-08-01 12:00:02.5948 PDT, -764.51373-1324.17662j
2001-08-01 12:00:02.5950 PDT, -764.20181-1323.63636j
2001-08-01 12:00:02.5952 PDT, -763.88989-1323.09610j
2001-08-01 12:00:02.5954 PDT, -763.57797-1322.55584j
2001-08-01 12:00:02.5956 PDT, -763.26605-1322.01558j
2001-08-01 12:00:02.5958 PDT, -762.95413-1321.47532j
2001-08-01 12:00:02.5960 PDT, -762.64222-1320.93506j
2001-08-01 12:00:02.5962 PDT, -762.33030-1320.39481j
2001-08-01 12:00:02.5964 PDT, -762.01838-1319.85455j
2001-08-01 12:00:02.5966 PDT, -761.70646-1319.31429j
2001-08-01 12:00:02.5968 PDT, -761.39454-1318.77403j
2001-08-01 12:00:02.5970 PDT, -761.08262-1318.23377j
2001-08-01 12:00:02.5972 PDT, -760.77070-1317.69351j
2001-08-01 12:00:02.5974 PDT, -760.45878-1317.15325j
2001-08-01 12:00:02.5976 PDT, -760.14686-1316.61299j
2001-08-01 12:00:02.5978 PDT, -759.83494-1316.07273j
2001-08-01 12:00:02.5980 PDT, -759.52302-1315.53247j
2001-08-01 12:00:02.5982 PDT, -759.21111-1314.99221j
2001-08-01 12:00:02.5984 PDT, -758.89919-1314.45195j
2001-08-01 12:00:02.5986 PDT, -758.58727-1313.91169j
2001-08-01 12:00:02.5988 PDT, -758.27535-1313.37143j
2001-08-01 12:00:02.5990 PDT, -757.96343-1312.83117j
2001-08-01 12:00:02.5992 PDT, -757.65151-1312.29091j
2001-08-01 12:00:02.5994 PDT, -757.33959-1311.75065j
2001-08-01 12:00:02.5996 PDT, -757.02767-1311.21039j
2001-08-01 12:00:02.5998 PDT, -756.71575-1310.67013j
2001-08-01 12:00:02.6000 PDT, -756.40383-1310.12987j
2001-08-01 12:00:02.6002 PDT, -756.09191-1309.58961j
2001-08-01 12:00:02.6004 PDT, -755.77999-1309.04935j
2001-08-01 12:00:02.6006 PDT, -755.46808-1308.50909j
2001-08-01 12:00:02.6008 PDT, -755.15616-1307.96883j
2001-08-01 12:00:02.6010 PDT, -754.84424-1307.42857j
2001-08-01 12:00:02.6012 PDT, -754.53232-1306.88831j
2001-08-01 12:00:02.6014 PDT, -754.22040-1306.34805j
2001-08-01 12:00:02.6016 PDT, -753.90848-1305.80779j
2001-08-01 12:00:02.6018 PDT, -753.59656-1305.26753j
2001-08-01 12:00:02.6020 PDT, -753.28464-1304.72727j
2001-08-01 12:00:02.6022 PDT, -752.97272-1304.18701j
2001-08-01 12:00:02.6024 PDT, -752.66080-1303.64675j
2001-08-01 12:00:02.6026 PDT, -752.34888-1303.10649j
2001-08-01 12:00:02.6028 PDT, -752.03697-1302.56623j
2001-08-01 12:00:02.6030 PDT, -751.72505-1302.02597j
2001-08-01 12:00:02.6032 PDT, -751.41313-1301.48571j
2001-08-01 12:00:02.6034 PDT, -751.10121-1300.94545j
2001-08-01 12:00:02.6036 PDT, -750.78929-1300.40519j
2001-08-01 12:00:02.6038 PDT, -750.47737-1299.86494j
2001-08-01 12:00:02.6040 PDT, -750.16545-1299.32468j
2001-08-01 12:00:02.6042 PDT, -749.85353-1298.78442j
2001-08-01 12:00:02.6044 PDT, -749.54161-1298.24416j
2001-08-01 12:00:02.6046 PDT, -749.22969-1297.70390j
2001-08-01 12:00:02.6048 PDT, -748.91777-1297.16364j
2001-08-01 12:00:02.6050 PDT, -748.60586-1296.62338j
2001-08-01 12:00:02.6052 PDT, -748.29394-1296.08312j
2001-08-01 12:00:02.6054 PDT, -747.98202-1295.54286j
2001-08-01 12:00:02.6056 PDT, -747.67010-1295.00260j
2001-08-01 12:00:02.6058 PDT, -747.35818-1294.46234j
2001-08-01 12:00:02.6060 PDT, -747.04626-1293.92208j
2001-08-01 12:00:02.6062 PDT, -746.73434-1293.38182j
2001-08-01 12:00:02.6064 PDT, -746.42242-1292.84156j
2001-08-01 12:00:02.6066 PDT, -746.11050-1292.30130j
2001-08-01 12:00:02.6068 PDT, -745.79858-1291.76104j
2001-08-01 12:00:02.6070 PDT, -745.48666-1291.22078j
2001-08-01 12:00:02.6072 PDT, -745.17475-1290.68052j
2001-08-01 12:00:02.6074 PDT, -744.86283-1290.14026j
2001-08-01 12:00:02.6076 PDT, -744.55091-1289.60000j
2001-08-01 12:00:02.6078 PDT, -744.23899-1289.05974j
2001-08-01 12:00:02.6080 PDT, -743.92707-1288.51948j
2001-08-01 12:00:02.6082 PDT, -743.61515-1287.97922j
2001-08-01 12:00:02.6084 PDT, -743.30323-1287.43896j
2001-08-01 12:00:02.6086 PDT, -742.99131-1286.89870j
2001-08-01 12:00:02.6088 PDT, -742.67939-1286.35844j
2001-08-01 12:00:02.6090 PDT, -742.36747-1285.81818j
2001-08-01 12:00:02.6092 PDT, -742.05555-1285.27792j
2001-08-01 12:00:02.6094 PDT, -741.74364-1284.73766j
2001-08-01 12:00:02.6096 PDT, -741.43172-1284.19740j
2001-08-01 12:00:02.6098 PDT, -741.11980-1283.65714j
2001-08-01 12:00:02.6100 PDT, -740.80788-1283.11688j
2001-08-01 12:00:02.6102 PDT, -740.49596-1282.57662j
2001-08-01 12:00:02.6104 PDT, -740.18404-1282.03636j
2001-08-01 12:00:02.6106 PDT, -739.87212-1281.49610j
2001-08-01 12:00:02.6108 PDT, -739.56020-1280.95584j
2001-08-01 12:00:02.6110 PDT, -739.24828-1280.41558j
2001-08-01 12:00:02.6112 PDT, -738.93636-1279.87532j
2001-08-01 12:00:02.6114 PDT, -738.62444-1279.33506j
2001-08-01 12:00:02.6116 PDT, -738.31253-1278.79481j
2001-08-01 12:00:02.6118 PDT, -738.00061-1278.25455j
2001-08-01 12:00:02.6120 PDT, -737.68869-1277.71429j
2001-08-01 12:00:02.6122 PDT, -737.37677-1277.17403j
2001-08-01 12:00:02.6124 PDT, -737.06485-1276.63377j
2001-08-01 12:00:02.6126 PDT, -736.75293-1276.09351j
2001-08-01 12:00:02.6128 PDT, -736.44101-1275.55325j
2001-08-01 12:00:02.6130 PDT, -736.12909-1275.01299j
2001-08-01 12:00:02.6132 PDT, -735.81717-1274.47273j
2001-08-01 12:00:02.6134 PDT, -735.50525-1273.93247j
2001-08-01 12:00:02.6136 PDT, -735.19333-1273.39221j
2001-08-01 12:00:02.6138 PDT, -734.88141-1272.85195j
2001-08-01 12:00:02.6140 PDT, -734.56950-1272.31169j
2001-08-01 12:00:02.6142 PDT, -734.25758-1271.77143j
2001-08-01 12:00:02.6144 PDT, -733.94566-1271.23117j
2001-08-01 12:00:02.6146 PDT, -733.63374-1270.69091j
2001-08-01 12:00:02.6148 PDT, -733.32182-1270.15065j
2001-08-01 12:00:02.6150 PDT, -733.00990-1269.61039j
2001-08-01 12:00:02.6152 PDT, -732.69798-1269.07013j
2001-08-01 12:00:02.6154 PDT, -732.38606-1268.52987j
2001-08-01 12:00:02.6156 PDT, -732.07414-1267.98961j
2001-08-01 12:00:02.6158 PDT, -731.76222-1267.44935j
2001-08-01 12:00:02.6160 PDT, -731.45030-1266.90909j
2001-08-01 12:00:02.6162 PDT, -731.13839-1266.36883j
2001-08-01 12:00:02.6164 PDT, -730.82647-1265.82857j
2001-08-01 12:00:02.6166 PDT, -730.51455-1265.28831j
2001-08-01 12:00:02.6168 PDT, -730.20263-1264.74805j
2001-08-01 12:00:02.6170 PDT, -729.89071-1264.20779j
2001-08-01 12:00:02.6172 PDT, -729.57879-1263.66753j
2001-08-01 12:00:02.6174 PDT, -729.26687-1263.12727j
2001-08-01 12:00:02.6176 PDT, -728.95495-1262.58701j
2001-08-01 12:00:02.6178 PDT, -728.64303-1262.04675j
2001-08-01 12:00:02.6180 PDT, -728.33111-1261.50649j
2001-08-01 12:00:02.6182 PDT, -728.01919-1260.96623j
2001-08-01 12:00:02.6184 PDT, -727.70728-1260.42597j
2001-08-01 12:00:02.6186 PDT, -727.39536-1259.88571j
2001-08-01 12:00:02.6188 PDT, -727.08344-1259.34545j
2001-08-01 12:00:02.6190 PDT, -726.77152-1258.80519j
2001-08-01 12:00:02.6192 PDT, -726.45960-1258.26494j
2001-08-01 12:00:02.6194 PDT, -726.14768-1257.72468j
2001-08-01 12:00:02.6196 PDT, -725.83576-1257.18442j
2001-08-01 12:00:02.6198 PDT, -725.52384-1256.64416j
2001-08-01 12:00:02.6200 PDT, -725.21192-1256.10390j
2001-08-01 12:00:02.6202 PDT, -724.90000-1255.56364j
2001-08-01 12:00:02.6204 PDT, -724.58808-1255.02338j
2001-08-01 12:00:02.6206 PDT, -724.27617-1254.48312j
2001-08-01 12:00:02.6208 PDT, -723.96425-1253.94286j
2001-08-01 12:00:02.6210 PDT, -723.65233-1253.40260j
2001-08-01 12:00:02.6212 PDT, -723.34041-1252.86234j
2001-08-01 12:00:02.6214 PDT, -723.02849-1252.32208j
2001-08-01 12:00:02.6216 PDT, -722.71657-1251.78182j
2001-08-01 12:00:02.6218 PDT, -722.40465-1251.24156j
2001-08-01 12:00:02.6220 PDT, -722.09273-1250.70130j
2001-08-01 12:00:02.6222 PDT, -721.78081-1250.16104j
2001-08-01 12:00:02.6224 PDT, -721.46889-1249.62078j
2001-08-01 12:00:02.6226 PDT, -721.15697-1249.08052j
2001-08-01 12:00:02.6228 PDT, -720.84506-1248.54026j
2001-08-01 12:00:02.6230 PDT, -720.53314-1248.00000j
2001-08-01 12:00:02.6232 PDT, -720.22122-1247.45974j
2001-08-01 12:00:02.6234 PDT, -719.90930-1246.91948j
2001-08-01 12:00:02.6236 PDT, -719.59738-1246.37922j
2001-08-01 12:00:02.6238 PDT, -719.28546-1245.83896j
2001-08-01 12:00:02.6240 PDT, -718.97354-1245.29870j
2001-08-01 12:00:02.6242 PDT, -718.66162-1244.75844j
2001-08-01 12:00:02.6244 PDT, -718.34970-1244.21818j
2001-08-01 12:00:02.6246 PDT, -718.03778-1243.67792j
2001-08-01 12:00:02.6248 PDT, -717.72586-1243.13766j
2001-08-01 12:00:02.6250 PDT, -717.41394-1242.59740j
2001-08-01 12:00:02.6252 PDT, -717.10203-1242.05714j
2001-08-01 12:00:02.6254 PDT, -716.79011-1241.51688j
2001-08-01 12:00:02.6256 PDT, -716.47819-1240.97662j
2001-08-01 12:00:02.6258 PDT, -716.16627-1240.43636j
2001-08-01 12:00:02.6260 PDT, -715.85435-1239.89610j
2001-08-01 12:00:02.6262 PDT, -715.54243-1239.35584j
2001-08-01 12:00:02.6264 PDT, -715.23051-1238.81558j
2001-08-01 12:00:02.6266 PDT, -714.91859-1238.27532j
2001-08-01 12:00:02.6268 PDT, -714.60667-1237.73506j
2001-08-01 12:00:02.6270 PDT, -714.29475-1237.19481j
2001-08-01 12:00:02.6272 PDT, -713.98283-1236.65455j
2001-08-01 12:00:02.6274 PDT, -713.67092-1236.11429j
2001-08-01 12:00:02.6276 PDT, -713.35900-1235.57403j
2001-08-01 12:00:02.6278 PDT, -713.04708-1235.03377j
2001-08-01 12:00:02.6280 PDT, -712.73516-1234.49351j
2001-08-01 12:00:02.6282 PDT, -712.42324-1233.95325j
2001-08-01 12:00:02.6284 PDT, -712.11132-1233.41299j
2001-08-01 12:00:02.6286 PDT, -711.79940-1232.87273j
2001-08-01 12:00:02.6288 PDT, -711.48748-1232.33247j
2001-08-01 12:00:02.6290 PDT, -711.17556-1231.79221j
2001-08-01 12:00:02.6292 PDT, -710.86364-1231.25195j
2001-08-01 12:00:02.6294 PDT, -710.55172-1230.71169j
2001-08-01 12:00:02.6296 PDT, -710.23981-1230.17143j
2001-08-01 12:00:02.6298 PDT, -709.92789-1229.63117j
2001-08-01 12:00:02.6300 PDT, -709.61597-1229.09091j
2001-08-01 12:00:02.6302 PDT, -709.30405-1228.55065j
2001-08-01 12:00:02.6304 PDT, -708.99213-1228.01039j
2001-08-01 12:00:02.6306 PDT, -708.68021-1227.47013j
2001-08-01 12:00:02.6308 PDT, -708.36829-1226.92987j
2001-08-01 12:00:02.6310 PDT, -708.05637-1226.38961j
2001-08-01 12:00:02.6312 PDT, -707.74445-1225.84935j
2001-08-01 12:00:02.6314 PDT, -707.43253-1225.30909j
2001-08-01 12:00:02.6316 PDT, -707.12061-1224.76883j
2001-08-01 12:00:02.6318 PDT, -706.80870-1224.22857j
2001-08-01 12:00:02.6320 PDT, -706.49678-1223.68831j
2001-08-01 12:00:02.6322 PDT, -706.18486-1223.14805j
2001-08-01 12:00:02.6324 PDT, -705.87294-1222.60779j
2001-08-01 12:00:02.6326 PDT, -705.56102-1222.06753j
2001-08-01 12:00:02.6328 PDT, -705.24910-1221.52727j
2001-08-01 12:00:02.6330 PDT, -704.93718-1220.98701j
2001-08-01 12:00:02.6332 PDT, -704.62526-1220.44675j
2001-08-01 12:00:02.6334 PDT, -704.31334-1219.90649j
2001-08-01 12:00:02.6336 PDT, -704.00142-1219.36623j
2001-08-01 12:00:02.6338 PDT, -703.68950-1218.82597j
2001-08-01 12:00:02.6340 PDT, -703.37759-1218.28571j
2001-08-01 12:00:02.6342 PDT, -703.06567-1217.74545j
2001-08-01 12:00:02.6344 PDT, -702.75375-1217.20519j
2001-08-01 12:00:02.6346 PDT, -702.44183-1216.66494j
2001-08-01 12:00:02.6348 PDT, -702.12991-1216.12468j
2001-08-01 12:00:02.6350 PDT, -701.81799-1215.58442j
2001-08-01 12:00:02.6352 PDT, -701.50607-1215.04416j
2001-08-01 12:00:02.6354 PDT, -701.19415-1214.50390j
2001-08-01 12:00:02.6356 PDT, -700.88223-1213.96364j
2001-08-01 12:00:02.6358 PDT, -700.57031-1213.42338j
2001-08-01 12:00:02.6360 PDT, -700.25839-1212.88312j
2001-08-01 12:00:02.6362 PDT, -699.94647-1212.34286j
2001-08-01 12:00:02.6364 PDT, -699.63456-1211.80260j
2001-08-01 12:00:02.6366 PDT, -699.32264-1211.26234j
2001-08-01 12:00:02.6368 PDT, -699.01072-1210.72208j
2001-08-01 12:00:02.6370 PDT, -698.69880-1210.18182j
2001-08-01 12:00:02.6372 PDT, -698.38688-1209.64156j
2001-08-01 12:00:02.6374 PDT, -698.07496-1209.10130j
2001-08-01 12:00:02.6376 PDT, -697.76304-1208.56104j
2001-08-01 12:00:02.6378 PDT, -697.45112-1208.02078j
2001-08-01 12:00:02.6380 PDT, -697.13920-1207.48052j
2001-08-01 12:00:02.6382 PDT, -696.82728-1206.94026j
2001-08-01 12:00:02.6384 PDT, -696.51536-1206.40000j
2001-08-01 12:00:02.6386 PDT, -696.20345-1205.85974j
2001-08-01 12:00:02.6388 PDT, -695.89153-1205.31948j
2001-08-01 12:00:02.6390 PDT, -695.57961-1204.77922j
2001-08-01 12:00:02.6392 PDT, -695.26769-1204.23896j
2001-08-01 12:00:02.6394 PDT, -694.95577-1203.69870j
2001-08-01 12:00:02.6396 PDT, -694.64385-1203.15844j
2001-08-01 12:00:02.6398 PDT, -694.33193-1202.61818j
2001-08-01 12:00:02.6400 PDT, -694.02001-1202.07792j
2001-08-01 12:00:02.6402 PDT, -693.70809-1201.53766j
2001-08-01 12:00:02.6404 PDT, -693.39617-1200.99740j
2001-08-01 12:00:02.6406 PDT, -693.08425-1200.45714j
2001-08-01 12:00:02.6408 PDT, -692.77234-1199.91688j
2001-08-01 12:00:02.6410 PDT, -692.46042-1199.37662j
2001-08-01 12:00:02.6412 PDT, -692.14850-1198.83636j
2001-08-01 12:00:02.6414 PDT, -691.83658-1198.29610j
2001-08-01 12:00:02.6416 PDT, -691.52466-1197.75584j
2001-08-01 12:00:02.6418 PDT, -691.21274-1197.21558j
2001-08-01 12:00:02.6420 PDT, -690.90082-1196.67532j
2001-08-01 12:00:02.6422 PDT, -690.58890-1196.13506j
2001-08-01 12:00:02.6424 PDT, -690.27698-1195.59481j
2001-08-01 12:00:02.6426 PDT, -689.96506-1195.05455j
2001-08-01 12:00:02.6428 PDT, -689.65314-1194.51429j
2001-08-01 12:00:02.6430 PDT, -689.34123-1193.97403j
2001-08-01 12:00:02.6432 PDT, -689.02931-1193.43377j
2001-08-01 12:00:02.6434 PDT, -688.71739-1192.89351j
2001-08-01 12:00:02.6436 PDT, -688.40547-1192.35325j
2001-08-01 12:00:02.6438 PDT, -688.09355-1191.81299j
2001-08-01 12:00:02.6440 PDT, -687.78163-1191.27273j
2001-08-01 12:00:02.6442 PDT, -687.46971-1190.73247j
2001-08-01 12:00:02.6444 PDT, -687.15779-1190.19221j
2001-08-01 12:00:02.6446 PDT, -686.84587-1189.65195j
2001-08-01 12:00:02.6448 PDT, -686.53395-1189.11169j
2001-08-01 12:00:02.6450 PDT, -686.22203-1188.57143j
2001-08-01 12:00:02.6452 PDT, -685.91012-1188.03117j
2001-08-01 12:00:02.6454 PDT, -685.59820-1187.49091j
2001-08-01 12:00:02.6456 PDT, -685.28628-1186.95065j
2001-08-01 12:00:02.6458 PDT, -684.97436-1186.41039j
2001-08-01 12:00:02.6460 PDT, -684.66244-1185.87013j
2001-08-01 12:00:02.6462 PDT, -684.35052-1185.32987j
2001-08-01 12:00:02.6464 PDT, -684.03860-1184.78961j
2001-08-01 12:00:02.6466 PDT, -683.72668-1184.24935j
2001-08-01 12:00:02.6468 PDT, -683.41476-1183.70909j
2001-08-01 12:00:02.6470 PDT, -683.10284-1183.16883j
2001-08-01 12:00:02.6472 PDT, -682.79092-1182.62857j
2001-08-01 12:00:02.6474 PDT, -682.47900-1182.08831j
2001-08-01 12:00:02.6476 PDT, -682.16709-1181.54805j
2001-08-01 12:00:02.6478 PDT, -681.85517-1181.00779j
2001-08-01 12:00:02.6480 PDT, -681.54325-1180.46753j
2001-08-01 12:00:02.6482 PDT, -681.23133-1179.92727j
2001-08-01 12:00:02.6484 PDT, -680.91941-1179.38701j
2001-08-01 12:00:02.6486 PDT, -680.60749-1178.84675j
2001-08-01 12:00:02.6488 PDT, -680.29557-1178.30649j
2001-08-01 12:00:02.6490 PDT, -679.98365-1177.76623j
2001-08-01 12:00:02.6492 PDT, -679.67173-1177.22597j
2001-08-01 12:00:02.6494 PDT, -679.35981-1176.68571j
2001-08-01 12:00:02.6496 PDT, -679.04789-1176.14545j
2001-08-01 12:00:02.6498 PDT, -678.73598-1175.60519j
2001-08-01 12:00:02.6500 PDT, -678.42406-1175.06494j
2001-08-01 12:00:02.6502 PDT, -678.11214-1174.52468j
2001-08-01 12:00:02.6504 PDT, -677.80022-1173.98442j
2001-08-01 12:00:02.6506 PDT, -677.48830-1173.44416j
2001-08-01 12:00:02.6508 PDT, -677.17638-1172.90390j
2001-08-01 12:00:02.6510 PDT, -676.86446-1172.36364j
2001-08-01 12:00:02.6512 PDT, -676.55254-1171.82338j
2001-08-01 12:00:02.6514 PDT, -676.24062-1171.28312j
2001-08-01 12:00:02.6516 PDT, -675.92870-1170.74286j
2001-08-01 12:00:02.6518 PDT, -675.61678-1170.20260j
2001-08-01 12:00:02.6520 PDT, -675.30487-1169.66234j
2001-08-01 12:00:02.6522 PDT, -674.99295-1169.12208j
2001-08-01 12:00:02.6524 PDT, -674.68103-1168.58182j
2001-08-01 12:00:02.6526 PDT, -674.36911-1168.04156j
2001-08-01 12:00:02.6528 PDT, -674.05719-1167.50130j
2001-08-01 12:00:02.6530 PDT, -673.74527-1166.96104j
2001-08-01 12:00:02.6532 PDT, -673.43335-1166.42078j
2001-08-01 12:00:02.6534 PDT, -673.12143-1165.88052j
2001-08-01 12:00:02.6536 PDT, -672.80951-1165.34026j
2001-08-01 12:00:02.6538 PDT, -672.49759-1164.80000j
2001-08-01 12:00:02.6540 PDT, -672.18567-1164.25974j
2001-08-01 12:00:02.6542 PDT, -671.87376-1163.71948j
2001-08-01 12:00:02.6544 PDT, -671.56184-1163.17922j
2001-08-01 12:00:02.6546 PDT, -671.24992-1162.63896j
2001-08-01 12:00:02.6548 PDT, -670.93800-1162.09870j
2001-08-01 12:00:02.6550 PDT, -670.62608-1161.55844j
2001-08-01 12:00:02.6552 PDT, -670.31416-1161.01818j
2001-08-01 12:00:02.6554 PDT, -670.00224-1160.47792j
2001-08-01 12:00:02.6556 PDT, -669.69032-1159.93766j
2001-08-01 12:00:02.6558 PDT, -669.37840-1159.39740j
2001-08-01 12:00:02.6560 PDT, -669.06648-1158.85714j
2001-08-01 12:00:02.6562 PDT, -668.75456-1158.31688j
2001-08-01 12:00:02.6564 PDT, -668.44265-1157.77662j
2001-08-01 12:00:02.6566 PDT, -668.13073-1157.23636j
2001-08-01 12:00:02.6568 PDT, -667.81881-1156.69610j
2001-08-01 12:00:02.6570 PDT, -667.50689-1156.15584j
2001-08-01 12:00:02.6572 PDT, -667.19497-1155.61558j
2001-08-01 12:00:02.6574 PDT, -666.88305-1155.07532j
2001-08-01 12:00:02.6576 PDT, -666.57113-1154.53506j
2001-08-01 12:00:02.6578 PDT, -666.25921-1153.99481j
2001-08-01 12:00:02.6580 PDT, -665.94729-1153.45455j
2001-08-01 12:00:02.6582 PDT, -665.63537-1152.91429j
2001-08-01 12:00:02.6584 PDT, -665.32345-1152.37403j
2001-08-01 12:00:02.6586 PDT, -665.01153-1151.83377j
2001-08-01 12:00:02.6588 PDT, -664.69962-1151.29351j
2001-08-01 12:00:02.6590 PDT, -664.38770-1150.75325j
2001-08-01 12:00:02.6592 PDT, -664.07578-1150.21299j
2001-08-01 12:00:02.6594 PDT, -663.76386-1149.67273j
2001-08-01 12:00:02.6596 PDT, -663.45194-1149.13247j
2001-08-01 12:00:02.6598 PDT, -663.14002-1148.59221j
2001-08-01 12:00:02.6600 PDT, -662.82810-1148.05195j
2001-08-01 12:00:02.6602 PDT, -662.51618-1147.51169j
2001-08-01 12:00:02.6604 PDT, -662.20426-1146.97143j
2001-08-01 12:00:02.6606 PDT, -661.89234-1146.43117j
2001-08-01 12:00:02.6608 PDT, -661.58042-1145.89091j
2001-08-01 12:00:02.6610 PDT, -661.26851-1145.35065j
2001-08-01 12:00:02.6612 PDT, -660.95659-1144.81039j
2001-08-01 12:00:02.6614 PDT, -660.64467-1144.27013j
2001-08-01 12:00:02.6616 PDT, -660.33275-1143.72987j
2001-08-01 12:00:02.6618 PDT, -660.02083-1143.18961j
2001-08-01 12:00:02.6620 PDT, -659.70891-1142.64935j
2001-08-01 12:00:02.6622 PDT, -659.39699-1142.10909j
2001-08-01 12:00:02.6624 PDT, -659.08507-1141.56883j
2001-08-01 12:00:02.6626 PDT, -658.77315-1141.02857j
2001-08-01 12:00:02.6628 PDT, -658.46123-1140.48831j
2001-08-01 12:00:02.6630 PDT, -658.14931-1139.94805j
2001-08-01 12:00:02.6632 PDT, -657.83740-1139.40779j
2001-08-01 12:00:02.6634 PDT, -657.52548-1138.86753j
2001-08-01 12:00:02.6636 PDT, -657.21356-1138.32727j
2001-08-01 12:00:02.6638 PDT, -656.90164-1137.78701j
2001-08-01 12:00:02.6640 PDT, -656.58972-1137.24675j
2001-08-01 12:00:02.6642 PDT, -656.27780-1136.70649j
2001-08-01 12:00:02.6644 PDT, -655.96588-1136.16623j
2001-08-01 12:00:02.6646 PDT, -655.65396-1135.62597j
2001-08-01 12:00:02.6648 PDT, -655.34204-1135.08571j
2001-08-01 12:00:02.6650 PDT, -655.03012-1134.54545j
2001-08-01 12:00:02.6652 PDT, -654.71820-1134.00519j
2001-08-01 12:00:02.6654 PDT, -654.40629-1133.46494j
2001-08-01 12:00:02.6656 PDT, -654.09437-1132.92468j
2001-08-01 12:00:02.6658 PDT, -653.78245-1132.38442j
2001-08-01 12:00:02.6660 PDT, -653.47053-1131.84416j
2001-08-01 12:00:02.6662 PDT, -653.15861-1131.30390j
2001-08-01 12:00:02.6664 PDT, -652.84669-1130.76364j
2001-08-01 12:00:02.6666 PDT, -652.53477-1130.22338j
2001-08-01 12:00:02.6668 PDT, -652.22285-1129.68312j
2001-08-01 12:00:02.6670 PDT, -651.91093-1129.14286j
2001-08-01 12:00:02.6672 PDT, -651.59901-1128.60260j
2001-08-01 12:00:02.6674 PDT, -651.28709-1128.06234j
2001-08-01 12:00:02.6676 PDT, -650.97518-1127.52208j
2001-08-01 12:00:02.6678 PDT, -650.66326-1126.98182j
2001-08-01 12:00:02.6680 PDT, -650.35134-1126.44156j
2001-08-01 12:00:02.6682 PDT, -650.03942-1125.90130j
2001-08-01 12:00:02.6684 PDT, -649.72750-1125.36104j
2001-08-01 12:00:02.6686 PDT, -649.41558-1124.82078j
2001-08-01 12:00:02.6688 PDT, -649.10366-1124.28052j
2001-08-01 12:00:02.6690 PDT, -648.79174-1123.74026j
2001-08-01 12:00:02.6692 PDT, -648.47982-1123.20000j
2001-08-01 12:00:02.6694 PDT, -648.16790-1122.65974j
2001-08-01 12:00:02.6696 PDT, -647.85598-1122.11948j
2001-08-01 12:00:02.6698 PDT, -647.54407-1121.57922j
2001-08-01 12:00:02.6700 PDT, -647.23215-1121.03896j
2001-08-01 12:00:02.6702 PDT, -646.92023-1120.49870j
2001-08-01 12:00:02.6704 PDT, -646.60831-1119.95844j
2001-08-01 12:00:02.6706 PDT, -646.29639-1119.41818j
2001-08-01 12:00:02.6708 PDT, -645.98447-1118.87792j
2001-08-01 12:00:02.6710 PDT, -645.67255-1118.33766j
2001-08-01 12:00:02.6712 PDT, -645.36063-1117.79740j
2001-08-01 12:00:02.6714 PDT, -645.04871-1117.25714j
2001-08-01 12:00:02.6716 PDT, -644.73679-1116.71688j
2001-08-01 12:00:02.6718 PDT, -644.42487-1116.17662j
2001-08-01 12:00:02.6720 PDT, -644.11295-1115.63636j
2001-08-01 12:00:02.6722 PDT, -643.80104-1115.09610j
2001-08-01 12:00:02.6724 PDT, -643.48912-1114.55584j
2001-08-01 12:00:02.6726 PDT, -643.17720-1114.01558j
2001-08-01 12:00:02.6728 PDT, -642.86528-1113.47532j
2001-08-01 12:00:02.6730 PDT, -642.55336-1112.93506j
2001-08-01 12:00:02.6732 PDT, -642.24144-1112.39481j
2001-08-01 12:00:02.6734 PDT, -641.92952-1111.85455j
2001-08-01 12:00:02.6736 PDT, -641.61760-1111.31429j
2001-08-01 12:00:02.6738 PDT, -641.30568-1110.77403j
2001-08-01 12:00:02.6740 PDT, -640.99376-1110.23377j
2001-08-01 12:00:02.6742 PDT, -640.68184-1109.69351j
2001-08-01 12:00:02.6744 PDT, -640.36993-1109.15325j
2001-08-01 12:00:02.6746 PDT, -640.05801-1108.61299j
2001-08-01 12:00:02.6748 PDT, -639.74609-1108.07273j
2001-08-01 12:00:02.6750 PDT, -639.43417-1107.53247j
2001-08-01 12:00:02.6752 PDT, -639.12225-1106.99221j
2001-08-01 12:00:02.6754 PDT, -638.81033-1106.45195j
2001-08-01 12:00:02.6756 PDT, -638.49841-1105.91169j
2001-08-01 12:00:02.6758 PDT, -638.18649-1105.37143j
2001-08-01 12:00:02.6760 PDT, -637.87457-1104.83117j
2001-08-01 12:00:02.6762 PDT, -637.56265-1104.29091j
2001-08-01 12:00:02.6764 PDT, -637.25073-1103.75065j
2001-08-01 12:00:02.6766 PDT, -636.93882-1103.21039j
2001-08-01 12:00:02.6768 PDT, -636.62690-1102.67013j
2001-08-01 12:00:02.6770 PDT, -636.31498-1102.12987j
2001-08-01 12:00:02.6772 PDT, -636.00306-1101.58961j
2001-08-01 12:00:02.6774 PDT, -635.69114-1101.04935j
2001-08-01 12:00:02.6776 PDT, -635.37922-1100.50909j
2001-08-01 12:00:02.6778 PDT, -635.06730-1099.96883j
2001-08-01 12:00:02.6780 PDT, -634.75538-1099.42857j
2001-08-01 12:00:02.6782 PDT, -634.44346-1098.88831j
2001-08-01 12:00:02.6784 PDT, -634.13154-1098.34805j
2001-08-01 12:00:02.6786 PDT, -633.81962-1097.80779j
2001-08-01 12:00:02.6788 PDT, -633.50771-1097.26753j
2001-08-01 12:00:02.6790 PDT, -633.19579-1096.72727j
2001-08-01 12:00:02.6792 PDT, -632.88387-1096.18701j
2001-08-01 12:00:02.6794 PDT, -632.57195-1095.64675j
2001-08-01 12:00:02.6796 PDT, -632.26003-1095.10649j
2001-08-01 12:00:02.6798 PDT, -631.94811-1094.56623j
2001-08-01 12:00:02.6800 PDT, -631.63619-1094.02597j
2001-08-01 12:00:02.6802 PDT, -631.32427-1093.48571j
2001-08-01 12:00:02.6804 PDT, -631.01235-1092.94545j
2001-08-01 12:00:02.6806 PDT, -630.70043-1092.40519j
2001-08-01 12:00:02.6808 PDT, -630.38851-1091.86494j
2001-08-01 12:00:02.6810 PDT, -630.07660-1091.32468j
2001-08-01 12:00:02.6812 PDT, -629.76468-1090.78442j
2001-08-01 12:00:02.6814 PDT, -629.45276-1090.24416j
2001-08-01 12:00:02.6816 PDT, -629.14084-1089.70390j
2001-08-01 12:00:02.6818 PDT, -628.82892-1089.16364j
2001-08-01 12:00:02.6820 PDT, -628.51700-1088.62338j
2001-08-01 12:00:02.6822 PDT, -628.20508-1088.08312j
2001-08-01 12:00:02.6824 PDT, -627.89316-1087.54286j
2001-08-01 12:00:02.6826 PDT, -627.58124-1087.00260j
2001-08-01 12:00:02.6828 PDT, -627.26932-1086.46234j
2001-08-01 12:00:02.6830 PDT, -626.95740-1085.92208j
2001-08-01 12:00:02.6832 PDT, -626.64548-1085.38182j
2001-08-01 12:00:02.6834 PDT, -626.33357-1084.84156j
2001-08-01 12:00:02.6836 PDT, -626.02165-1084.30130j
2001-08-01 12:00:02.6838 PDT, -625.70973-1083.76104j
2001-08-01 12:00:02.6840 PDT, -625.39781-1083.22078j
2001-08-01 12:00:02.6842 PDT, -625.08589-1082.68052j
2001-08-01 12:00:02.6844 PDT, -624.77397-1082.14026j
2001-08-01 12:00:02.6846 PDT, -624.46205-1081.60000j
2001-08-01 12:00:02.6848 PDT, -624.15013-1081.05974j
2001-08-01 12:00:02.6850 PDT, -623.83821-1080.51948j
2001-08-01 12:00:02.6852 PDT, -623.52629-1079.97922j
2001-08-01 12:00:02.6854 PDT, -623.21437-1079.43896j
2001-08-01 12:00:02.6856 PDT, -622.90246-1078.89870j
2001-08-01 12:00:02.6858 PDT, -622.59054-1078.35844j
2001-08-01 12:00:02.6860 PDT, -622.27862-1077.81818j
2001-08-01 12:00:02.6862 PDT, -621.96670-1077.27792j
2001-08-01 12:00:02.6864 PDT, -621.65478-1076.73766j
2001-08-01 12:00:02.6866 PDT, -621.34286-1076.19740j
2001-08-01 12:00:02.6868 PDT, -621.03094-1075.65714j
2001-08-01 12:00:02.6870 PDT, -620.71902-1075.11688j
2001-08-01 12:00:02.6872 PDT, -620.40710-1074.57662j
2001-08-01 12:00:02.6874 PDT, -620.09518-1074.03636j
2001-08-01 12:00:02.6876 PDT, -619.78326-1073.49610j
2001-08-01 12:00:02.6878 PDT, -619.47135-1072.95584j
2001-08-01 12:00:02.6880 PDT, -619.15943-1072.41558j
2001-08-01 12:00:02.6882 PDT, -618.84751-1071.87532j
2001-08-01 12:00:02.6884 PDT, -618.53559-1071.33506j
2001-08-01 12:00:02.6886 PDT, -618.22367-1070.79481j
2001-08-01 12:00:02.6888 PDT, -617.91175-1070.25455j
2001-08-01 12:00:02.6890 PDT, -617.59983-1069.71429j
2001-08-01 12:00:02.6892 PDT, -617.28791-1069.17403j
2001-08-01 12:00:02.6894 PDT, -616.97599-1068.63377j
2001-08-01 12:00:02.6896 PDT, -616.66407-1068.09351j
2001-08-01 12:00:02.6898 PDT, -616.35215-1067.55325j
2001-08-01 12:00:02.6900 PDT, -616.04024-1067.01299j
2001-08-01 12:00:02.6902 PDT, -615.72832-1066.47273j
2001-08-01 12:00:02.6904 PDT, -615.41640-1065.93247j
2001-08-01 12:00:02.6906 PDT, -615.10448-1065.39221j
2001-08-01 12:00:02.6908 PDT, -614.79256-1064.85195j
2001-08-01 12:00:02.6910 PDT, -614.48064-1064.31169j
2001-08-01 12:00:02.6912 PDT, -614.16872-1063.77143j
2001-08-01 12:00:02.6914 PDT, -613.85680-1063.23117j
2001-08-01 12:00:02.6916 PDT, -613.54488-1062.69091j
2001-08-01 12:00:02.6918 PDT, -613.23296-1062.15065j
2001-08-01 12:00:02.6920 PDT, -612.92104-1061.61039j
2001-08-01 12:00:02.6922 PDT, -612.60913-1061.07013j
2001-08-01 12:00:02.6924 PDT, -612.29721-1060.52987j
2001-08-01 12:00:02.6926 PDT, -611.98529-1059.98961j
2001-08-01 12:00:02.6928 PDT, -611.67337-1059.44935j
2001-08-01 12:00:02.6930 PDT, -611.36145-1058.90909j
2001-08-01 12:00:02.6932 PDT, -611.04953-1058.36883j
2001-08-01 12:00:02.6934 PDT, -610.73761-1057.82857j
2001-08-01 12:00:02.6936 PDT, -610.42569-1057.28831j
2001-08-01 12:00:02.6938 PDT, -610.11377-1056.74805j
2001-08-01 12:00:02.6940 PDT, -609.80185-1056.20779j
2001-08-01 12:00:02.6942 PDT, -609.48993-1055.66753j
2001-08-01 12:00:02.6944 PDT, -609.17801-1055.12727j
2001-08-01 12:00:02.6946 PDT, -608.86610-1054.58701j
2001-08-01 12:00:02.6948 PDT, -608.55418-1054.04675j
2001-08-01 12:00:02.6950 PDT, -608.24226-1053.50649j
2001-08-01 12:00:02.6952 PDT, -607.93034-1052.96623j
2001-08-01 12:00:02.6954 PDT, -607.61842-1052.42597j
2001-08-01 12:00:02.6956 PDT, -607.30650-1051.88571j
2001-08-01 12:00:02.6958 PDT, -606.99458-1051.34545j
2001-08-01 12:00:02.6960 PDT, -606.68266-1050.80519j
2001-08-01 12:00:02.6962 PDT, -606.37074-1050.26494j
2001-08-01 12:00:02.6964 PDT, -606.05882-1049.72468j
2001-08-01 12:00:02.6966 PDT, -605.74690-1049.18442j
2001-08-01 12:00:02.6968 PDT, -605.43499-1048.64416j
2001-08-01 12:00:02.6970 PDT, -605.12307-1048.10390j
2001-08-01 12:00:02.6972 PDT, -604.81115-1047.56364j
2001-08-01 12:00:02.6974 PDT, -604.49923-1047.02338j
2001-08-01 12:00:02.6976 PDT, -604.18731-1046.48312j
2001-08-01 12:00:02.6978 PDT, -603.87539-1045.94286j
2001-08-01 12:00:02.6980 PDT, -603.56347-1045.40260j
2001-08-01 12:00:02.6982 PDT, -603.25155-1044.86234j
2001-08-01 12:00:02.6984 PDT, -602.93963-1044.32208j
2001-08-01 12:00:02.6986 PDT, -602.62771-1043.78182j
2001-08-01 12:00:02.6988 PDT, -602.31579-1043.24156j
2001-08-01 12:00:02.6990 PDT, -602.00388-1042.70130j
2001-08-01 12:00:02.6992 PDT, -601.69196-1042.16104j
2001-08-01 12:00:02.6994 PDT, -601.38004-1041.62078j
2001-08-01 12:00:02.6996 PDT, -601.06812-1041.08052j
2001-08-01 12:00:02.6998 PDT, -600.75620-1040.54026j
2001-08-01 12:00:02.7000 PDT, -600.44428-1040.00000j
